Datetime,Open,High,Low,Close,Adj Close,Volume
2024-06-24T04:00:00-04:00,200.6,200.77,200.6,200.77,200.77,1183
2024-06-24T04:01:00-04:00,200.76,200.76,200.76,200.76,200.76,380
2024-06-24T04:02:00-04:00,200.75,200.75,200.75,200.75,200.75,306
2024-06-24T04:03:00-04:00,200.76,200.89,200.76,200.86,200.86,1092
2024-06-24T04:04:00-04:00,200.87,200.87,200.75,200.75,200.75,383
2024-06-24T04:05:00-04:00,200.72,200.72,200.72,200.72,200.72,1810
2024-06-24T04:06:00-04:00,200.79,200.79,200.76,200.79,200.79,1137
2024-06-24T04:07:00-04:00,200.84,200.86,200.84,200.86,200.86,390
2024-06-24T04:08:00-04:00,200.85,200.85,200.79,200.79,200.79,795
2024-06-24T04:09:00-04:00,200.87,200.87,200.87,200.87,200.87,148
2024-06-24T04:10:00-04:00,200.83,200.85,200.82,200.83,200.83,834
2024-06-24T04:12:00-04:00,200.74,200.74,200.74,200.74,200.74,124
2024-06-24T04:13:00-04:00,200.79,200.79,200.78,200.78,200.78,5608
2024-06-24T04:17:00-04:00,200.73,200.78,200.73,200.78,200.78,334
2024-06-24T04:18:00-04:00,200.73,200.73,200.73,200.73,200.73,178
2024-06-24T04:20:00-04:00,200.8,200.81,200.8,200.8,200.8,1045
2024-06-24T04:21:00-04:00,200.85,200.86,200.85,200.86,200.86,641
2024-06-24T04:25:00-04:00,200.89,200.89,200.88,200.88,200.88,309
2024-06-24T04:27:00-04:00,200.99,200.99,200.98,200.98,200.98,301
2024-06-24T04:28:00-04:00,200.99,201,200.97,201,201,950
2024-06-24T04:30:00-04:00,201.02,201.02,200.95,200.95,200.95,361
2024-06-24T04:33:00-04:00,200.97,200.97,200.97,200.97,200.97,202
2024-06-24T04:34:00-04:00,200.98,200.98,200.95,200.95,200.95,691
2024-06-24T04:36:00-04:00,200.9,200.9,200.9,200.9,200.9,250
2024-06-24T04:37:00-04:00,200.88,200.88,200.88,200.88,200.88,199
2024-06-24T04:38:00-04:00,200.93,200.93,200.93,200.93,200.93,191
2024-06-24T04:39:00-04:00,200.91,200.98,200.91,200.98,200.98,226
2024-06-24T04:43:00-04:00,201.02,201.02,201.02,201.02,201.02,310
2024-06-24T04:44:00-04:00,201.01,201.01,201.01,201.01,201.01,125
2024-06-24T04:48:00-04:00,201.04,201.04,201.04,201.04,201.04,290
2024-06-24T04:51:00-04:00,201,201,201,201,201,227
2024-06-24T04:58:00-04:00,201,201,201,201,201,163
2024-06-24T04:59:00-04:00,200.93,200.93,200.93,200.93,200.93,118
2024-06-24T05:04:00-04:00,200.98,200.98,200.98,200.98,200.98,200
2024-06-24T05:05:00-04:00,201.05,201.05,201.05,201.05,201.05,164
2024-06-24T05:07:00-04:00,201.09,201.09,201.09,201.09,201.09,1557
2024-06-24T05:11:00-04:00,201.07,201.07,201.07,201.07,201.07,250
2024-06-24T05:12:00-04:00,201,201,201,201,201,374
2024-06-24T05:15:00-04:00,200.97,200.97,200.96,200.97,200.97,273
2024-06-24T05:16:00-04:00,200.93,200.93,200.91,200.92,200.92,2014
2024-06-24T05:19:00-04:00,201,201,201,201,201,134
2024-06-24T05:23:00-04:00,201.03,201.03,201.03,201.03,201.03,268
2024-06-24T05:24:00-04:00,201.03,201.03,201.03,201.03,201.03,166
2024-06-24T05:25:00-04:00,201,201.02,200.99,200.99,200.99,3424
2024-06-24T05:26:00-04:00,200.98,200.98,200.98,200.98,200.98,220
2024-06-24T05:27:00-04:00,200.95,200.95,200.94,200.94,200.94,347
2024-06-24T05:29:00-04:00,201.01,201.01,201.01,201.01,201.01,2567
2024-06-24T05:30:00-04:00,200.98,201.01,200.91,200.92,200.92,1261
2024-06-24T05:31:00-04:00,200.95,200.95,200.95,200.95,200.95,269
2024-06-24T05:33:00-04:00,200.83,200.83,200.8,200.8,200.8,623
2024-06-24T05:34:00-04:00,200.81,200.81,200.81,200.81,200.81,118
2024-06-24T05:36:00-04:00,200.93,200.93,200.92,200.93,200.93,345
2024-06-24T05:37:00-04:00,200.91,200.91,200.91,200.91,200.91,300
2024-06-24T05:39:00-04:00,200.93,200.93,200.93,200.93,200.93,376
2024-06-24T05:40:00-04:00,200.91,200.91,200.91,200.91,200.91,157
2024-06-24T05:41:00-04:00,200.91,200.91,200.87,200.91,200.91,2429
2024-06-24T05:42:00-04:00,200.86,200.86,200.85,200.86,200.86,250
2024-06-24T05:43:00-04:00,200.89,200.89,200.89,200.89,200.89,512
2024-06-24T05:48:00-04:00,200.85,200.89,200.85,200.89,200.89,1307
2024-06-24T05:51:00-04:00,200.88,200.88,200.87,200.88,200.88,250
2024-06-24T05:52:00-04:00,200.89,200.91,200.89,200.91,200.91,466
2024-06-24T05:54:00-04:00,200.82,200.82,200.82,200.82,200.82,133
2024-06-24T05:55:00-04:00,200.86,200.86,200.86,200.86,200.86,249
2024-06-24T05:57:00-04:00,200.91,200.91,200.91,200.91,200.91,1040
2024-06-24T06:01:00-04:00,200.91,200.91,200.91,200.91,200.91,119
2024-06-24T06:02:00-04:00,200.89,200.89,200.89,200.89,200.89,100
2024-06-24T06:05:00-04:00,200.87,200.87,200.87,200.87,200.87,157
2024-06-24T06:07:00-04:00,200.89,200.89,200.89,200.89,200.89,321
2024-06-24T06:08:00-04:00,200.89,200.89,200.89,200.89,200.89,259
2024-06-24T06:13:00-04:00,200.87,200.87,200.87,200.87,200.87,299
2024-06-24T06:14:00-04:00,200.86,200.86,200.85,200.85,200.85,1007
2024-06-24T06:17:00-04:00,200.84,200.84,200.84,200.84,200.84,100
2024-06-24T06:21:00-04:00,200.8,200.8,200.75,200.75,200.75,693
2024-06-24T06:26:00-04:00,200.8,200.8,200.8,200.8,200.8,460
2024-06-24T06:27:00-04:00,200.79,200.79,200.78,200.78,200.78,500
2024-06-24T06:30:00-04:00,200.84,200.84,200.84,200.84,200.84,151
2024-06-24T06:31:00-04:00,200.87,200.87,200.87,200.87,200.87,165
2024-06-24T06:33:00-04:00,200.72,200.72,200.72,200.72,200.72,2000
2024-06-24T06:36:00-04:00,200.85,200.85,200.85,200.85,200.85,126
2024-06-24T06:39:00-04:00,200.81,200.81,200.77,200.77,200.77,237
2024-06-24T06:40:00-04:00,200.84,200.84,200.84,200.84,200.84,250
2024-06-24T06:41:00-04:00,200.83,200.83,200.82,200.83,200.83,231
2024-06-24T06:44:00-04:00,200.97,200.97,200.97,200.97,200.97,401
2024-06-24T06:45:00-04:00,200.99,200.99,200.99,200.99,200.99,178
2024-06-24T06:47:00-04:00,200.97,200.97,200.97,200.97,200.97,100
2024-06-24T06:48:00-04:00,201.01,201.01,201.01,201.01,201.01,169
2024-06-24T06:55:00-04:00,200.98,200.98,200.98,200.98,200.98,151
2024-06-24T06:56:00-04:00,200.97,200.97,200.97,200.97,200.97,100
2024-06-24T06:57:00-04:00,201.01,201.01,200.97,201.01,201.01,1144
2024-06-24T06:58:00-04:00,201.16,201.16,201.16,201.16,201.16,981
2024-06-24T06:59:00-04:00,201.2,201.2,201.15,201.15,201.15,689
2024-06-24T07:00:00-04:00,201.04,201.13,201.03,201.03,201.03,1108
2024-06-24T07:01:00-04:00,201.03,201.03,201.03,201.03,201.03,711
2024-06-24T07:02:00-04:00,201.08,201.09,201.08,201.09,201.09,464
2024-06-24T07:04:00-04:00,201.04,201.04,201.01,201.04,201.04,870
2024-06-24T07:05:00-04:00,201.04,201.08,201.03,201.08,201.08,1201
2024-06-24T07:06:00-04:00,201.07,201.11,201.03,201.1,201.1,20126
2024-06-24T07:07:00-04:00,201.06,201.06,201.03,201.03,201.03,271
2024-06-24T07:08:00-04:00,201.02,201.02,201.01,201.01,201.01,1452
2024-06-24T07:09:00-04:00,201.01,201.01,201,201,201,999
2024-06-24T07:10:00-04:00,201.04,201.04,201,201,201,1572
2024-06-24T07:11:00-04:00,200.96,201.06,200.96,201.06,201.06,1019
2024-06-24T07:14:00-04:00,201.06,201.09,201.06,201.09,201.09,1194
2024-06-24T07:15:00-04:00,201.12,201.12,201.1,201.1,201.1,3334
2024-06-24T07:16:00-04:00,201.05,201.05,201.01,201.01,201.01,737
2024-06-24T07:17:00-04:00,201.02,201.05,201.02,201.05,201.05,2321
2024-06-24T07:18:00-04:00,200.96,200.96,200.96,200.96,200.96,846
2024-06-24T07:19:00-04:00,201.01,201.01,200.95,200.95,200.95,863
2024-06-24T07:24:00-04:00,200.88,200.89,200.88,200.89,200.89,618
2024-06-24T07:25:00-04:00,200.86,200.86,200.86,200.86,200.86,895
2024-06-24T07:26:00-04:00,200.86,200.9,200.81,200.9,200.9,870
2024-06-24T07:29:00-04:00,200.82,200.82,200.82,200.82,200.82,349
2024-06-24T07:31:00-04:00,200.97,200.97,200.97,200.97,200.97,158
2024-06-24T07:33:00-04:00,200.86,200.86,200.86,200.86,200.86,726
2024-06-24T07:34:00-04:00,200.91,200.91,200.91,200.91,200.91,303
2024-06-24T07:35:00-04:00,200.9,200.9,200.9,200.9,200.9,233
2024-06-24T07:36:00-04:00,200.94,200.94,200.88,200.88,200.88,345
2024-06-24T07:37:00-04:00,200.92,200.92,200.92,200.92,200.92,312
2024-06-24T07:38:00-04:00,200.96,201.02,200.96,201,201,1477
2024-06-24T07:39:00-04:00,201,201,200.98,200.98,200.98,2724
2024-06-24T07:41:00-04:00,201.02,201.03,201.01,201.03,201.03,617
2024-06-24T07:42:00-04:00,201.03,201.03,201.03,201.03,201.03,1002
2024-06-24T07:43:00-04:00,201.04,201.04,201.01,201.01,201.01,1187
2024-06-24T07:45:00-04:00,201.11,201.11,201.11,201.11,201.11,492
2024-06-24T07:46:00-04:00,201.08,201.08,201.08,201.08,201.08,2588
2024-06-24T07:50:00-04:00,201,201.02,200.97,201.02,201.02,1063
2024-06-24T07:51:00-04:00,201.03,201.03,201.03,201.03,201.03,2041
2024-06-24T07:54:00-04:00,200.96,200.96,200.9,200.9,200.9,1160
2024-06-24T07:55:00-04:00,200.94,200.94,200.94,200.94,200.94,461
2024-06-24T07:57:00-04:00,200.94,200.94,200.94,200.94,200.94,216
2024-06-24T07:59:00-04:00,201,201,200.94,200.94,200.94,798
2024-06-24T08:00:00-04:00,200.98,201.1,200.86,201.02,201.02,7544
2024-06-24T08:01:00-04:00,200.05,200.9,199.86,200.24,200.24,3518
2024-06-24T08:02:00-04:00,200.79,200.79,199.93,200.79,200.79,3399
2024-06-24T08:03:00-04:00,200.77,200.8,200.77,200.8,200.8,894
2024-06-24T08:04:00-04:00,200.81,200.82,200.81,200.82,200.82,520
2024-06-24T08:05:00-04:00,200.72,200.72,200.72,200.72,200.72,393
2024-06-24T08:06:00-04:00,200.82,200.82,200.81,200.81,200.81,600
2024-06-24T08:07:00-04:00,200.86,200.86,200.83,200.83,200.83,358
2024-06-24T08:08:00-04:00,200.86,200.86,200.85,200.85,200.85,2711
2024-06-24T08:10:00-04:00,200.8,200.8,200.8,200.8,200.8,185
2024-06-24T08:12:00-04:00,200.81,200.81,200.8,200.8,200.8,751
2024-06-24T08:15:00-04:00,200.78,200.78,200.7,200.7,200.7,651
2024-06-24T08:16:00-04:00,200.75,200.75,200.7488,200.7488,200.7488,330
2024-06-24T08:17:00-04:00,200.76,200.76,200.76,200.76,200.76,329
2024-06-24T08:20:00-04:00,200.75,200.75,200.75,200.75,200.75,388
2024-06-24T08:21:00-04:00,200.79,200.79,200.79,200.79,200.79,2014
2024-06-24T08:24:00-04:00,200.88,200.95,200.88,200.95,200.95,513
2024-06-24T08:25:00-04:00,200.97,200.97,200.97,200.97,200.97,275
2024-06-24T08:26:00-04:00,200.99,201.05,200.99,201.05,201.05,1174
2024-06-24T08:27:00-04:00,201.12,201.12,201.05,201.05,201.05,642
2024-06-24T08:28:00-04:00,201.03,201.05,201.02,201.02,201.02,1875
2024-06-24T08:29:00-04:00,201.02,201.02,200.99,200.99,200.99,411
2024-06-24T08:30:00-04:00,200.9796,200.9796,200.96,200.96,200.96,3666
2024-06-24T08:31:00-04:00,200.91,200.91,200.91,200.91,200.91,218
2024-06-24T08:32:00-04:00,200.94,200.94,200.86,200.87,200.87,1038
2024-06-24T08:33:00-04:00,200.87,200.87,200.83,200.83,200.83,499
2024-06-24T08:35:00-04:00,200.8,200.8,200.8,200.8,200.8,233
2024-06-24T08:36:00-04:00,200.76,200.76,200.7,200.71,200.71,1123
2024-06-24T08:37:00-04:00,200.71,200.74,200.7,200.74,200.74,1804
2024-06-24T08:38:00-04:00,200.74,200.74,200.74,200.74,200.74,726
2024-06-24T08:39:00-04:00,200.73,200.73,200.65,200.65,200.65,779
2024-06-24T08:40:00-04:00,200.67,200.67,200.64,200.64,200.64,1453
2024-06-24T08:41:00-04:00,200.65,200.73,200.65,200.73,200.73,433
2024-06-24T08:42:00-04:00,200.73,200.76,200.73,200.76,200.76,2700
2024-06-24T08:43:00-04:00,200.77,200.77,200.75,200.75,200.75,470
2024-06-24T08:44:00-04:00,200.75,200.75,200.73,200.73,200.73,671
2024-06-24T08:45:00-04:00,200.75,200.81,200.75,200.81,200.81,556
2024-06-24T08:46:00-04:00,200.79,200.79,200.79,200.79,200.79,464
2024-06-24T08:47:00-04:00,200.78,200.78,200.78,200.78,200.78,430
2024-06-24T08:49:00-04:00,200.73,200.73,200.73,200.73,200.73,585
2024-06-24T08:50:00-04:00,200.7,200.7,200.69,200.69,200.69,796
2024-06-24T08:51:00-04:00,200.69,200.71,200.67,200.71,200.71,659
2024-06-24T08:52:00-04:00,200.71,200.71,200.71,200.71,200.71,405
2024-06-24T08:53:00-04:00,200.65,200.65,200.64,200.64,200.64,581
2024-06-24T08:54:00-04:00,200.76,200.76,200.72,200.72,200.72,384
2024-06-24T08:56:00-04:00,200.72,200.73,200.72,200.73,200.73,530
2024-06-24T08:57:00-04:00,200.72,200.72,200.68,200.68,200.68,416
2024-06-24T08:58:00-04:00,200.7,200.72,200.65,200.65,200.65,732
2024-06-24T08:59:00-04:00,200.69,200.69,200.64,200.69,200.69,917
2024-06-24T09:00:00-04:00,200.69,200.69,200.64,200.64,200.64,1027
2024-06-24T09:01:00-04:00,200.68,200.68,200.67,200.67,200.67,798
2024-06-24T09:02:00-04:00,200.72,200.72,200.72,200.72,200.72,465
2024-06-24T09:03:00-04:00,200.67,200.67,200.67,200.67,200.67,300
2024-06-24T09:04:00-04:00,200.68,200.68,200.67,200.67,200.67,809
2024-06-24T09:05:00-04:00,200.68,200.69,200.68,200.69,200.69,425
2024-06-24T09:06:00-04:00,200.7,200.7,200.64,200.64,200.64,1215
2024-06-24T09:07:00-04:00,200.64,200.64,200.59,200.59,200.59,2953
2024-06-24T09:09:00-04:00,200.58,200.61,200.57,200.6001,200.6001,1455
2024-06-24T09:10:00-04:00,200.59,200.59,200.55,200.58,200.58,3695
2024-06-24T09:11:00-04:00,200.56,200.57,200.51,200.52,200.52,5778
2024-06-24T09:12:00-04:00,200.46,200.46,200.45,200.45,200.45,936
2024-06-24T09:14:00-04:00,200.43,200.44,200.42,200.43,200.43,1545
2024-06-24T09:15:00-04:00,200.42,200.42,200.39,200.39,200.39,3134
2024-06-24T09:16:00-04:00,200.4,200.42,200.39,200.4,200.4,2156
2024-06-24T09:17:00-04:00,200.38,200.47,200.38,200.47,200.47,2461
2024-06-24T09:18:00-04:00,200.48,200.52,200.48,200.48,200.48,3788
2024-06-24T09:19:00-04:00,200.48,200.52,200.48,200.52,200.52,10454
2024-06-24T09:20:00-04:00,200.53,200.53,200.48,200.48,200.48,2361
2024-06-24T09:21:00-04:00,200.5,200.6,200.5,200.6,200.6,3870
2024-06-24T09:23:00-04:00,200.54,200.54,200.54,200.54,200.54,921
2024-06-24T09:24:00-04:00,200.55,200.55,200.53,200.53,200.53,1227
2024-06-24T09:25:00-04:00,200.55,200.61,200.55,200.61,200.61,25177
2024-06-24T09:26:00-04:00,200.56,200.66,200.56,200.66,200.66,3394
2024-06-24T09:27:00-04:00,200.68,200.72,200.65,200.65,200.65,4891
2024-06-24T09:28:00-04:00,200.63,200.71,200.63,200.71,200.71,5473
2024-06-24T09:29:00-04:00,200.71,200.79,200.69,200.69,200.69,21013
2024-06-24T09:30:00-04:00,200.69,201.2,200.66,201.12,201.12,249699
2024-06-24T09:31:00-04:00,201.15,201.24,200.8899,200.89,200.89,89178
2024-06-24T09:32:00-04:00,200.9,200.91,200.53,200.89,200.89,152817
2024-06-24T09:33:00-04:00,200.86,200.93,200.56,200.65,200.65,61083
2024-06-24T09:34:00-04:00,200.65,200.7,200.55,200.6099,200.6099,50983
2024-06-24T09:35:00-04:00,200.6,200.9,200.59,200.87,200.87,58164
2024-06-24T09:36:00-04:00,200.88,200.98,200.87,200.93,200.93,56593
2024-06-24T09:37:00-04:00,200.923,201.02,200.8,200.88,200.88,50275
2024-06-24T09:38:00-04:00,200.9,201.08,200.84,201.08,201.08,75392
2024-06-24T09:39:00-04:00,201.1,201.33,201.0988,201.31,201.31,67779
2024-06-24T09:40:00-04:00,201.32,201.44,201.26,201.415,201.415,62078
2024-06-24T09:41:00-04:00,201.41,201.46,201.33,201.4,201.4,191734
2024-06-24T09:42:00-04:00,201.41,201.45,201.23,201.24,201.24,145437
2024-06-24T09:43:00-04:00,201.242,201.29,201.01,201.03,201.03,138267
2024-06-24T09:44:00-04:00,201.0499,201.0499,200.96,201,201,63198
2024-06-24T09:45:00-04:00,201,201,200.86,200.92,200.92,148306
2024-06-24T09:46:00-04:00,200.939,201.145,200.9,201.1,201.1,105120
2024-06-24T09:47:00-04:00,201.1,201.355,201.09,201.18,201.18,58954
2024-06-24T09:48:00-04:00,201.17,201.56,201.11,201.55,201.55,66180
2024-06-24T09:49:00-04:00,201.56,201.63,201.47,201.63,201.63,91288
2024-06-24T09:50:00-04:00,201.64,201.78,201.64,201.77,201.77,83482
2024-06-24T09:51:00-04:00,201.76,201.89,201.68,201.87,201.87,80454
2024-06-24T09:52:00-04:00,201.865,201.91,201.709,201.91,201.91,175002
2024-06-24T09:53:00-04:00,201.92,202.21,201.92,202.14,202.14,106976
2024-06-24T09:54:00-04:00,202.14,202.195,202.06,202.17,202.17,89119
2024-06-24T09:55:00-04:00,202.17,202.25,202.06,202.14,202.14,102676
2024-06-24T09:56:00-04:00,202.15,202.185,202.05,202.16,202.16,65726
2024-06-24T09:57:00-04:00,202.17,202.33,202.15,202.32,202.32,89286
2024-06-24T09:58:00-04:00,202.32,202.47,202.21,202.45,202.45,74590
2024-06-24T09:59:00-04:00,202.46,202.465,202.27,202.28,202.28,61981
2024-06-24T10:00:00-04:00,202.27,202.37,202.23,202.29,202.29,70739
2024-06-24T10:01:00-04:00,202.3,202.4,202.11,202.16,202.16,62113
2024-06-24T10:02:00-04:00,202.16,202.24,201.92,202.0199,202.0199,79872
2024-06-24T10:03:00-04:00,201.94,201.98,201.84,201.86,201.86,65439
2024-06-24T10:04:00-04:00,201.89,202.12,201.89,202.035,202.035,101067
2024-06-24T10:05:00-04:00,202.03,202.115,201.905,202.01,202.01,38976
2024-06-24T10:06:00-04:00,202.01,202.16,202.01,202.07,202.07,32672
2024-06-24T10:07:00-04:00,202.07,202.18,201.97,202.05,202.05,54925
2024-06-24T10:08:00-04:00,202.06,202.21,201.95,202.195,202.195,48008
2024-06-24T10:09:00-04:00,202.19,202.29,202.19,202.276,202.276,56566
2024-06-24T10:10:00-04:00,202.265,202.265,202.09,202.09,202.09,32379
2024-06-24T10:11:00-04:00,202.09,202.11,202.01,202.085,202.085,23482
2024-06-24T10:12:00-04:00,202.07,202.18,202.01,202.165,202.165,101852
2024-06-24T10:13:00-04:00,202.17,202.25,202.11,202.2,202.2,63697
2024-06-24T10:14:00-04:00,202.205,202.3501,202.18,202.31,202.31,109404
2024-06-24T10:15:00-04:00,202.31,202.34,202.17,202.17,202.17,28972
2024-06-24T10:16:00-04:00,202.17,202.19,202.08,202.1,202.1,56609
2024-06-24T10:17:00-04:00,202.1,202.14,201.955,202.1301,202.1301,45200
2024-06-24T10:18:00-04:00,202.13,202.2,202.1,202.11,202.11,17718
2024-06-24T10:19:00-04:00,202.12,202.178,202.07,202.13,202.13,74500
2024-06-24T10:20:00-04:00,202.14,202.26,202.13,202.2,202.2,43267
2024-06-24T10:21:00-04:00,202.22,202.26,202.07,202.14,202.14,41398
2024-06-24T10:22:00-04:00,202.13,202.26,202.11,202.22,202.22,33626
2024-06-24T10:23:00-04:00,202.2188,202.29,202.17,202.26,202.26,40214
2024-06-24T10:24:00-04:00,202.25,202.29,202.15,202.175,202.175,27838
2024-06-24T10:25:00-04:00,202.175,202.22,202.095,202.11,202.11,24108
2024-06-24T10:26:00-04:00,202.13,202.14,201.93,201.95,201.95,41553
2024-06-24T10:27:00-04:00,201.95,202,201.87,201.91,201.91,63993
2024-06-24T10:28:00-04:00,201.9,201.9,201.6887,201.6887,201.6887,66843
2024-06-24T10:29:00-04:00,201.69,201.71,201.515,201.55,201.55,56819
2024-06-24T10:30:00-04:00,201.56,201.89,201.55,201.89,201.89,182254
2024-06-24T10:31:00-04:00,201.88,201.95,201.74,201.7788,201.7788,39041
2024-06-24T10:32:00-04:00,201.875,201.88,201.76,201.85,201.85,39134
2024-06-24T10:33:00-04:00,201.86,201.91,201.82,201.835,201.835,26420
2024-06-24T10:34:00-04:00,201.83,201.89,201.72,201.835,201.835,42507
2024-06-24T10:35:00-04:00,201.83,201.91,201.77,201.91,201.91,26804
2024-06-24T10:36:00-04:00,201.915,202,201.89,201.97,201.97,31187
2024-06-24T10:37:00-04:00,201.94,202.085,201.92,202.04,202.04,75973
2024-06-24T10:38:00-04:00,202.04,202.19,202.03,202.17,202.17,80649
2024-06-24T10:39:00-04:00,202.155,202.34,202.12,202.32,202.32,100042
2024-06-24T10:40:00-04:00,202.31,202.31,202.1,202.14,202.14,34851
2024-06-24T10:41:00-04:00,202.15,202.24,202.135,202.22,202.22,29367
2024-06-24T10:42:00-04:00,202.21,202.21,202.13,202.175,202.175,43510
2024-06-24T10:43:00-04:00,202.175,202.21,202.08,202.205,202.205,77752
2024-06-24T10:44:00-04:00,202.215,202.26,202.18,202.25,202.25,48336
2024-06-24T10:45:00-04:00,202.245,202.36,202.24,202.275,202.275,80889
2024-06-24T10:46:00-04:00,202.26,202.27,202.175,202.23,202.23,49159
2024-06-24T10:47:00-04:00,202.245,202.32,202.175,202.31,202.31,19629
2024-06-24T10:48:00-04:00,202.32,202.335,202.26,202.31,202.31,54854
2024-06-24T10:49:00-04:00,202.31,202.38,202.1787,202.1787,202.1787,87140
2024-06-24T10:50:00-04:00,202.16,202.1695,202.0687,202.1001,202.1001,28281
2024-06-24T10:51:00-04:00,202.12,202.2,202.12,202.12,202.12,13188
2024-06-24T10:52:00-04:00,202.11,202.19,202.09,202.14,202.14,71082
2024-06-24T10:53:00-04:00,202.1,202.19,202.06,202.185,202.185,22197
2024-06-24T10:54:00-04:00,202.18,202.2196,202.14,202.18,202.18,21803
2024-06-24T10:55:00-04:00,202.17,202.245,202.11,202.23,202.23,48784
2024-06-24T10:56:00-04:00,202.237,202.37,202.22,202.37,202.37,47256
2024-06-24T10:57:00-04:00,202.37,202.53,202.37,202.45,202.45,135703
2024-06-24T10:58:00-04:00,202.46,202.54,202.37,202.495,202.495,130108
2024-06-24T10:59:00-04:00,202.51,202.58,202.47,202.57,202.57,249284
2024-06-24T11:00:00-04:00,202.565,202.605,202.44,202.49,202.49,126873
2024-06-24T11:01:00-04:00,202.48,202.52,202.375,202.495,202.495,60073
2024-06-24T11:02:00-04:00,202.5,202.53,202.475,202.495,202.495,31302
2024-06-24T11:03:00-04:00,202.5,202.51,202.455,202.48,202.48,69828
2024-06-24T11:04:00-04:00,202.49,202.53,202.455,202.47,202.47,83521
2024-06-24T11:05:00-04:00,202.465,202.475,202.385,202.42,202.42,59151
2024-06-24T11:06:00-04:00,202.4201,202.46,202.385,202.42,202.42,75940
2024-06-24T11:07:00-04:00,202.42,202.44,202.38,202.385,202.385,51658
2024-06-24T11:08:00-04:00,202.385,202.4183,202.37,202.385,202.385,58472
2024-06-24T11:09:00-04:00,202.39,202.42,202.35,202.41,202.41,45571
2024-06-24T11:10:00-04:00,202.41,202.45,202.37,202.42,202.42,39848
2024-06-24T11:11:00-04:00,202.44,202.48,202.405,202.405,202.405,69817
2024-06-24T11:12:00-04:00,202.41,202.46,202.41,202.445,202.445,40466
2024-06-24T11:13:00-04:00,202.44,202.44,202.39,202.415,202.415,66027
2024-06-24T11:14:00-04:00,202.415,202.47,202.395,202.405,202.405,51634
2024-06-24T11:15:00-04:00,202.415,202.42,202.36,202.405,202.405,40408
2024-06-24T11:16:00-04:00,202.41,202.45,202.385,202.42,202.42,61408
2024-06-24T11:17:00-04:00,202.42,202.58,202.401,202.575,202.575,222157
2024-06-24T11:18:00-04:00,202.5721,202.68,202.5721,202.635,202.635,142794
2024-06-24T11:19:00-04:00,202.635,202.67,202.625,202.635,202.635,68499
2024-06-24T11:20:00-04:00,202.645,202.65,202.5,202.505,202.505,26626
2024-06-24T11:21:00-04:00,202.505,202.55,202.49,202.55,202.55,39450
2024-06-24T11:22:00-04:00,202.54,202.555,202.44,202.45,202.45,56637
2024-06-24T11:23:00-04:00,202.45,202.53,202.45,202.515,202.515,66099
2024-06-24T11:24:00-04:00,202.515,202.57,202.455,202.46,202.46,49125
2024-06-24T11:25:00-04:00,202.455,202.47,202.42,202.42,202.42,64022
2024-06-24T11:26:00-04:00,202.435,202.465,202.38,202.45,202.45,83189
2024-06-24T11:27:00-04:00,202.445,202.5,202.44,202.495,202.495,56793
2024-06-24T11:28:00-04:00,202.49,202.67,202.49,202.665,202.665,77433
2024-06-24T11:29:00-04:00,202.6601,202.67,202.6101,202.6101,202.6101,79907
2024-06-24T11:30:00-04:00,202.635,202.6599,202.61,202.62,202.62,48802
2024-06-24T11:31:00-04:00,202.62,202.67,202.595,202.64,202.64,18473
2024-06-24T11:32:00-04:00,202.64,202.69,202.55,202.55,202.55,23275
2024-06-24T11:33:00-04:00,202.551,202.575,202.51,202.575,202.575,21047
2024-06-24T11:34:00-04:00,202.57,202.5893,202.4699,202.48,202.48,23625
2024-06-24T11:35:00-04:00,202.48,202.515,202.43,202.5,202.5,45911
2024-06-24T11:36:00-04:00,202.51,202.5401,202.46,202.48,202.48,28804
2024-06-24T11:37:00-04:00,202.4798,202.495,202.4,202.4,202.4,38973
2024-06-24T11:38:00-04:00,202.4,202.41,202.36,202.37,202.37,19351
2024-06-24T11:39:00-04:00,202.37,202.4,202.35,202.375,202.375,18891
2024-06-24T11:40:00-04:00,202.37,202.37,202.295,202.295,202.295,17969
2024-06-24T11:41:00-04:00,202.285,202.285,202.21,202.23,202.23,287279
2024-06-24T11:42:00-04:00,202.225,202.26,202.175,202.26,202.26,52459
2024-06-24T11:43:00-04:00,202.27,202.285,202.165,202.2,202.2,52340
2024-06-24T11:44:00-04:00,202.2,202.2,202.09,202.09,202.09,36043
2024-06-24T11:45:00-04:00,202.09,202.11,202.075,202.09,202.09,17682
2024-06-24T11:46:00-04:00,202.1,202.1,202.0313,202.095,202.095,32776
2024-06-24T11:47:00-04:00,202.09,202.1,202.03,202.0381,202.0381,44458
2024-06-24T11:48:00-04:00,202.035,202.035,201.94,201.95,201.95,25114
2024-06-24T11:49:00-04:00,201.95,201.965,201.93,201.96,201.96,14449
2024-06-24T11:50:00-04:00,201.96,201.965,201.91,201.925,201.925,23023
2024-06-24T11:51:00-04:00,201.9216,201.95,201.88,201.89,201.89,32036
2024-06-24T11:52:00-04:00,201.9,201.9539,201.9,201.92,201.92,15645
2024-06-24T11:53:00-04:00,201.91,202.06,201.885,202.0299,202.0299,107895
2024-06-24T11:54:00-04:00,202.03,202.07,202,202.01,202.01,45680
2024-06-24T11:55:00-04:00,202,202.015,201.88,201.975,201.975,21457
2024-06-24T11:56:00-04:00,201.971,202.02,201.96,201.9911,201.9911,42892
2024-06-24T11:57:00-04:00,201.99,202.08,201.99,202.04,202.04,19794
2024-06-24T11:58:00-04:00,202.05,202.13,202.05,202.1166,202.1166,47126
2024-06-24T11:59:00-04:00,202.115,202.15,202.09,202.1095,202.1095,9161
2024-06-24T12:00:00-04:00,202.1,202.1,202.04,202.05,202.05,146618
2024-06-24T12:01:00-04:00,202.05,202.05,201.99,202.02,202.02,38488
2024-06-24T12:02:00-04:00,202.01,202.08,201.99,202.07,202.07,10410
2024-06-24T12:03:00-04:00,202.06,202.14,202.0599,202.105,202.105,40723
2024-06-24T12:04:00-04:00,202.1,202.1,202.02,202.02,202.02,8837
2024-06-24T12:05:00-04:00,202.025,202.04,202,202.0308,202.0308,32715
2024-06-24T12:06:00-04:00,202.03,202.03,201.95,201.98,201.98,43251
2024-06-24T12:07:00-04:00,201.97,201.985,201.95,201.95,201.95,12703
2024-06-24T12:08:00-04:00,201.94,201.98,201.9,201.9709,201.9709,45704
2024-06-24T12:09:00-04:00,201.98,201.995,201.95,201.95,201.95,11192
2024-06-24T12:10:00-04:00,201.94,201.95,201.915,201.945,201.945,16764
2024-06-24T12:11:00-04:00,201.95,201.96,201.91,201.91,201.91,16623
2024-06-24T12:12:00-04:00,201.91,201.95,201.87,201.8701,201.8701,10866
2024-06-24T12:13:00-04:00,201.87,201.9,201.86,201.895,201.895,9499
2024-06-24T12:14:00-04:00,201.88,201.8977,201.845,201.87,201.87,16665
2024-06-24T12:15:00-04:00,201.87,201.925,201.87,201.9088,201.9088,22847
2024-06-24T12:16:00-04:00,201.91,201.925,201.83,201.875,201.875,22734
2024-06-24T12:17:00-04:00,201.88,201.985,201.88,201.97,201.97,32882
2024-06-24T12:18:00-04:00,201.9796,202.06,201.9796,202.04,202.04,194720
2024-06-24T12:19:00-04:00,202.0399,202.0399,201.99,202.03,202.03,15951
2024-06-24T12:20:00-04:00,202.02,202.02,201.99,202,202,19476
2024-06-24T12:21:00-04:00,201.995,202,201.905,201.92,201.92,27582
2024-06-24T12:22:00-04:00,201.92,201.955,201.92,201.92,201.92,8906
2024-06-24T12:23:00-04:00,201.93,202.02,201.92,202.01,202.01,10397
2024-06-24T12:24:00-04:00,202.01,202.015,201.951,201.96,201.96,12295
2024-06-24T12:25:00-04:00,201.97,201.99,201.96,201.98,201.98,8546
2024-06-24T12:26:00-04:00,201.98,201.98,201.94,201.9497,201.9497,14316
2024-06-24T12:27:00-04:00,201.945,201.975,201.93,201.93,201.93,40735
2024-06-24T12:28:00-04:00,201.93,201.99,201.92,201.985,201.985,34102
2024-06-24T12:29:00-04:00,201.985,201.985,201.96,201.98,201.98,15542
2024-06-24T12:30:00-04:00,201.98,202.01,201.95,201.9899,201.9899,14278
2024-06-24T12:31:00-04:00,201.98,201.98,201.94,201.96,201.96,17012
2024-06-24T12:32:00-04:00,201.96,201.98,201.96,201.98,201.98,7193
2024-06-24T12:33:00-04:00,201.975,201.975,201.88,201.89,201.89,22770
2024-06-24T12:34:00-04:00,201.89,201.9136,201.89,201.89,201.89,20708
2024-06-24T12:35:00-04:00,201.89,201.929,201.88,201.9178,201.9178,13600
2024-06-24T12:36:00-04:00,201.92,201.93,201.9,201.92,201.92,17758
2024-06-24T12:37:00-04:00,201.915,201.915,201.87,201.87,201.87,4096
2024-06-24T12:38:00-04:00,201.8697,201.875,201.85,201.875,201.875,39974
2024-06-24T12:39:00-04:00,201.865,201.875,201.86,201.87,201.87,6941
2024-06-24T12:40:00-04:00,201.865,201.91,201.865,201.88,201.88,22694
2024-06-24T12:41:00-04:00,201.88,201.88,201.77,201.785,201.785,76623
2024-06-24T12:42:00-04:00,201.78,201.785,201.695,201.73,201.73,73259
2024-06-24T12:43:00-04:00,201.72,201.795,201.7,201.78,201.78,65813
2024-06-24T12:44:00-04:00,201.77,201.775,201.72,201.755,201.755,25528
2024-06-24T12:45:00-04:00,201.755,201.83,201.745,201.83,201.83,26231
2024-06-24T12:46:00-04:00,201.8201,201.8201,201.7299,201.7599,201.7599,82977
2024-06-24T12:47:00-04:00,201.755,201.79,201.74,201.74,201.74,297001
2024-06-24T12:48:00-04:00,201.74,201.77,201.74,201.76,201.76,143461
2024-06-24T12:49:00-04:00,201.77,201.81,201.745,201.75,201.75,154721
2024-06-24T12:50:00-04:00,201.75,201.75,201.7,201.73,201.73,10045
2024-06-24T12:51:00-04:00,201.73,201.7351,201.71,201.71,201.71,362010
2024-06-24T12:52:00-04:00,201.71,201.76,201.64,201.65,201.65,25130
2024-06-24T12:53:00-04:00,201.65,201.69,201.58,201.59,201.59,149809
2024-06-24T12:54:00-04:00,201.6,201.6199,201.56,201.58,201.58,14645
2024-06-24T12:55:00-04:00,201.57,201.63,201.57,201.62,201.62,25269
2024-06-24T12:56:00-04:00,201.61,201.62,201.57,201.58,201.58,21788
2024-06-24T12:57:00-04:00,201.57,201.6,201.565,201.565,201.565,19352
2024-06-24T12:58:00-04:00,201.57,201.57,201.4,201.42,201.42,91860
2024-06-24T12:59:00-04:00,201.4,201.53,201.39,201.52,201.52,25564
2024-06-24T13:00:00-04:00,201.52,201.5817,201.48,201.57,201.57,91831
2024-06-24T13:01:00-04:00,201.5701,201.5701,201.55,201.56,201.56,15949
2024-06-24T13:02:00-04:00,201.56,201.57,201.47,201.49,201.49,13248
2024-06-24T13:03:00-04:00,201.49,201.63,201.49,201.63,201.63,16179
2024-06-24T13:04:00-04:00,201.64,201.645,201.5888,201.61,201.61,14919
2024-06-24T13:05:00-04:00,201.61,201.61,201.56,201.56,201.56,10826
2024-06-24T13:06:00-04:00,201.57,201.5727,201.51,201.51,201.51,144408
2024-06-24T13:07:00-04:00,201.5,201.5,201.43,201.47,201.47,30388
2024-06-24T13:08:00-04:00,201.47,201.47,201.25,201.26,201.26,109513
2024-06-24T13:09:00-04:00,201.26,201.31,201.21,201.31,201.31,87243
2024-06-24T13:10:00-04:00,201.31,201.335,201.26,201.3,201.3,19054
2024-06-24T13:11:00-04:00,201.28,201.375,201.26,201.33,201.33,66722
2024-06-24T13:12:00-04:00,201.3199,201.3199,201.2,201.3194,201.3194,21822
2024-06-24T13:13:00-04:00,201.33,201.3456,201.24,201.2578,201.2578,22753
2024-06-24T13:14:00-04:00,201.255,201.3,201.255,201.28,201.28,20621
2024-06-24T13:15:00-04:00,201.26,201.33,201.215,201.33,201.33,20364
2024-06-24T13:16:00-04:00,201.34,201.395,201.3399,201.3399,201.3399,15682
2024-06-24T13:17:00-04:00,201.335,201.365,201.32,201.36,201.36,19140
2024-06-24T13:18:00-04:00,201.35,201.35,201.28,201.315,201.315,10673
2024-06-24T13:19:00-04:00,201.31,201.33,201.281,201.281,201.281,9835
2024-06-24T13:20:00-04:00,201.28,201.31,201.25,201.29,201.29,21539
2024-06-24T13:21:00-04:00,201.285,201.33,201.28,201.33,201.33,26504
2024-06-24T13:22:00-04:00,201.32,201.32,201.22,201.24,201.24,13446
2024-06-24T13:23:00-04:00,201.24,201.26,201.18,201.26,201.26,20923
2024-06-24T13:24:00-04:00,201.26,201.26,201.19,201.215,201.215,34527
2024-06-24T13:25:00-04:00,201.215,201.29,201.2,201.2899,201.2899,19492
2024-06-24T13:26:00-04:00,201.29,201.33,201.2799,201.31,201.31,25391
2024-06-24T13:27:00-04:00,201.32,202.075,201.32,201.35,201.35,13410
2024-06-24T13:28:00-04:00,201.35,201.39,201.32,201.33,201.33,14690
2024-06-24T13:29:00-04:00,201.33,201.35,201.28,201.33,201.33,18230
2024-06-24T13:30:00-04:00,201.33,201.3421,201.28,201.32,201.32,8702
2024-06-24T13:31:00-04:00,201.315,201.38,201.315,201.345,201.345,83096
2024-06-24T13:32:00-04:00,201.3409,201.36,201.26,201.31,201.31,43631
2024-06-24T13:33:00-04:00,201.3,201.3,201.14,201.16,201.16,45447
2024-06-24T13:34:00-04:00,201.17,201.18,201.06,201.065,201.065,69291
2024-06-24T13:35:00-04:00,201.08,201.21,201.08,201.205,201.205,27873
2024-06-24T13:36:00-04:00,201.205,201.32,201.205,201.31,201.31,20452
2024-06-24T13:37:00-04:00,201.31,201.4575,201.295,201.4575,201.4575,24679
2024-06-24T13:38:00-04:00,201.46,201.49,201.415,201.47,201.47,40457
2024-06-24T13:39:00-04:00,201.47,201.56,201.47,201.535,201.535,88241
2024-06-24T13:40:00-04:00,201.53,201.56,201.47,201.49,201.49,47506
2024-06-24T13:41:00-04:00,201.47,201.52,201.44,201.5,201.5,8744
2024-06-24T13:42:00-04:00,201.49,201.49,201.4332,201.4496,201.4496,4439
2024-06-24T13:43:00-04:00,201.45,201.49,201.43,201.47,201.47,5628
2024-06-24T13:44:00-04:00,201.465,201.52,201.45,201.46,201.46,19130
2024-06-24T13:45:00-04:00,201.45,201.49,201.44,201.49,201.49,15912
2024-06-24T13:46:00-04:00,201.485,201.5,201.43,201.46,201.46,7924
2024-06-24T13:47:00-04:00,201.46,201.46,201.39,201.41,201.41,10710
2024-06-24T13:48:00-04:00,201.42,201.42,201.35,201.37,201.37,53696
2024-06-24T13:49:00-04:00,201.37,201.38,201.29,201.35,201.35,57991
2024-06-24T13:50:00-04:00,201.34,201.365,201.31,201.34,201.34,6927
2024-06-24T13:51:00-04:00,201.33,201.33,201.27,201.32,201.32,6704
2024-06-24T13:52:00-04:00,201.31,201.335,201.25,201.33,201.33,13839
2024-06-24T13:53:00-04:00,201.33,201.35,201.305,201.345,201.345,6524
2024-06-24T13:54:00-04:00,201.35,201.435,201.34,201.43,201.43,63050
2024-06-24T13:55:00-04:00,201.43,201.505,201.43,201.505,201.505,10262
2024-06-24T13:56:00-04:00,201.49,201.56,201.4811,201.5599,201.5599,38099
2024-06-24T13:57:00-04:00,201.545,201.5499,201.42,201.4293,201.4293,13205
2024-06-24T13:58:00-04:00,201.42,201.42,201.36,201.36,201.36,32968
2024-06-24T13:59:00-04:00,201.375,201.415,201.35,201.3901,201.3901,33493
2024-06-24T14:00:00-04:00,201.38,201.38,201.31,201.38,201.38,9294
2024-06-24T14:01:00-04:00,201.39,201.39,201.31,201.33,201.33,112956
2024-06-24T14:02:00-04:00,201.34,201.37,201.325,201.36,201.36,11272
2024-06-24T14:03:00-04:00,201.365,201.38,201.3,201.37,201.37,18813
2024-06-24T14:04:00-04:00,201.38,201.43,201.36,201.36,201.36,12505
2024-06-24T14:05:00-04:00,201.35,201.42,201.35,201.41,201.41,15605
2024-06-24T14:06:00-04:00,201.41,201.42,201.32,201.32,201.32,14936
2024-06-24T14:07:00-04:00,201.33,201.39,201.33,201.39,201.39,11609
2024-06-24T14:08:00-04:00,201.39,201.42,201.35,201.37,201.37,10159
2024-06-24T14:09:00-04:00,201.37,201.425,201.37,201.42,201.42,13021
2024-06-24T14:10:00-04:00,201.4,201.43,201.39,201.4101,201.4101,14877
2024-06-24T14:11:00-04:00,201.41,201.45,201.4,201.45,201.45,14795
2024-06-24T14:12:00-04:00,201.44,201.44,201.41,201.42,201.42,4619
2024-06-24T14:13:00-04:00,201.425,201.45,201.41,201.416,201.416,11188
2024-06-24T14:14:00-04:00,201.41,201.42,201.39,201.41,201.41,9330
2024-06-24T14:15:00-04:00,201.41,201.425,201.35,201.4,201.4,18998
2024-06-24T14:16:00-04:00,201.395,201.48,201.395,201.465,201.465,31088
2024-06-24T14:17:00-04:00,201.47,201.505,201.46,201.47,201.47,13000
2024-06-24T14:18:00-04:00,201.47,201.545,201.42,201.545,201.545,36980
2024-06-24T14:19:00-04:00,201.54,201.58,201.525,201.575,201.575,57039
2024-06-24T14:20:00-04:00,201.56,201.645,201.54,201.645,201.645,101204
2024-06-24T14:21:00-04:00,201.64,201.73,201.635,201.73,201.73,55622
2024-06-24T14:22:00-04:00,201.725,201.73,201.65,201.675,201.675,62147
2024-06-24T14:23:00-04:00,201.69,201.705,201.64,201.675,201.675,22350
2024-06-24T14:24:00-04:00,201.67,201.73,201.665,201.7,201.7,21018
2024-06-24T14:25:00-04:00,201.71,201.75,201.64,201.64,201.64,104804
2024-06-24T14:26:00-04:00,201.64,201.65,201.555,201.5651,201.5651,64842
2024-06-24T14:27:00-04:00,201.57,201.72,201.57,201.705,201.705,23837
2024-06-24T14:28:00-04:00,201.71,201.77,201.69,201.76,201.76,19185
2024-06-24T14:29:00-04:00,201.76,201.78,201.725,201.7401,201.7401,56494
2024-06-24T14:30:00-04:00,201.74,201.76,201.7,201.74,201.74,9624
2024-06-24T14:31:00-04:00,201.73,201.73,201.69,201.73,201.73,11300
2024-06-24T14:32:00-04:00,201.71,201.75,201.695,201.75,201.75,13597
2024-06-24T14:33:00-04:00,201.76,201.83,201.7599,201.8,201.8,50605
2024-06-24T14:34:00-04:00,201.8,201.81,201.75,201.81,201.81,14745
2024-06-24T14:35:00-04:00,201.81,201.905,201.81,201.885,201.885,48467
2024-06-24T14:36:00-04:00,201.885,201.98,201.86,201.955,201.955,93878
2024-06-24T14:37:00-04:00,201.95,201.95,201.88,201.92,201.92,41974
2024-06-24T14:38:00-04:00,201.915,201.97,201.91,201.97,201.97,19759
2024-06-24T14:39:00-04:00,201.96,201.99,201.95,201.99,201.99,14774
2024-06-24T14:40:00-04:00,201.995,202.02,201.97,202.02,202.02,67632
2024-06-24T14:41:00-04:00,202.02,202.08,202.02,202.07,202.07,15914
2024-06-24T14:42:00-04:00,202.08,202.09,202.06,202.07,202.07,9103
2024-06-24T14:43:00-04:00,202.06,202.06,201.93,201.93,201.93,84874
2024-06-24T14:44:00-04:00,201.945,201.955,201.91,201.93,201.93,44045
2024-06-24T14:45:00-04:00,201.94,202.05,201.94,202.03,202.03,17799
2024-06-24T14:46:00-04:00,202.02,202.1,202.02,202.075,202.075,42840
2024-06-24T14:47:00-04:00,202.07,202.09,202.04,202.0751,202.0751,20651
2024-06-24T14:48:00-04:00,202.0752,202.175,202.07,202.175,202.175,58445
2024-06-24T14:49:00-04:00,202.1704,202.2,202.13,202.15,202.15,70401
2024-06-24T14:50:00-04:00,202.16,202.26,202.16,202.255,202.255,24524
2024-06-24T14:51:00-04:00,202.255,202.3,202.2404,202.25,202.25,48695
2024-06-24T14:52:00-04:00,202.25,202.26,202.185,202.185,202.185,46439
2024-06-24T14:53:00-04:00,202.18,202.25,202.18,202.245,202.245,25128
2024-06-24T14:54:00-04:00,202.245,202.26,202.24,202.24,202.24,19603
2024-06-24T14:55:00-04:00,202.24,202.245,202.17,202.1994,202.1994,64251
2024-06-24T14:56:00-04:00,202.2,202.201,202.09,202.11,202.11,52109
2024-06-24T14:57:00-04:00,202.1188,202.175,202.095,202.15,202.15,91917
2024-06-24T14:58:00-04:00,202.14,202.14,202.08,202.13,202.13,10810
2024-06-24T14:59:00-04:00,202.15,202.16,202.125,202.14,202.14,10460
2024-06-24T15:00:00-04:00,202.135,202.25,202.08,202.22,202.22,76748
2024-06-24T15:01:00-04:00,202.23,202.285,202.2,202.25,202.25,49281
2024-06-24T15:02:00-04:00,202.24,202.3,202.21,202.21,202.21,98858
2024-06-24T15:03:00-04:00,202.21,202.21,202.15,202.165,202.165,43988
2024-06-24T15:04:00-04:00,202.16,202.19,202.11,202.12,202.12,22510
2024-06-24T15:05:00-04:00,202.115,202.185,202.1,202.18,202.18,18293
2024-06-24T15:06:00-04:00,202.185,202.19,202.17,202.175,202.175,14116
2024-06-24T15:07:00-04:00,202.175,202.22,202.16,202.16,202.16,19640
2024-06-24T15:08:00-04:00,202.16,202.18,202.12,202.17,202.17,47075
2024-06-24T15:09:00-04:00,202.16,202.17,202.14,202.14,202.14,16779
2024-06-24T15:10:00-04:00,202.135,202.18,202.11,202.18,202.18,21518
2024-06-24T15:11:00-04:00,202.17,202.185,202.15,202.17,202.17,136503
2024-06-24T15:12:00-04:00,202.16,202.165,202.11,202.11,202.11,18890
2024-06-24T15:13:00-04:00,202.115,202.155,202.1,202.15,202.15,15372
2024-06-24T15:14:00-04:00,202.155,202.155,202.11,202.13,202.13,39212
2024-06-24T15:15:00-04:00,202.13,202.16,202.07,202.16,202.16,104380
2024-06-24T15:16:00-04:00,202.17,202.1951,202.11,202.1202,202.1202,30858
2024-06-24T15:17:00-04:00,202.12,202.13,202.09,202.09,202.09,19804
2024-06-24T15:18:00-04:00,202.09,202.105,202.041,202.075,202.075,27336
2024-06-24T15:19:00-04:00,202.07,202.07,202.01,202.04,202.04,23835
2024-06-24T15:20:00-04:00,202.03,202.05,201.96,201.975,201.975,139090
2024-06-24T15:21:00-04:00,201.975,202,201.94,201.94,201.94,134457
2024-06-24T15:22:00-04:00,201.945,201.98,201.945,201.98,201.98,11428
2024-06-24T15:23:00-04:00,201.98,202.035,201.975,201.995,201.995,27908
2024-06-24T15:24:00-04:00,202.01,202.015,201.935,201.97,201.97,28730
2024-06-24T15:25:00-04:00,201.97,201.975,201.94,201.96,201.96,17871
2024-06-24T15:26:00-04:00,201.97,202,201.92,201.9399,201.9399,16051
2024-06-24T15:27:00-04:00,201.94,201.945,201.91,201.945,201.945,39478
2024-06-24T15:28:00-04:00,201.9401,201.98,201.93,201.945,201.945,16673
2024-06-24T15:29:00-04:00,201.94,201.97,201.92,201.95,201.95,40251
2024-06-24T15:30:00-04:00,201.945,201.99,201.925,201.93,201.93,53196
2024-06-24T15:31:00-04:00,201.93,202,201.925,202,202,27200
2024-06-24T15:32:00-04:00,202,202.05,202,202.04,202.04,98482
2024-06-24T15:33:00-04:00,202.04,202.04,201.98,201.98,201.98,51490
2024-06-24T15:34:00-04:00,201.985,202.005,201.94,201.995,201.995,66330
2024-06-24T15:35:00-04:00,201.995,202.04,201.9819,202.02,202.02,86194
2024-06-24T15:36:00-04:00,202.015,202.06,202,202.0213,202.0213,52355
2024-06-24T15:37:00-04:00,202.03,202.06,201.99,201.995,201.995,26883
2024-06-24T15:38:00-04:00,201.975,201.98,201.91,201.915,201.915,61500
2024-06-24T15:39:00-04:00,201.91,201.93,201.85,201.905,201.905,60780
2024-06-24T15:40:00-04:00,201.91,201.96,201.905,201.925,201.925,30756
2024-06-24T15:41:00-04:00,201.93,201.94,201.87,201.87,201.87,34211
2024-06-24T15:42:00-04:00,201.87,201.88,201.825,201.83,201.83,51149
2024-06-24T15:43:00-04:00,201.83,201.88,201.82,201.87,201.87,43732
2024-06-24T15:44:00-04:00,201.87,201.92,201.86,201.86,201.86,37081
2024-06-24T15:45:00-04:00,201.87,201.91,201.81,201.82,201.82,85088
2024-06-24T15:46:00-04:00,201.82,201.835,201.7618,201.785,201.785,94985
2024-06-24T15:47:00-04:00,201.79,201.79,201.76,201.785,201.785,34848
2024-06-24T15:48:00-04:00,201.79,201.8,201.72,201.725,201.725,35757
2024-06-24T15:49:00-04:00,201.72,201.725,201.62,201.665,201.665,53635
2024-06-24T15:50:00-04:00,201.67,201.77,201.615,201.75,201.75,123003
2024-06-24T15:51:00-04:00,201.76,201.8,201.7,201.72,201.72,47341
2024-06-24T15:52:00-04:00,201.72,201.74,201.67,201.69,201.69,50282
2024-06-24T15:53:00-04:00,201.685,201.735,201.65,201.73,201.73,75492
2024-06-24T15:54:00-04:00,201.73,201.78,201.62,201.62,201.62,127268
2024-06-24T15:55:00-04:00,201.63,201.635,201.55,201.59,201.59,135274
2024-06-24T15:56:00-04:00,201.595,201.625,201.44,201.45,201.45,88907
2024-06-24T15:57:00-04:00,201.44,201.44,201.36,201.38,201.38,125059
2024-06-24T15:58:00-04:00,201.37,201.43,201.37,201.41,201.41,168592
2024-06-24T15:59:00-04:00,201.415,201.47,201.17,201.18,201.18,442848
2024-06-24T16:00:00-04:00,201.18,201.24,201.08,201.14,201.14,72142
2024-06-24T16:01:00-04:00,201.14,201.14,201,201.1,201.1,96858
2024-06-24T16:02:00-04:00,201.12,201.13,201.06,201.09,201.09,12616
2024-06-24T16:03:00-04:00,201.11,201.14,201.09,201.1,201.1,21995
2024-06-24T16:04:00-04:00,201.1,201.17,201.1,201.16,201.16,31506
2024-06-24T16:05:00-04:00,201.22,201.25,201.18,201.25,201.25,29598
2024-06-24T16:06:00-04:00,201.23,201.27,201.21,201.27,201.27,42730
2024-06-24T16:07:00-04:00,201.27,201.28,201.22,201.23,201.23,19125
2024-06-24T16:08:00-04:00,201.28,201.3,201.27,201.29,201.29,19056
2024-06-24T16:09:00-04:00,201.28,201.32,201.26,201.26,201.26,8848
2024-06-24T16:10:00-04:00,201.27,201.27,201.26,201.26,201.26,50529
2024-06-24T16:12:00-04:00,201.25,201.25,201.22,201.22,201.22,2590
2024-06-24T16:13:00-04:00,201.22,201.29,201.22,201.29,201.29,1236
2024-06-24T16:14:00-04:00,201.29,201.3,201.29,201.29,201.29,2602
2024-06-24T16:15:00-04:00,201.28,201.31,201.28,201.3,201.3,12538
2024-06-24T16:17:00-04:00,201.29,201.31,201.29,201.31,201.31,18570
2024-06-24T16:18:00-04:00,201.35,201.35,201.32,201.32,201.32,7322
2024-06-24T16:19:00-04:00,201.33,201.33,201.32,201.32,201.32,469
2024-06-24T16:20:00-04:00,201.31,201.31,201.29,201.29,201.29,654
2024-06-24T16:21:00-04:00,201.27,201.27,201.27,201.27,201.27,600
2024-06-24T16:23:00-04:00,201.25,201.25,201.23,201.23,201.23,600
2024-06-24T16:24:00-04:00,201.24,201.24,201.2,201.2,201.2,2122
2024-06-24T16:25:00-04:00,201.22,201.23,201.22,201.23,201.23,3850
2024-06-24T16:26:00-04:00,201.25,201.25,201.25,201.25,201.25,170
2024-06-24T16:27:00-04:00,201.24,201.27,201.24,201.27,201.27,950
2024-06-24T16:28:00-04:00,201.26,201.26,201.25,201.26,201.26,1107
2024-06-24T16:30:00-04:00,201.2,201.21,201.2,201.21,201.21,950
2024-06-24T16:31:00-04:00,201.2,201.22,201.18,201.22,201.22,2408
2024-06-24T16:33:00-04:00,201.24,201.24,201.24,201.24,201.24,430
2024-06-24T16:34:00-04:00,201.22,201.22,201.22,201.22,201.22,5225
2024-06-24T16:35:00-04:00,201.32,201.32,201.32,201.32,201.32,447
2024-06-24T16:36:00-04:00,201.32,201.34,201.3,201.34,201.34,3845
2024-06-24T16:37:00-04:00,201.32,201.33,201.29,201.29,201.29,37672
2024-06-24T16:38:00-04:00,201.31,201.32,201.31,201.31,201.31,3163
2024-06-24T16:39:00-04:00,201.33,201.33,201.32,201.32,201.32,403
2024-06-24T16:40:00-04:00,201.35,201.35,201.35,201.35,201.35,2109
2024-06-24T16:41:00-04:00,201.3404,201.3404,201.3404,201.3404,201.3404,162
2024-06-24T16:42:00-04:00,201.34,201.35,201.34,201.34,201.34,1333
2024-06-24T16:43:00-04:00,201.32,201.34,201.32,201.34,201.34,582
2024-06-24T16:44:00-04:00,201.3504,201.3504,201.3504,201.3504,201.3504,143
2024-06-24T16:46:00-04:00,201.38,201.38,201.37,201.38,201.38,1972
2024-06-24T16:47:00-04:00,201.4,201.42,201.4,201.42,201.42,200
2024-06-24T16:48:00-04:00,201.41,201.41,201.36,201.37,201.37,4377
2024-06-24T16:49:00-04:00,201.37,201.39,201.37,201.39,201.39,1159
2024-06-24T16:56:00-04:00,201.22,201.4,201.22,201.4,201.4,111290
2024-06-24T16:57:00-04:00,201.37,201.37,201.37,201.37,201.37,100
2024-06-24T16:59:00-04:00,201.39,201.43,201.39,201.4103,201.4103,3269
2024-06-24T17:00:00-04:00,201.36,201.36,201.35,201.36,201.36,1650
2024-06-24T17:01:00-04:00,201.3,201.31,201.3,201.31,201.31,1250
2024-06-24T17:02:00-04:00,201.3,201.3,201.3,201.3,201.3,200
2024-06-24T17:03:00-04:00,201.31,201.31,201.3,201.3,201.3,2800
2024-06-24T17:05:00-04:00,201.3,201.3,201.3,201.3,201.3,200
2024-06-24T17:09:00-04:00,201.35,201.4,201.35,201.4,201.4,1033
2024-06-24T17:10:00-04:00,201.4,201.4,201.4,201.4,201.4,1030
2024-06-24T17:11:00-04:00,201.4,201.4,201.36,201.36,201.36,703
2024-06-24T17:14:00-04:00,201.42,201.42,201.37,201.37,201.37,428
2024-06-24T17:17:00-04:00,201.36,201.36,201.36,201.36,201.36,241
2024-06-24T17:18:00-04:00,201.36,201.36,201.36,201.36,201.36,168
2024-06-24T17:20:00-04:00,201.36,201.36,201.36,201.36,201.36,293
2024-06-24T17:22:00-04:00,201.3709,201.3709,201.37,201.37,201.37,375
2024-06-24T17:24:00-04:00,201.37,201.37,201.37,201.37,201.37,207
2024-06-24T17:26:00-04:00,201.46,201.46,201.46,201.46,201.46,187
2024-06-24T17:27:00-04:00,201.35,201.37,201.35,201.37,201.37,422
2024-06-24T17:28:00-04:00,201.31,201.41,201.31,201.41,201.41,277
2024-06-24T17:29:00-04:00,201.32,201.32,201.31,201.31,201.31,337
2024-06-24T17:30:00-04:00,201.47,201.47,201.47,201.47,201.47,215
2024-06-24T17:32:00-04:00,201.31,201.31,201.31,201.31,201.31,166
2024-06-24T17:34:00-04:00,201.31,201.31,201.31,201.31,201.31,141
2024-06-24T17:35:00-04:00,201.44,201.44,201.44,201.44,201.44,228
2024-06-24T17:36:00-04:00,201.31,201.31,201.31,201.31,201.31,150
2024-06-24T17:37:00-04:00,201.48,201.48,201.48,201.48,201.48,282
2024-06-24T17:38:00-04:00,201.32,201.32,201.32,201.32,201.32,130
2024-06-24T17:40:00-04:00,201.32,201.32,201.32,201.32,201.32,570
2024-06-24T17:42:00-04:00,201.44,201.44,201.32,201.32,201.32,362
2024-06-24T17:43:00-04:00,201.32,201.32,201.32,201.32,201.32,200
2024-06-24T17:44:00-04:00,201.35,201.35,201.35,201.35,201.35,261
2024-06-24T17:45:00-04:00,201.32,201.32,201.32,201.32,201.32,208
2024-06-24T17:47:00-04:00,201.29,201.29,201.29,201.29,201.29,474
2024-06-24T17:48:00-04:00,201.27,201.27,201.27,201.27,201.27,143
2024-06-24T17:49:00-04:00,201.33,201.33,201.33,201.33,201.33,103
2024-06-24T17:51:00-04:00,201.27,201.27,201.27,201.27,201.27,153
2024-06-24T17:55:00-04:00,201.27,201.27,201.27,201.27,201.27,155
2024-06-24T17:57:00-04:00,201.28,201.28,201.28,201.28,201.28,116
2024-06-24T17:59:00-04:00,201.27,201.27,201.27,201.27,201.27,373
2024-06-24T18:00:00-04:00,201.42,201.45,201.42,201.45,201.45,1503
2024-06-24T18:01:00-04:00,201.44,201.44,201.44,201.44,201.44,2246
2024-06-24T18:02:00-04:00,201.46,201.46,201.46,201.46,201.46,122
2024-06-24T18:03:00-04:00,201.46,201.51,201.46,201.51,201.51,713
2024-06-24T18:06:00-04:00,201.42,201.42,201.42,201.42,201.42,1201
2024-06-24T18:07:00-04:00,201.42,201.45,201.42,201.45,201.45,821
2024-06-24T18:09:00-04:00,201.43,201.43,201.37,201.37,201.37,4507
2024-06-24T18:15:00-04:00,201.44,201.44,201.44,201.44,201.44,565
2024-06-24T18:17:00-04:00,201.42,201.42,201.42,201.42,201.42,150
2024-06-24T18:18:00-04:00,201.39,201.39,201.39,201.39,201.39,541
2024-06-24T18:21:00-04:00,201.33,201.33,201.31,201.31,201.31,249
2024-06-24T18:22:00-04:00,201.37,201.37,201.37,201.37,201.37,531
2024-06-24T18:23:00-04:00,201.321,201.321,201.321,201.321,201.321,215
2024-06-24T18:24:00-04:00,201.32,201.32,201.32,201.32,201.32,165
2024-06-24T18:25:00-04:00,201.3,201.3,201.291,201.291,201.291,300
2024-06-24T18:26:00-04:00,201.3,201.3,201.28,201.28,201.28,852
2024-06-24T18:27:00-04:00,201.28,201.28,201.28,201.28,201.28,275
2024-06-24T18:28:00-04:00,201.34,201.34,201.34,201.34,201.34,215
2024-06-24T18:29:00-04:00,201.34,201.34,201.34,201.34,201.34,265
2024-06-24T18:30:00-04:00,201.31,201.31,201.31,201.31,201.31,152
2024-06-24T18:31:00-04:00,201.32,201.32,201.32,201.32,201.32,100
2024-06-24T18:35:00-04:00,201.33,201.33,201.33,201.33,201.33,150
2024-06-24T18:37:00-04:00,201.36,201.36,201.34,201.36,201.36,590
2024-06-24T18:38:00-04:00,201.34,201.34,201.34,201.34,201.34,150
2024-06-24T18:40:00-04:00,201.22,201.22,201.22,201.22,201.22,8844
2024-06-24T18:42:00-04:00,201.35,201.35,201.31,201.31,201.31,233
2024-06-24T18:55:00-04:00,201.34,201.34,201.33,201.33,201.33,314
2024-06-24T18:58:00-04:00,201.35,201.35,201.35,201.35,201.35,140
2024-06-24T19:02:00-04:00,201.31,201.31,201.31,201.31,201.31,550
2024-06-24T19:03:00-04:00,201.31,201.31,201.31,201.31,201.31,145
2024-06-24T19:04:00-04:00,201.3,201.3002,201.3,201.3002,201.3002,533
2024-06-24T19:06:00-04:00,201.33,201.33,201.33,201.33,201.33,307
2024-06-24T19:08:00-04:00,201.3,201.3,201.3,201.3,201.3,166
2024-06-24T19:09:00-04:00,201.31,201.31,201.31,201.31,201.31,100
2024-06-24T19:11:00-04:00,201.3,201.3,201.3,201.3,201.3,311
2024-06-24T19:13:00-04:00,201.31,201.31,201.31,201.31,201.31,100
2024-06-24T19:14:00-04:00,201.3,201.3,201.3,201.3,201.3,114
2024-06-24T19:17:00-04:00,201.34,201.34,201.34,201.34,201.34,188
2024-06-24T19:19:00-04:00,201.3,201.3,201.3,201.3,201.3,232
2024-06-24T19:29:00-04:00,201.32,201.32,201.31,201.31,201.31,600
2024-06-24T19:30:00-04:00,201.33,201.33,201.33,201.33,201.33,186
2024-06-24T19:32:00-04:00,201.32,201.32,201.32,201.32,201.32,500
2024-06-24T19:33:00-04:00,201.31,201.31,201.31,201.31,201.31,791
2024-06-24T19:35:00-04:00,201.31,201.31,201.31,201.31,201.31,159
2024-06-24T19:44:00-04:00,201.3,201.3,201.3,201.3,201.3,2175
2024-06-24T19:45:00-04:00,201.28,201.28,201.28,201.28,201.28,221
2024-06-24T19:46:00-04:00,201.26,201.26,201.26,201.26,201.26,209
2024-06-24T19:47:00-04:00,201.27,201.27,201.27,201.27,201.27,127
2024-06-24T19:50:00-04:00,201.28,201.3,201.28,201.3,201.3,900
2024-06-24T19:52:00-04:00,201.3,201.3,201.3,201.3,201.3,221
2024-06-24T19:53:00-04:00,201.31,201.36,201.31,201.36,201.36,467
2024-06-24T19:54:00-04:00,201.32,201.32,201.32,201.32,201.32,118
2024-06-24T19:56:00-04:00,201.31,201.33,201.31,201.33,201.33,286
2024-06-24T19:57:00-04:00,201.32,201.32,201.32,201.32,201.32,230
2024-06-24T19:58:00-04:00,201.35,201.35,201.35,201.35,201.35,250
2024-06-24T19:59:00-04:00,201.36,201.36,201.31,201.31,201.31,762
