Datetime,Open,High,Low,Close,Adj Close,Volume
2025-07-10T04:00:00-04:00,622.79,623,622.73,622.73,622.73,3131
2025-07-10T04:01:00-04:00,622.83,622.89,622.82,622.88,622.88,3538
2025-07-10T04:02:00-04:00,622.93,623.03,622.9,623.03,623.03,9236
2025-07-10T04:03:00-04:00,623.04,623.04,623.03,623.03,623.03,687
2025-07-10T04:04:00-04:00,623.08,623.1,623.08,623.1,623.1,1511
2025-07-10T04:05:00-04:00,623.16,623.16,623.16,623.16,623.16,238
2025-07-10T04:06:00-04:00,623.13,623.13,623.13,623.13,623.13,315
2025-07-10T04:07:00-04:00,623,623,623,623,623,840
2025-07-10T04:08:00-04:00,623.08,623.1,623.08,623.1,623.1,1121
2025-07-10T04:09:00-04:00,623.03,623.03,623.03,623.03,623.03,315
2025-07-10T04:10:00-04:00,623.03,623.03,622.99,623.02,623.02,1562
2025-07-10T04:11:00-04:00,623.06,623.06,623.06,623.06,623.06,253
2025-07-10T04:13:00-04:00,623.1,623.1,623.1,623.1,623.1,390
2025-07-10T04:15:00-04:00,623.05,623.1,623.05,623.1,623.1,891
2025-07-10T04:16:00-04:00,623.1,623.1,623.1,623.1,623.1,467
2025-07-10T04:17:00-04:00,623.2,623.26,623.19,623.25,623.25,2367
2025-07-10T04:18:00-04:00,623.24,623.25,623.2,623.2,623.2,3808
2025-07-10T04:21:00-04:00,623.29,623.29,623.27,623.27,623.27,379
2025-07-10T04:24:00-04:00,623.32,623.46,623.32,623.46,623.46,4672
2025-07-10T04:25:00-04:00,623.41,623.41,623.39,623.39,623.39,865
2025-07-10T04:26:00-04:00,623.3,623.3,623.3,623.3,623.3,240
2025-07-10T04:28:00-04:00,623.3,623.33,623.3,623.32,623.32,3223
2025-07-10T04:31:00-04:00,623.38,623.38,623.16,623.32,623.32,21806
2025-07-10T04:32:00-04:00,623.28,623.3,623.28,623.3,623.3,13752
2025-07-10T04:33:00-04:00,623.35,623.36,623.35,623.35,623.35,7197
2025-07-10T04:34:00-04:00,623.38,623.43,623.38,623.39,623.39,965
2025-07-10T04:36:00-04:00,623.48,623.5,623.48,623.49,623.49,1263
2025-07-10T04:39:00-04:00,623.4,623.4,623.4,623.4,623.4,246
2025-07-10T04:40:00-04:00,623.42,623.42,623.42,623.42,623.42,225
2025-07-10T04:41:00-04:00,623.37,623.37,623.37,623.37,623.37,216
2025-07-10T04:42:00-04:00,623.46,623.5,623.46,623.49,623.49,1088
2025-07-10T04:43:00-04:00,623.52,623.52,623.5,623.5,623.5,875
2025-07-10T04:44:00-04:00,623.43,623.53,623.43,623.5,623.5,1122
2025-07-10T04:45:00-04:00,623.42,623.42,623.41,623.41,623.41,608
2025-07-10T04:47:00-04:00,623.36,623.36,623.3,623.31,623.31,853
2025-07-10T04:48:00-04:00,623.28,623.28,623.28,623.28,623.28,539
2025-07-10T04:49:00-04:00,623.25,623.27,623.25,623.27,623.27,415
2025-07-10T04:50:00-04:00,623.28,623.28,623.28,623.28,623.28,214
2025-07-10T04:51:00-04:00,623.35,623.35,623.35,623.35,623.35,1187
2025-07-10T04:54:00-04:00,623.39,623.39,623.35,623.35,623.35,1214
2025-07-10T04:56:00-04:00,623.4,623.41,623.4,623.41,623.41,461
2025-07-10T04:57:00-04:00,623.41,623.41,623.41,623.41,623.41,184
2025-07-10T05:00:00-04:00,623.43,623.43,623.42,623.42,623.42,560
2025-07-10T05:01:00-04:00,623.42,623.42,623.42,623.42,623.42,241
2025-07-10T05:03:00-04:00,623.5,623.53,623.5,623.51,623.51,2447
2025-07-10T05:05:00-04:00,623.43,623.43,623.42,623.42,623.42,853
2025-07-10T05:06:00-04:00,623.54,623.54,623.54,623.54,623.54,201
2025-07-10T05:07:00-04:00,623.47,623.47,623.42,623.42,623.42,488
2025-07-10T05:08:00-04:00,623.4,623.45,623.4,623.45,623.45,2009
2025-07-10T05:11:00-04:00,623.43,623.47,623.43,623.47,623.47,379
2025-07-10T05:16:00-04:00,623.35,623.35,623.35,623.35,623.35,366
2025-07-10T05:17:00-04:00,623.27,623.28,623.26,623.28,623.28,652
2025-07-10T05:18:00-04:00,623.28,623.28,623.2,623.2,623.2,975
2025-07-10T05:19:00-04:00,623.23,623.23,623.23,623.23,623.23,356
2025-07-10T05:20:00-04:00,623.17,623.17,623.17,623.17,623.17,537
2025-07-10T05:21:00-04:00,623.13,623.13,623.13,623.13,623.13,615
2025-07-10T05:22:00-04:00,623.13,623.13,623.1,623.1,623.1,1549
2025-07-10T05:23:00-04:00,623.02,623.02,623,623,623,2541
2025-07-10T05:24:00-04:00,622.93,622.93,622.93,622.93,622.93,1028
2025-07-10T05:25:00-04:00,623,623,623,623,623,270
2025-07-10T05:27:00-04:00,622.94,622.94,622.94,622.94,622.94,349
2025-07-10T05:28:00-04:00,623.07,623.07,623.07,623.07,623.07,176
2025-07-10T05:29:00-04:00,623.06,623.06,623.06,623.06,623.06,174
2025-07-10T05:30:00-04:00,622.94,622.94,622.94,622.94,622.94,338
2025-07-10T05:31:00-04:00,622.99,622.99,622.99,622.99,622.99,247
2025-07-10T05:32:00-04:00,622.92,622.93,622.92,622.93,622.93,325
2025-07-10T05:34:00-04:00,622.99,623,622.98,623,623,2274
2025-07-10T05:35:00-04:00,623.05,623.06,623.05,623.06,623.06,1339
2025-07-10T05:37:00-04:00,623.01,623.06,622.98,622.99,622.99,1895
2025-07-10T05:38:00-04:00,622.96,622.96,622.92,622.92,622.92,301
2025-07-10T05:42:00-04:00,623,623,622.94,622.94,622.94,676
2025-07-10T05:44:00-04:00,622.92,622.92,622.92,622.92,622.92,846
2025-07-10T05:45:00-04:00,623,623,623,623,623,200
2025-07-10T05:46:00-04:00,623,623.01,623,623,623,1534
2025-07-10T05:47:00-04:00,623.04,623.04,623.04,623.04,623.04,434
2025-07-10T05:52:00-04:00,623.03,623.04,623.03,623.04,623.04,560
2025-07-10T05:55:00-04:00,623.05,623.05,623.05,623.05,623.05,479
2025-07-10T05:57:00-04:00,623.09,623.22,623.09,623.22,623.22,3496
2025-07-10T05:58:00-04:00,623.39,623.39,623.37,623.37,623.37,1603
2025-07-10T05:59:00-04:00,623.24,623.24,623.24,623.24,623.24,281
2025-07-10T06:01:00-04:00,623.29,623.29,623.27,623.27,623.27,529
2025-07-10T06:03:00-04:00,623.32,623.33,623.32,623.33,623.33,335
2025-07-10T06:06:00-04:00,623.4,623.52,623.4,623.5,623.5,997
2025-07-10T06:09:00-04:00,623.4,623.4,623.4,623.4,623.4,277
2025-07-10T06:12:00-04:00,623.29,623.29,623.29,623.29,623.29,294
2025-07-10T06:13:00-04:00,623.3,623.3,623.3,623.3,623.3,218
2025-07-10T06:15:00-04:00,623.29,623.29,623.29,623.29,623.29,280
2025-07-10T06:16:00-04:00,623.28,623.28,623.25,623.26,623.26,770
2025-07-10T06:20:00-04:00,623.19,623.19,623.17,623.18,623.18,1402
2025-07-10T06:21:00-04:00,623.21,623.3,623.21,623.3,623.3,2677
2025-07-10T06:22:00-04:00,623.28,623.28,623.28,623.28,623.28,286
2025-07-10T06:23:00-04:00,623.27,623.28,623.27,623.28,623.28,574
2025-07-10T06:24:00-04:00,623.29,623.29,623.28,623.29,623.29,2500
2025-07-10T06:25:00-04:00,623.25,623.31,623.25,623.31,623.31,534
2025-07-10T06:27:00-04:00,623.2,623.2,623.2,623.2,623.2,325
2025-07-10T06:28:00-04:00,623.3,623.3,623.3,623.3,623.3,320
2025-07-10T06:30:00-04:00,623.27,623.4,623.27,623.37,623.37,1130
2025-07-10T06:31:00-04:00,623.43,623.47,623.42,623.47,623.47,1209
2025-07-10T06:36:00-04:00,623.48,623.48,623.48,623.48,623.48,408
2025-07-10T06:37:00-04:00,623.49,623.5,623.48,623.48,623.48,1187
2025-07-10T06:38:00-04:00,623.48,623.5,623.47,623.5,623.5,1130
2025-07-10T06:39:00-04:00,623.52,623.52,623.44,623.44,623.44,3100
2025-07-10T06:40:00-04:00,623.42,623.42,623.42,623.42,623.42,909
2025-07-10T06:41:00-04:00,623.44,623.44,623.44,623.44,623.44,193
2025-07-10T06:42:00-04:00,623.5,623.5,623.47,623.48,623.48,1495
2025-07-10T06:45:00-04:00,623.51,623.56,623.51,623.55,623.55,1389
2025-07-10T06:48:00-04:00,623.53,623.55,623.51,623.51,623.51,7465
2025-07-10T06:49:00-04:00,623.47,623.47,623.47,623.47,623.47,239
2025-07-10T06:50:00-04:00,623.47,623.48,623.47,623.47,623.47,552
2025-07-10T06:51:00-04:00,623.56,623.56,623.56,623.56,623.56,179
2025-07-10T06:52:00-04:00,623.58,623.72,623.58,623.72,623.72,1839
2025-07-10T06:55:00-04:00,623.65,623.75,623.65,623.74,623.74,11142
2025-07-10T06:57:00-04:00,623.65,623.65,623.65,623.65,623.65,302
2025-07-10T06:59:00-04:00,623.61,623.61,623.61,623.61,623.61,300
2025-07-10T07:00:00-04:00,623.61,623.61,623.5,623.51,623.51,2443
2025-07-10T07:01:00-04:00,623.61,623.62,623.59,623.62,623.62,1289
2025-07-10T07:02:00-04:00,623.65,623.65,623.65,623.65,623.65,233
2025-07-10T07:03:00-04:00,623.66,623.72,623.66,623.72,623.72,3197
2025-07-10T07:04:00-04:00,623.71,623.74,623.67,623.74,623.74,1962
2025-07-10T07:05:00-04:00,623.76,623.81,623.76,623.76,623.76,3186
2025-07-10T07:06:00-04:00,623.83,623.83,623.83,623.83,623.83,282
2025-07-10T07:07:00-04:00,623.84,623.9,623.84,623.87,623.87,3090
2025-07-10T07:08:00-04:00,623.78,623.78,623.69,623.7,623.7,666
2025-07-10T07:09:00-04:00,623.69,623.69,623.69,623.69,623.69,305
2025-07-10T07:11:00-04:00,623.69,623.81,623.68,623.81,623.81,3745
2025-07-10T07:12:00-04:00,623.77,623.89,623.77,623.87,623.87,3127
2025-07-10T07:15:00-04:00,623.84,623.84,623.76,623.83,623.83,6209
2025-07-10T07:16:00-04:00,623.78,623.78,623.78,623.78,623.78,391
2025-07-10T07:17:00-04:00,623.82,623.82,623.82,623.82,623.82,564
2025-07-10T07:18:00-04:00,623.84,623.84,623.77,623.77,623.77,2414
2025-07-10T07:19:00-04:00,623.82,623.82,623.82,623.82,623.82,467
2025-07-10T07:21:00-04:00,623.82,623.83,623.82,623.83,623.83,446
2025-07-10T07:22:00-04:00,623.83,623.84,623.81,623.81,623.81,2588
2025-07-10T07:23:00-04:00,623.8,623.85,623.8,623.85,623.85,1648
2025-07-10T07:24:00-04:00,623.86,623.9,623.86,623.9,623.9,1853
2025-07-10T07:25:00-04:00,623.91,623.93,623.91,623.92,623.92,1825
2025-07-10T07:26:00-04:00,623.97,624,623.96,624,624,4022
2025-07-10T07:27:00-04:00,624,624.05,624,624.05,624.05,3298
2025-07-10T07:28:00-04:00,624.02,624.11,624.02,624.03,624.03,14452
2025-07-10T07:30:00-04:00,623.96,623.99,623.96,623.99,623.99,451
2025-07-10T07:31:00-04:00,623.96,624.05,623.96,624.05,624.05,1528
2025-07-10T07:33:00-04:00,624.11,624.11,624.11,624.11,624.11,512
2025-07-10T07:34:00-04:00,624.11,624.16,624.11,624.12,624.12,3406
2025-07-10T07:35:00-04:00,624.11,624.12,624.11,624.11,624.11,1256
2025-07-10T07:37:00-04:00,624.2,624.21,624.19,624.19,624.19,1458
2025-07-10T07:38:00-04:00,624.24,624.24,624.2,624.2,624.2,3506
2025-07-10T07:39:00-04:00,624.22,624.25,624.22,624.24,624.24,1201
2025-07-10T07:40:00-04:00,624.27,624.27,624.24,624.26,624.26,1075
2025-07-10T07:41:00-04:00,624.29,624.29,624.29,624.29,624.29,542
2025-07-10T07:42:00-04:00,624.36,624.38,624.36,624.38,624.38,1695
2025-07-10T07:43:00-04:00,624.35,624.36,624.35,624.35,624.35,977
2025-07-10T07:44:00-04:00,624.36,624.38,624.36,624.38,624.38,813
2025-07-10T07:46:00-04:00,624.33,624.33,624.29,624.3,624.3,3787
2025-07-10T07:47:00-04:00,624.25,624.33,624.24,624.32,624.32,3107
2025-07-10T07:48:00-04:00,624.29,624.29,624.22,624.22,624.22,2645
2025-07-10T07:49:00-04:00,624.47,624.48,624.44,624.45,624.45,2112
2025-07-10T07:50:00-04:00,624.46,624.46,624.43,624.43,624.43,969
2025-07-10T07:51:00-04:00,624.43,624.47,624.43,624.47,624.47,884
2025-07-10T07:52:00-04:00,624.46,624.48,624.46,624.48,624.48,1022
2025-07-10T07:53:00-04:00,624.49,624.49,624.43,624.43,624.43,5163
2025-07-10T07:54:00-04:00,624.35,624.36,624.34,624.35,624.35,3142
2025-07-10T07:55:00-04:00,624.36,624.41,624.36,624.41,624.41,6554
2025-07-10T07:56:00-04:00,624.34,624.34,624.28,624.28,624.28,553
2025-07-10T07:58:00-04:00,624.36,624.36,624.36,624.36,624.36,311
2025-07-10T07:59:00-04:00,624.3,624.3,624.3,624.3,624.3,593
2025-07-10T08:00:00-04:00,623.65,624.49,622.31,624.19,624.19,67240
2025-07-10T08:01:00-04:00,624.17,624.17,624.08,624.08,624.08,15070
2025-07-10T08:02:00-04:00,624.09,624.09,624.01,624.01,624.01,1353
2025-07-10T08:03:00-04:00,624,624.01,623.96,623.96,623.96,8674
2025-07-10T08:04:00-04:00,623.9919,624.051,623.9919,624.051,624.051,636
2025-07-10T08:05:00-04:00,624.07,624.14,624.07,624.13,624.13,1832
2025-07-10T08:06:00-04:00,624.08,624.12,624.0201,624.04,624.04,8387
2025-07-10T08:07:00-04:00,624.07,624.07,624,624,624,621
2025-07-10T08:08:00-04:00,624.0899,624.0899,624.0899,624.0899,624.0899,456
2025-07-10T08:09:00-04:00,624.05,624.05,623.98,623.98,623.98,1492
2025-07-10T08:10:00-04:00,624.05,624.05,624.05,624.05,624.05,946
2025-07-10T08:11:00-04:00,624.05,624.05,624.05,624.05,624.05,497
2025-07-10T08:12:00-04:00,624.05,624.12,624.05,624.12,624.12,1485
2025-07-10T08:13:00-04:00,624.13,624.15,624.12,624.12,624.12,2316
2025-07-10T08:14:00-04:00,624.13,624.18,624.13,624.1794,624.1794,1475
2025-07-10T08:15:00-04:00,624.1506,624.1506,624,624,624,5905
2025-07-10T08:16:00-04:00,624,624.01,623.89,623.96,623.96,5867
2025-07-10T08:17:00-04:00,623.91,623.98,623.91,623.98,623.98,1201
2025-07-10T08:18:00-04:00,623.92,623.95,623.92,623.95,623.95,1202
2025-07-10T08:20:00-04:00,624.03,624.03,624,624,624,874
2025-07-10T08:21:00-04:00,624,624.02,623.9316,623.9316,623.9316,3994
2025-07-10T08:22:00-04:00,623.95,623.97,623.95,623.97,623.97,2138
2025-07-10T08:23:00-04:00,623.95,623.95,623.8,623.82,623.82,1766
2025-07-10T08:24:00-04:00,623.82,623.82,623.74,623.75,623.75,4732
2025-07-10T08:25:00-04:00,623.7,623.71,623.62,623.62,623.62,2958
2025-07-10T08:26:00-04:00,623.64,623.68,623.62,623.68,623.68,4640
2025-07-10T08:27:00-04:00,623.72,623.8,623.72,623.8,623.8,2461
2025-07-10T08:28:00-04:00,623.82,623.85,623.78,623.78,623.78,5334
2025-07-10T08:29:00-04:00,623.85,623.9,623.81,623.84,623.84,4690
2025-07-10T08:30:00-04:00,623.89,624.04,623.89,624.04,624.04,12884
2025-07-10T08:31:00-04:00,624.06,624.12,624.03,624.05,624.05,30150
2025-07-10T08:32:00-04:00,623.99,623.99,623.82,623.84,623.84,4742
2025-07-10T08:33:00-04:00,623.82,623.82,623.73,623.76,623.76,46734
2025-07-10T08:34:00-04:00,623.83,623.8399,623.82,623.82,623.82,691
2025-07-10T08:35:00-04:00,623.84,623.88,623.77,623.77,623.77,1681
2025-07-10T08:36:00-04:00,623.839,623.84,623.76,623.8,623.8,1897
2025-07-10T08:37:00-04:00,623.7,623.7,623.58,623.61,623.61,3926
2025-07-10T08:38:00-04:00,623.55,623.58,623.45,623.47,623.47,3741
2025-07-10T08:39:00-04:00,623.48,623.59,623.46,623.59,623.59,4671
2025-07-10T08:40:00-04:00,623.61,623.63,623.56,623.63,623.63,2191
2025-07-10T08:41:00-04:00,623.62,623.66,623.62,623.6599,623.6599,2730
2025-07-10T08:42:00-04:00,623.63,623.66,623.6,623.62,623.62,2883
2025-07-10T08:43:00-04:00,623.63,623.72,623.61,623.65,623.65,13024
2025-07-10T08:44:00-04:00,623.6,623.6,623.57,623.57,623.57,747
2025-07-10T08:45:00-04:00,623.57,623.59,623.55,623.59,623.59,1888
2025-07-10T08:46:00-04:00,623.6299,623.64,623.6299,623.64,623.64,634
2025-07-10T08:47:00-04:00,623.62,623.62,623.51,623.54,623.54,1905
2025-07-10T08:48:00-04:00,623.5,623.51,623.45,623.51,623.51,20338
2025-07-10T08:49:00-04:00,623.5,623.5,623.5,623.5,623.5,1066
2025-07-10T08:50:00-04:00,623.5,623.52,623.44,623.44,623.44,2567
2025-07-10T08:51:00-04:00,623.47,623.49,623.44,623.49,623.49,7783
2025-07-10T08:52:00-04:00,623.47,623.58,623.47,623.51,623.51,10259
2025-07-10T08:53:00-04:00,623.48,623.58,623.48,623.5601,623.5601,3158
2025-07-10T08:54:00-04:00,623.58,623.58,623.53,623.53,623.53,1187
2025-07-10T08:55:00-04:00,623.51,623.51,623.4,623.48,623.48,5965
2025-07-10T08:56:00-04:00,623.56,623.56,623.55,623.55,623.55,1171
2025-07-10T08:57:00-04:00,623.56,623.59,623.54,623.56,623.56,2222
2025-07-10T08:58:00-04:00,623.5801,623.59,623.5801,623.59,623.59,899
2025-07-10T08:59:00-04:00,623.66,623.66,623.63,623.63,623.63,2559
2025-07-10T09:00:00-04:00,623.65,623.69,623.64,623.69,623.69,1579
2025-07-10T09:01:00-04:00,623.67,623.85,623.65,623.83,623.83,8543
2025-07-10T09:02:00-04:00,623.83,623.89,623.8,623.8,623.8,9415
2025-07-10T09:03:00-04:00,623.78,623.79,623.7488,623.7488,623.7488,1506
2025-07-10T09:04:00-04:00,623.8,623.8,623.62,623.64,623.64,3611
2025-07-10T09:05:00-04:00,623.61,623.66,623.59,623.65,623.65,1969
2025-07-10T09:06:00-04:00,623.71,623.71,623.61,623.62,623.62,1306
2025-07-10T09:07:00-04:00,623.751,623.82,623.73,623.77,623.77,2891
2025-07-10T09:08:00-04:00,623.75,623.84,623.75,623.84,623.84,2192
2025-07-10T09:09:00-04:00,623.82,623.82,623.74,623.79,623.79,1111
2025-07-10T09:10:00-04:00,623.74,623.74,623.64,623.64,623.64,2469
2025-07-10T09:11:00-04:00,623.64,623.72,623.57,623.57,623.57,3082
2025-07-10T09:12:00-04:00,623.6,623.6,623.55,623.5599,623.5599,2807
2025-07-10T09:13:00-04:00,623.55,623.55,623.44,623.44,623.44,6227
2025-07-10T09:14:00-04:00,623.45,623.5683,623.45,623.5683,623.5683,7719
2025-07-10T09:15:00-04:00,623.56,623.65,623.56,623.65,623.65,1341
2025-07-10T09:16:00-04:00,623.65,623.65,623.63,623.63,623.63,1634
2025-07-10T09:17:00-04:00,623.7,623.73,623.7,623.73,623.73,909
2025-07-10T09:18:00-04:00,623.68,623.79,623.68,623.7899,623.7899,3215
2025-07-10T09:19:00-04:00,623.753,623.8,623.753,623.8,623.8,2578
2025-07-10T09:20:00-04:00,623.8,623.83,623.8,623.83,623.83,1221
2025-07-10T09:21:00-04:00,623.83,623.94,623.83,623.93,623.93,5602
2025-07-10T09:22:00-04:00,623.96,623.96,623.87,623.87,623.87,10699
2025-07-10T09:23:00-04:00,623.93,623.96,623.9,623.93,623.93,3316
2025-07-10T09:24:00-04:00,623.9401,623.9401,623.92,623.92,623.92,4362
2025-07-10T09:25:00-04:00,623.87,623.94,623.87,623.9,623.9,6109
2025-07-10T09:26:00-04:00,623.94,624,623.94,623.97,623.97,7570
2025-07-10T09:27:00-04:00,623.97,624.02,623.93,623.98,623.98,27164
2025-07-10T09:28:00-04:00,623.97,624.17,623.89,624.16,624.16,26550
2025-07-10T09:29:00-04:00,624.16,624.28,624.07,624.23,624.23,23990
2025-07-10T09:30:00-04:00,624.2,624.4181,624.13,624.26,624.26,551421
2025-07-10T09:31:00-04:00,624.26,624.28,623.97,624.01,624.01,214993
2025-07-10T09:32:00-04:00,624,624.06,623.84,623.94,623.94,206306
2025-07-10T09:33:00-04:00,623.95,623.96,623.76,623.76,623.76,199033
2025-07-10T09:34:00-04:00,623.765,623.84,623.67,623.83,623.83,173503
2025-07-10T09:35:00-04:00,623.84,623.92,623.64,623.8,623.8,190506
2025-07-10T09:36:00-04:00,623.82,623.9,623.63,623.88,623.88,116503
2025-07-10T09:37:00-04:00,623.88,623.92,623.75,623.81,623.81,91892
2025-07-10T09:38:00-04:00,623.79,623.965,623.7115,623.9414,623.9414,103011
2025-07-10T09:39:00-04:00,623.94,623.96,623.7499,623.75,623.75,118888
2025-07-10T09:40:00-04:00,623.75,623.8,623.585,623.6,623.6,173977
2025-07-10T09:41:00-04:00,623.59,623.715,623.52,623.61,623.61,156607
2025-07-10T09:42:00-04:00,623.61,623.81,623.58,623.7,623.7,150592
2025-07-10T09:43:00-04:00,623.69,623.8699,623.69,623.74,623.74,136169
2025-07-10T09:44:00-04:00,623.75,623.885,623.69,623.845,623.845,130858
2025-07-10T09:45:00-04:00,623.845,624.0087,623.8,623.85,623.85,264126
2025-07-10T09:46:00-04:00,623.87,623.94,623.715,623.84,623.84,133573
2025-07-10T09:47:00-04:00,623.85,623.995,623.8,623.99,623.99,133192
2025-07-10T09:48:00-04:00,623.99,624.065,623.69,623.73,623.73,160148
2025-07-10T09:49:00-04:00,623.73,623.75,623.45,623.55,623.55,369062
2025-07-10T09:50:00-04:00,623.54,623.825,623.52,623.78,623.78,243768
2025-07-10T09:51:00-04:00,623.78,623.905,623.76,623.8,623.8,347115
2025-07-10T09:52:00-04:00,623.8,623.805,623.49,623.5,623.5,183361
2025-07-10T09:53:00-04:00,623.5,623.59,623.28,623.57,623.57,384988
2025-07-10T09:54:00-04:00,623.57,623.62,623.4175,623.495,623.495,140628
2025-07-10T09:55:00-04:00,623.485,623.615,623.45,623.535,623.535,126584
2025-07-10T09:56:00-04:00,623.52,623.605,623.47,623.55,623.55,107866
2025-07-10T09:57:00-04:00,623.56,623.72,623.52,623.615,623.615,183464
2025-07-10T09:58:00-04:00,623.6,623.6,623.155,623.175,623.175,364469
2025-07-10T09:59:00-04:00,623.17,623.425,623.12,623.395,623.395,262364
2025-07-10T10:00:00-04:00,623.395,623.48,623.16,623.185,623.185,227206
2025-07-10T10:01:00-04:00,623.175,623.28,623.01,623.15,623.15,229790
2025-07-10T10:02:00-04:00,623.15,623.46,623.14,623.3301,623.3301,247417
2025-07-10T10:03:00-04:00,623.34,623.39,623.24,623.28,623.28,173533
2025-07-10T10:04:00-04:00,623.27,623.29,623.17,623.1801,623.1801,144695
2025-07-10T10:05:00-04:00,623.1949,623.24,623.0651,623.165,623.165,126467
2025-07-10T10:06:00-04:00,623.16,623.32,623.03,623.22,623.22,205268
2025-07-10T10:07:00-04:00,623.23,623.2652,623.075,623.2652,623.2652,149795
2025-07-10T10:08:00-04:00,623.265,623.46,623.26,623.44,623.44,220154
2025-07-10T10:09:00-04:00,623.44,623.46,623.285,623.45,623.45,342076
2025-07-10T10:10:00-04:00,623.445,623.7,623.44,623.65,623.65,238505
2025-07-10T10:11:00-04:00,623.65,623.795,623.62,623.7,623.7,173246
2025-07-10T10:12:00-04:00,623.7,623.705,623.51,623.66,623.66,155077
2025-07-10T10:13:00-04:00,623.655,623.715,623.575,623.71,623.71,136000
2025-07-10T10:14:00-04:00,623.7,623.765,623.65,623.73,623.73,104814
2025-07-10T10:15:00-04:00,623.74,623.95,623.735,623.89,623.89,148352
2025-07-10T10:16:00-04:00,623.89,623.905,623.775,623.835,623.835,99744
2025-07-10T10:17:00-04:00,623.82,624.04,623.82,624,624,129681
2025-07-10T10:18:00-04:00,624,624.26,624,624.1401,624.1401,238479
2025-07-10T10:19:00-04:00,624.145,624.19,624.08,624.11,624.11,154415
2025-07-10T10:20:00-04:00,624.12,624.18,623.85,623.9,623.9,320524
2025-07-10T10:21:00-04:00,623.91,623.9499,623.76,623.87,623.87,229721
2025-07-10T10:22:00-04:00,623.88,623.985,623.87,623.94,623.94,132688
2025-07-10T10:23:00-04:00,623.93,624.01,623.795,623.805,623.805,106659
2025-07-10T10:24:00-04:00,623.8,623.84,623.71,623.74,623.74,125863
2025-07-10T10:25:00-04:00,623.75,623.75,623.34,623.345,623.345,212352
2025-07-10T10:26:00-04:00,623.35,623.53,623.31,623.495,623.495,120897
2025-07-10T10:27:00-04:00,623.49,623.58,623.4348,623.53,623.53,244103
2025-07-10T10:28:00-04:00,623.54,623.73,623.415,623.685,623.685,198401
2025-07-10T10:29:00-04:00,623.68,623.74,623.56,623.7348,623.7348,128223
2025-07-10T10:30:00-04:00,623.77,623.88,623.7448,623.88,623.88,117937
2025-07-10T10:31:00-04:00,623.88,623.99,623.8499,623.94,623.94,172906
2025-07-10T10:32:00-04:00,623.97,623.975,623.8701,623.96,623.96,126398
2025-07-10T10:33:00-04:00,623.96,624.13,623.94,624.13,624.13,149596
2025-07-10T10:34:00-04:00,624.15,624.18,623.99,624.035,624.035,112490
2025-07-10T10:35:00-04:00,624.04,624.135,623.97,624.05,624.05,127676
2025-07-10T10:36:00-04:00,624.05,624.25,624.05,624.25,624.25,116432
2025-07-10T10:37:00-04:00,624.242,624.32,624.22,624.315,624.315,120180
2025-07-10T10:38:00-04:00,624.315,624.35,624.18,624.3,624.3,130529
2025-07-10T10:39:00-04:00,624.29,624.47,624.285,624.38,624.38,112372
2025-07-10T10:40:00-04:00,624.375,624.79,624.3,624.725,624.725,402598
2025-07-10T10:41:00-04:00,624.74,624.84,624.705,624.75,624.75,218246
2025-07-10T10:42:00-04:00,624.7407,624.84,624.65,624.79,624.79,162903
2025-07-10T10:43:00-04:00,624.79,624.84,624.69,624.72,624.72,120577
2025-07-10T10:44:00-04:00,624.72,624.865,624.68,624.82,624.82,146517
2025-07-10T10:45:00-04:00,624.82,624.92,624.67,624.69,624.69,165062
2025-07-10T10:46:00-04:00,624.67,624.8,624.58,624.74,624.74,122968
2025-07-10T10:47:00-04:00,624.75,624.81,624.71,624.8,624.8,71440
2025-07-10T10:48:00-04:00,624.81,624.98,624.805,624.8977,624.8977,151782
2025-07-10T10:49:00-04:00,624.89,624.89,624.79,624.825,624.825,76835
2025-07-10T10:50:00-04:00,624.8,624.965,624.8,624.965,624.965,105349
2025-07-10T10:51:00-04:00,624.94,625.07,624.93,625.015,625.015,191388
2025-07-10T10:52:00-04:00,625.01,625.055,624.87,624.98,624.98,176852
2025-07-10T10:53:00-04:00,624.98,625.1,624.97,625.0551,625.0551,108947
2025-07-10T10:54:00-04:00,625.055,625.0899,624.94,624.96,624.96,101323
2025-07-10T10:55:00-04:00,624.97,625.035,624.92,624.9316,624.9316,62462
2025-07-10T10:56:00-04:00,624.94,625.0351,624.79,624.8,624.8,104306
2025-07-10T10:57:00-04:00,624.79,624.87,624.75,624.775,624.775,93177
2025-07-10T10:58:00-04:00,624.772,624.85,624.6848,624.85,624.85,99065
2025-07-10T10:59:00-04:00,624.84,624.89,624.785,624.865,624.865,77998
2025-07-10T11:00:00-04:00,624.86,624.975,624.83,624.91,624.91,157927
2025-07-10T11:01:00-04:00,624.91,625.1,624.91,625.08,625.08,88166
2025-07-10T11:02:00-04:00,625.08,625.13,624.998,625.1,625.1,83842
2025-07-10T11:03:00-04:00,625.09,625.185,625.075,625.1,625.1,102058
2025-07-10T11:04:00-04:00,625.095,625.1867,625.08,625.165,625.165,463625
2025-07-10T11:05:00-04:00,625.16,625.285,625.12,625.21,625.21,186897
2025-07-10T11:06:00-04:00,625.21,625.32,625.19,625.24,625.24,125754
2025-07-10T11:07:00-04:00,625.25,625.29,625.19,625.245,625.245,87987
2025-07-10T11:08:00-04:00,625.25,625.32,625.15,625.29,625.29,140007
2025-07-10T11:09:00-04:00,625.29,625.31,625.2,625.205,625.205,91734
2025-07-10T11:10:00-04:00,625.21,625.255,624.96,625.105,625.105,181650
2025-07-10T11:11:00-04:00,625.12,625.18,625.07,625.14,625.14,729798
2025-07-10T11:12:00-04:00,625.13,625.22,625.03,625.185,625.185,129422
2025-07-10T11:13:00-04:00,625.1851,625.1851,624.89,624.93,624.93,172076
2025-07-10T11:14:00-04:00,624.92,625.095,624.9,625.09,625.09,90299
2025-07-10T11:15:00-04:00,625.1,625.24,625.09,625.24,625.24,82600
2025-07-10T11:16:00-04:00,625.25,625.29,625.205,625.23,625.23,99261
2025-07-10T11:17:00-04:00,625.21,625.33,625.18,625.3,625.3,97220
2025-07-10T11:18:00-04:00,625.3,625.41,625.22,625.25,625.25,133676
2025-07-10T11:19:00-04:00,625.255,625.255,625.1899,625.22,625.22,97722
2025-07-10T11:20:00-04:00,625.22,625.225,625.01,625.015,625.015,160753
2025-07-10T11:21:00-04:00,625.01,625.21,624.985,625.2,625.2,120579
2025-07-10T11:22:00-04:00,625.21,625.2101,625.06,625.1056,625.1056,59739
2025-07-10T11:23:00-04:00,625.105,625.17,625.05,625.125,625.125,46697
2025-07-10T11:24:00-04:00,625.12,625.28,625.09,625.275,625.275,77113
2025-07-10T11:25:00-04:00,625.27,625.3399,625.22,625.27,625.27,219640
2025-07-10T11:26:00-04:00,625.28,625.405,625.27,625.38,625.38,130017
2025-07-10T11:27:00-04:00,625.371,625.55,625.37,625.49,625.49,164891
2025-07-10T11:28:00-04:00,625.495,625.52,625.425,625.46,625.46,72765
2025-07-10T11:29:00-04:00,625.4513,625.575,625.44,625.52,625.52,95761
2025-07-10T11:30:00-04:00,625.52,625.67,625.5,625.645,625.645,117982
2025-07-10T11:31:00-04:00,625.65,625.69,625.56,625.56,625.56,126208
2025-07-10T11:32:00-04:00,625.57,625.62,625.41,625.42,625.42,92515
2025-07-10T11:33:00-04:00,625.4165,625.5,625.37,625.48,625.48,63746
2025-07-10T11:34:00-04:00,625.495,625.5,625.43,625.43,625.43,54111
2025-07-10T11:35:00-04:00,625.43,625.5655,625.4048,625.535,625.535,85894
2025-07-10T11:36:00-04:00,625.54,625.61,625.485,625.55,625.55,135804
2025-07-10T11:37:00-04:00,625.56,625.5884,625.45,625.45,625.45,186581
2025-07-10T11:38:00-04:00,625.46,625.5848,625.42,625.56,625.56,60624
2025-07-10T11:39:00-04:00,625.56,625.64,625.54,625.59,625.59,68953
2025-07-10T11:40:00-04:00,625.58,625.59,625.48,625.512,625.512,58820
2025-07-10T11:41:00-04:00,625.5135,625.565,625.45,625.515,625.515,80658
2025-07-10T11:42:00-04:00,625.52,625.64,625.52,625.61,625.61,69344
2025-07-10T11:43:00-04:00,625.62,625.725,625.62,625.71,625.71,71845
2025-07-10T11:44:00-04:00,625.72,625.76,625.61,625.73,625.73,87053
2025-07-10T11:45:00-04:00,625.74,625.77,625.69,625.7652,625.7652,66418
2025-07-10T11:46:00-04:00,625.78,625.785,625.68,625.68,625.68,50947
2025-07-10T11:47:00-04:00,625.68,625.76,625.67,625.685,625.685,188567
2025-07-10T11:48:00-04:00,625.69,625.72,625.6,625.6001,625.6001,87695
2025-07-10T11:49:00-04:00,625.605,625.69,625.5901,625.65,625.65,54532
2025-07-10T11:50:00-04:00,625.6751,625.705,625.5801,625.69,625.69,78938
2025-07-10T11:51:00-04:00,625.69,625.7,625.635,625.635,625.635,53798
2025-07-10T11:52:00-04:00,625.63,625.72,625.62,625.7112,625.7112,49446
2025-07-10T11:53:00-04:00,625.72,625.73,625.615,625.63,625.63,45798
2025-07-10T11:54:00-04:00,625.63,625.665,625.54,625.6493,625.6493,58253
2025-07-10T11:55:00-04:00,625.64,625.645,625.54,625.625,625.625,89753
2025-07-10T11:56:00-04:00,625.62,625.73,625.59,625.705,625.705,77216
2025-07-10T11:57:00-04:00,625.71,625.72,625.63,625.65,625.65,44408
2025-07-10T11:58:00-04:00,625.645,625.6652,625.6,625.615,625.615,49252
2025-07-10T11:59:00-04:00,625.62,625.72,625.59,625.7,625.7,45575
2025-07-10T12:00:00-04:00,625.7,625.73,625.59,625.62,625.62,77399
2025-07-10T12:01:00-04:00,625.615,625.72,625.6,625.72,625.72,88491
2025-07-10T12:02:00-04:00,625.7252,625.775,625.58,625.5916,625.5916,113650
2025-07-10T12:03:00-04:00,625.59,625.61,625.48,625.5807,625.5807,123453
2025-07-10T12:04:00-04:00,625.59,625.66,625.59,625.64,625.64,44552
2025-07-10T12:05:00-04:00,625.635,625.655,625.585,625.645,625.645,62444
2025-07-10T12:06:00-04:00,625.65,625.6997,625.58,625.6,625.6,59055
2025-07-10T12:07:00-04:00,625.61,625.698,625.58,625.698,625.698,65443
2025-07-10T12:08:00-04:00,625.7,625.7,625.65,625.685,625.685,49020
2025-07-10T12:09:00-04:00,625.7,625.7,625.45,625.47,625.47,94797
2025-07-10T12:10:00-04:00,625.47,625.51,625.385,625.42,625.42,164568
2025-07-10T12:11:00-04:00,625.41,625.45,625.29,625.321,625.321,132446
2025-07-10T12:12:00-04:00,625.32,625.32,625.15,625.19,625.19,161790
2025-07-10T12:13:00-04:00,625.19,625.295,625.14,625.25,625.25,125382
2025-07-10T12:14:00-04:00,625.2299,625.24,625.11,625.22,625.22,74278
2025-07-10T12:15:00-04:00,625.22,625.31,625.1599,625.26,625.26,141971
2025-07-10T12:16:00-04:00,625.26,625.26,625.06,625.08,625.08,90656
2025-07-10T12:17:00-04:00,625.08,625.18,625.025,625.12,625.12,77493
2025-07-10T12:18:00-04:00,625.13,625.29,625.1,625.26,625.26,95595
2025-07-10T12:19:00-04:00,625.26,625.3,625.21,625.24,625.24,102685
2025-07-10T12:20:00-04:00,625.2352,625.2352,625.12,625.14,625.14,127503
2025-07-10T12:21:00-04:00,625.14,625.2299,625.135,625.1699,625.1699,78257
2025-07-10T12:22:00-04:00,625.17,625.24,625.0699,625.2,625.2,128184
2025-07-10T12:23:00-04:00,625.2022,625.3687,625.1815,625.36,625.36,101524
2025-07-10T12:24:00-04:00,625.36,625.43,625.33,625.41,625.41,69905
2025-07-10T12:25:00-04:00,625.41,625.57,625.385,625.54,625.54,151641
2025-07-10T12:26:00-04:00,625.54,625.6,625.5,625.59,625.59,78991
2025-07-10T12:27:00-04:00,625.58,625.615,625.56,625.58,625.58,51362
2025-07-10T12:28:00-04:00,625.58,625.6,625.52,625.57,625.57,42095
2025-07-10T12:29:00-04:00,625.58,625.6199,625.54,625.57,625.57,50843
2025-07-10T12:30:00-04:00,625.57,625.605,625.47,625.54,625.54,107137
2025-07-10T12:31:00-04:00,625.56,625.71,625.56,625.645,625.645,74899
2025-07-10T12:32:00-04:00,625.6353,625.65,625.55,625.56,625.56,31857
2025-07-10T12:33:00-04:00,625.565,625.565,625.42,625.4998,625.4998,125138
2025-07-10T12:34:00-04:00,625.49,625.5,625.42,625.45,625.45,61836
2025-07-10T12:35:00-04:00,625.46,625.46,625.24,625.28,625.28,107197
2025-07-10T12:36:00-04:00,625.27,625.38,625.27,625.3699,625.3699,90108
2025-07-10T12:37:00-04:00,625.37,625.505,625.36,625.46,625.46,73155
2025-07-10T12:38:00-04:00,625.465,625.48,625.39,625.42,625.42,37109
2025-07-10T12:39:00-04:00,625.4251,625.575,625.4251,625.575,625.575,50007
2025-07-10T12:40:00-04:00,625.57,625.635,625.54,625.62,625.62,69375
2025-07-10T12:41:00-04:00,625.62,625.68,625.62,625.67,625.67,80305
2025-07-10T12:42:00-04:00,625.67,625.765,625.65,625.7413,625.7413,51415
2025-07-10T12:43:00-04:00,625.75,625.78,625.605,625.635,625.635,57363
2025-07-10T12:44:00-04:00,625.6399,625.72,625.63,625.68,625.68,120050
2025-07-10T12:45:00-04:00,625.69,625.7,625.61,625.65,625.65,45765
2025-07-10T12:46:00-04:00,625.65,625.65,625.5772,625.58,625.58,44294
2025-07-10T12:47:00-04:00,625.58,625.63,625.5704,625.575,625.575,35511
2025-07-10T12:48:00-04:00,625.575,625.5851,625.46,625.545,625.545,97796
2025-07-10T12:49:00-04:00,625.53,625.54,625.45,625.49,625.49,52487
2025-07-10T12:50:00-04:00,625.4848,625.64,625.4848,625.635,625.635,65124
2025-07-10T12:51:00-04:00,625.64,625.6689,625.57,625.57,625.57,59339
2025-07-10T12:52:00-04:00,625.56,625.6,625.505,625.55,625.55,39295
2025-07-10T12:53:00-04:00,625.55,625.62,625.5049,625.54,625.54,45575
2025-07-10T12:54:00-04:00,625.55,625.645,625.55,625.61,625.61,47998
2025-07-10T12:55:00-04:00,625.6,625.65,625.57,625.64,625.64,56594
2025-07-10T12:56:00-04:00,625.63,625.7,625.61,625.65,625.65,43695
2025-07-10T12:57:00-04:00,625.66,625.71,625.64,625.66,625.66,45597
2025-07-10T12:58:00-04:00,625.65,625.67,625.575,625.63,625.63,79339
2025-07-10T12:59:00-04:00,625.62,625.642,625.52,625.54,625.54,241906
2025-07-10T13:00:00-04:00,625.54,625.68,625.53,625.66,625.66,39424
2025-07-10T13:01:00-04:00,625.6982,625.88,625.69,625.7599,625.7599,84208
2025-07-10T13:02:00-04:00,625.76,625.9,625.65,625.6599,625.6599,131999
2025-07-10T13:03:00-04:00,625.65,625.72,625.62,625.71,625.71,58268
2025-07-10T13:04:00-04:00,625.7,625.805,625.65,625.8,625.8,52665
2025-07-10T13:05:00-04:00,625.8,625.95,625.79,625.92,625.92,96179
2025-07-10T13:06:00-04:00,625.93,625.97,625.87,625.88,625.88,71203
2025-07-10T13:07:00-04:00,625.87,625.87,625.78,625.82,625.82,37056
2025-07-10T13:08:00-04:00,625.83,625.84,625.8,625.84,625.84,35822
2025-07-10T13:09:00-04:00,625.8452,625.9,625.84,625.865,625.865,66346
2025-07-10T13:10:00-04:00,625.84,625.99,625.84,625.985,625.985,82857
2025-07-10T13:11:00-04:00,625.9848,626.1,625.97,626,626,130867
2025-07-10T13:12:00-04:00,626,626.01,625.92,625.93,625.93,60238
2025-07-10T13:13:00-04:00,625.9188,625.96,625.885,625.889,625.889,92172
2025-07-10T13:14:00-04:00,625.88,625.995,625.88,625.92,625.92,61244
2025-07-10T13:15:00-04:00,625.9298,625.945,625.84,625.9099,625.9099,48485
2025-07-10T13:16:00-04:00,625.92,625.92,625.79,625.81,625.81,84146
2025-07-10T13:17:00-04:00,625.82,625.905,625.82,625.85,625.85,185802
2025-07-10T13:18:00-04:00,625.8599,626,625.85,625.975,625.975,65808
2025-07-10T13:19:00-04:00,625.97,626.0699,625.97,626.0699,626.0699,85722
2025-07-10T13:20:00-04:00,626.07,626.17,626.02,626.03,626.03,152001
2025-07-10T13:21:00-04:00,626.03,626.09,625.95,626.09,626.09,62860
2025-07-10T13:22:00-04:00,626.09,626.09,626.02,626.0601,626.0601,64389
2025-07-10T13:23:00-04:00,626.07,626.09,626.01,626.04,626.04,94254
2025-07-10T13:24:00-04:00,626.04,626.21,626.035,626.1599,626.1599,81544
2025-07-10T13:25:00-04:00,626.15,626.2,626.125,626.13,626.13,78106
2025-07-10T13:26:00-04:00,626.125,626.23,626.11,626.15,626.15,115789
2025-07-10T13:27:00-04:00,626.1501,626.215,626.095,626.11,626.11,70715
2025-07-10T13:28:00-04:00,626.11,626.205,626.11,626.1401,626.1401,62432
2025-07-10T13:29:00-04:00,626.15,626.185,626.085,626.1,626.1,95361
2025-07-10T13:30:00-04:00,626.09,626.22,626.08,626.215,626.215,119357
2025-07-10T13:31:00-04:00,626.21,626.26,626.17,626.215,626.215,80346
2025-07-10T13:32:00-04:00,626.22,626.3953,626.22,626.35,626.35,150807
2025-07-10T13:33:00-04:00,626.36,626.38,626.2999,626.31,626.31,102706
2025-07-10T13:34:00-04:00,626.3001,626.4,626.29,626.375,626.375,119034
2025-07-10T13:35:00-04:00,626.37,626.45,626.265,626.3081,626.3081,178725
2025-07-10T13:36:00-04:00,626.31,626.35,626.26,626.34,626.34,113169
2025-07-10T13:37:00-04:00,626.34,626.41,626.34,626.34,626.34,61635
2025-07-10T13:38:00-04:00,626.345,626.38,626.32,626.37,626.37,61438
2025-07-10T13:39:00-04:00,626.36,626.39,626.27,626.295,626.295,136224
2025-07-10T13:40:00-04:00,626.295,626.33,626.26,626.32,626.32,95176
2025-07-10T13:41:00-04:00,626.33,626.38,626.32,626.35,626.35,58933
2025-07-10T13:42:00-04:00,626.35,626.445,626.35,626.395,626.395,108077
2025-07-10T13:43:00-04:00,626.4,626.41,626.32,626.37,626.37,76771
2025-07-10T13:44:00-04:00,626.37,626.43,626.36,626.37,626.37,109451
2025-07-10T13:45:00-04:00,626.38,626.405,626.33,626.345,626.345,106454
2025-07-10T13:46:00-04:00,626.345,626.355,626.22,626.24,626.24,101758
2025-07-10T13:47:00-04:00,626.235,626.255,626.19,626.235,626.235,73214
2025-07-10T13:48:00-04:00,626.24,626.3,626.235,626.29,626.29,49420
2025-07-10T13:49:00-04:00,626.3,626.375,626.295,626.325,626.325,62685
2025-07-10T13:50:00-04:00,626.3287,626.41,626.325,626.3685,626.3685,77228
2025-07-10T13:51:00-04:00,626.385,626.46,626.37,626.44,626.44,55068
2025-07-10T13:52:00-04:00,626.43,626.51,626.42,626.46,626.46,116539
2025-07-10T13:53:00-04:00,626.46,626.609,626.46,626.57,626.57,124899
2025-07-10T13:54:00-04:00,626.57,626.77,626.57,626.73,626.73,189794
2025-07-10T13:55:00-04:00,626.74,626.7653,626.67,626.69,626.69,175249
2025-07-10T13:56:00-04:00,626.7,626.74,626.69,626.7001,626.7001,107646
2025-07-10T13:57:00-04:00,626.71,626.71,626.595,626.6551,626.6551,161228
2025-07-10T13:58:00-04:00,626.66,626.71,626.64,626.64,626.64,70003
2025-07-10T13:59:00-04:00,626.62,626.68,626.53,626.585,626.585,90655
2025-07-10T14:00:00-04:00,626.58,626.605,626.535,626.55,626.55,138079
2025-07-10T14:01:00-04:00,626.55,626.57,626.45,626.5,626.5,144160
2025-07-10T14:02:00-04:00,626.5,626.655,626.5,626.65,626.65,112087
2025-07-10T14:03:00-04:00,626.65,626.71,626.63,626.635,626.635,71383
2025-07-10T14:04:00-04:00,626.64,626.665,626.525,626.58,626.58,115857
2025-07-10T14:05:00-04:00,626.58,626.66,626.57,626.58,626.58,49817
2025-07-10T14:06:00-04:00,626.59,626.69,626.565,626.69,626.69,111557
2025-07-10T14:07:00-04:00,626.685,626.77,626.63,626.64,626.64,146672
2025-07-10T14:08:00-04:00,626.64,626.705,626.62,626.66,626.66,77659
2025-07-10T14:09:00-04:00,626.6678,626.675,626.62,626.63,626.63,49945
2025-07-10T14:10:00-04:00,626.6279,626.67,626.61,626.62,626.62,70480
2025-07-10T14:11:00-04:00,626.61,626.695,626.585,626.6687,626.6687,45788
2025-07-10T14:12:00-04:00,626.67,626.6999,626.565,626.605,626.605,68515
2025-07-10T14:13:00-04:00,626.61,626.62,626.58,626.605,626.605,67134
2025-07-10T14:14:00-04:00,626.62,626.68,626.61,626.62,626.62,76280
2025-07-10T14:15:00-04:00,626.61,626.69,626.58,626.68,626.68,89289
2025-07-10T14:16:00-04:00,626.68,626.72,626.64,626.675,626.675,69777
2025-07-10T14:17:00-04:00,626.67,626.76,626.6699,626.75,626.75,49327
2025-07-10T14:18:00-04:00,626.76,626.7999,626.73,626.78,626.78,68909
2025-07-10T14:19:00-04:00,626.78,626.84,626.75,626.77,626.77,79231
2025-07-10T14:20:00-04:00,626.775,626.8,626.71,626.77,626.77,78251
2025-07-10T14:21:00-04:00,626.76,626.82,626.76,626.765,626.765,68185
2025-07-10T14:22:00-04:00,626.77,626.8701,626.765,626.8,626.8,90270
2025-07-10T14:23:00-04:00,626.8,626.83,626.775,626.78,626.78,169862
2025-07-10T14:24:00-04:00,626.785,626.79,626.69,626.705,626.705,129314
2025-07-10T14:25:00-04:00,626.7,626.755,626.64,626.67,626.67,125024
2025-07-10T14:26:00-04:00,626.69,626.77,626.68,626.73,626.73,81873
2025-07-10T14:27:00-04:00,626.73,626.775,626.66,626.6699,626.6699,88199
2025-07-10T14:28:00-04:00,626.665,626.72,626.6301,626.6301,626.6301,63579
2025-07-10T14:29:00-04:00,626.63,626.65,626.59,626.59,626.59,60792
2025-07-10T14:30:00-04:00,626.59,626.67,626.59,626.64,626.64,52527
2025-07-10T14:31:00-04:00,626.63,626.67,626.5701,626.61,626.61,77261
2025-07-10T14:32:00-04:00,626.6,626.6,626.39,626.42,626.42,192407
2025-07-10T14:33:00-04:00,626.4184,626.5399,626.4,626.45,626.45,96838
2025-07-10T14:34:00-04:00,626.45,626.4986,626.38,626.415,626.415,74668
2025-07-10T14:35:00-04:00,626.41,626.44,626.36,626.44,626.44,79134
2025-07-10T14:36:00-04:00,626.45,626.46,626.3647,626.37,626.37,95513
2025-07-10T14:37:00-04:00,626.37,626.48,626.355,626.45,626.45,75081
2025-07-10T14:38:00-04:00,626.45,626.46,626.34,626.34,626.34,98471
2025-07-10T14:39:00-04:00,626.34,626.3955,626.335,626.39,626.39,72078
2025-07-10T14:40:00-04:00,626.39,626.51,626.33,626.5,626.5,118499
2025-07-10T14:41:00-04:00,626.5,626.52,626.44,626.46,626.46,77759
2025-07-10T14:42:00-04:00,626.46,626.49,626.39,626.4399,626.4399,63842
2025-07-10T14:43:00-04:00,626.445,626.45,626.35,626.42,626.42,72192
2025-07-10T14:44:00-04:00,626.41,626.44,626.32,626.34,626.34,44589
2025-07-10T14:45:00-04:00,626.34,626.46,626.25,626.285,626.285,136271
2025-07-10T14:46:00-04:00,626.28,626.39,626.27,626.33,626.33,109256
2025-07-10T14:47:00-04:00,626.33,626.42,626.325,626.4,626.4,59528
2025-07-10T14:48:00-04:00,626.4,626.405,626.29,626.32,626.32,42140
2025-07-10T14:49:00-04:00,626.32,626.345,626.29,626.3107,626.3107,55562
2025-07-10T14:50:00-04:00,626.32,626.3252,626.215,626.215,626.215,126995
2025-07-10T14:51:00-04:00,626.22,626.29,626.22,626.28,626.28,75305
2025-07-10T14:52:00-04:00,626.27,626.28,626.1993,626.21,626.21,88632
2025-07-10T14:53:00-04:00,626.195,626.215,626.12,626.135,626.135,98059
2025-07-10T14:54:00-04:00,626.1347,626.26,626.125,626.22,626.22,134687
2025-07-10T14:55:00-04:00,626.225,626.23,626.09,626.15,626.15,150360
2025-07-10T14:56:00-04:00,626.15,626.2,626.105,626.11,626.11,133710
2025-07-10T14:57:00-04:00,626.12,626.215,626.105,626.2,626.2,105652
2025-07-10T14:58:00-04:00,626.2,626.3,626.165,626.29,626.29,141518
2025-07-10T14:59:00-04:00,626.29,626.3186,626.24,626.26,626.26,136530
2025-07-10T15:00:00-04:00,626.26,626.315,626.18,626.3,626.3,134696
2025-07-10T15:01:00-04:00,626.3,626.36,626.19,626.19,626.19,348199
2025-07-10T15:02:00-04:00,626.2,626.34,626.19,626.34,626.34,261116
2025-07-10T15:03:00-04:00,626.34,626.43,626.31,626.41,626.41,143408
2025-07-10T15:04:00-04:00,626.41,626.415,626.32,626.365,626.365,145566
2025-07-10T15:05:00-04:00,626.355,626.395,626.25,626.285,626.285,102185
2025-07-10T15:06:00-04:00,626.28,626.31,626.23,626.27,626.27,95938
2025-07-10T15:07:00-04:00,626.27,626.37,626.27,626.33,626.33,77190
2025-07-10T15:08:00-04:00,626.33,626.38,626.32,626.37,626.37,49776
2025-07-10T15:09:00-04:00,626.3748,626.48,626.3748,626.47,626.47,181488
2025-07-10T15:10:00-04:00,626.47,626.525,626.405,626.49,626.49,174228
2025-07-10T15:11:00-04:00,626.48,626.4853,626.41,626.44,626.44,88266
2025-07-10T15:12:00-04:00,626.43,626.44,626.36,626.41,626.41,65838
2025-07-10T15:13:00-04:00,626.415,626.4499,626.38,626.42,626.42,48022
2025-07-10T15:14:00-04:00,626.42,626.46,626.4,626.435,626.435,96157
2025-07-10T15:15:00-04:00,626.44,626.45,626.35,626.405,626.405,91419
2025-07-10T15:16:00-04:00,626.405,626.445,626.385,626.3919,626.3919,58927
2025-07-10T15:17:00-04:00,626.4,626.5,626.39,626.495,626.495,140432
2025-07-10T15:18:00-04:00,626.49,626.525,626.46,626.49,626.49,87535
2025-07-10T15:19:00-04:00,626.495,626.54,626.425,626.4799,626.4799,143553
2025-07-10T15:20:00-04:00,626.47,626.56,626.46,626.525,626.525,95327
2025-07-10T15:21:00-04:00,626.52,626.53,626.45,626.465,626.465,78624
2025-07-10T15:22:00-04:00,626.47,626.475,626.395,626.425,626.425,371206
2025-07-10T15:23:00-04:00,626.42,626.45,626.375,626.45,626.45,60536
2025-07-10T15:24:00-04:00,626.445,626.46,626.3215,626.34,626.34,69136
2025-07-10T15:25:00-04:00,626.33,626.455,626.32,626.38,626.38,128188
2025-07-10T15:26:00-04:00,626.375,626.42,626.35,626.37,626.37,65508
2025-07-10T15:27:00-04:00,626.36,626.4,626.24,626.25,626.25,102754
2025-07-10T15:28:00-04:00,626.26,626.26,626.12,626.125,626.125,137441
2025-07-10T15:29:00-04:00,626.125,626.265,626.12,626.205,626.205,118747
2025-07-10T15:30:00-04:00,626.2,626.3599,626.2,626.22,626.22,241748
2025-07-10T15:31:00-04:00,626.22,626.26,626.16,626.215,626.215,122448
2025-07-10T15:32:00-04:00,626.215,626.31,626.2,626.31,626.31,71203
2025-07-10T15:33:00-04:00,626.31,626.41,626.29,626.4,626.4,145678
2025-07-10T15:34:00-04:00,626.4077,626.44,626.37,626.415,626.415,87550
2025-07-10T15:35:00-04:00,626.41,626.495,626.3985,626.47,626.47,101708
2025-07-10T15:36:00-04:00,626.462,626.51,626.435,626.49,626.49,164717
2025-07-10T15:37:00-04:00,626.49,626.5,626.4,626.42,626.42,79989
2025-07-10T15:38:00-04:00,626.42,626.43,626.38,626.39,626.39,79229
2025-07-10T15:39:00-04:00,626.39,626.48,626.34,626.475,626.475,118610
2025-07-10T15:40:00-04:00,626.475,626.54,626.455,626.535,626.535,161507
2025-07-10T15:41:00-04:00,626.54,626.63,626.515,626.52,626.52,172608
2025-07-10T15:42:00-04:00,626.515,626.58,626.5,626.575,626.575,231283
2025-07-10T15:43:00-04:00,626.57,626.63,626.535,626.625,626.625,125515
2025-07-10T15:44:00-04:00,626.63,626.675,626.48,626.495,626.495,150660
2025-07-10T15:45:00-04:00,626.5,626.505,626.38,626.38,626.38,380959
2025-07-10T15:46:00-04:00,626.38,626.39,626.17,626.2,626.2,351099
2025-07-10T15:47:00-04:00,626.2,626.2852,626.14,626.155,626.155,368677
2025-07-10T15:48:00-04:00,626.1552,626.2,626,626.19,626.19,433883
2025-07-10T15:49:00-04:00,626.14,626.19,626.055,626.14,626.14,288326
2025-07-10T15:50:00-04:00,626.14,626.14,625.8,625.92,625.92,506628
2025-07-10T15:51:00-04:00,625.915,625.93,625.52,625.54,625.54,571619
2025-07-10T15:52:00-04:00,625.54,625.54,625.21,625.38,625.38,489959
2025-07-10T15:53:00-04:00,625.39,625.6079,625.34,625.42,625.42,436405
2025-07-10T15:54:00-04:00,625.41,625.61,625.34,625.51,625.51,399193
2025-07-10T15:55:00-04:00,625.52,625.825,625.47,625.665,625.665,746386
2025-07-10T15:56:00-04:00,625.66,625.795,625.64,625.78,625.78,264960
2025-07-10T15:57:00-04:00,625.78,625.85,625.72,625.84,625.84,371976
2025-07-10T15:58:00-04:00,625.84,625.88,625.71,625.84,625.84,720285
2025-07-10T15:59:00-04:00,625.84,625.97,625.62,625.84,625.84,1186133.0
2025-07-10T16:00:00-04:00,625.81,625.87,625.66,625.74,625.74,127484
2025-07-10T16:01:00-04:00,625.75,625.8,625.68,625.75,625.75,64193
2025-07-10T16:02:00-04:00,625.72,625.82,625.66,625.81,625.81,25116
2025-07-10T16:03:00-04:00,625.8,625.82,625.66,625.69,625.69,85055
2025-07-10T16:04:00-04:00,625.67,625.9025,625.6099,625.62,625.62,324725
2025-07-10T16:05:00-04:00,625.64,625.68,625.6,625.66,625.66,321211
2025-07-10T16:06:00-04:00,625.66,625.78,625.66,625.78,625.78,34245
2025-07-10T16:07:00-04:00,625.76,625.78,625.67,625.7,625.7,19758
2025-07-10T16:08:00-04:00,625.6902,625.71,625.68,625.6904,625.6904,10483
2025-07-10T16:09:00-04:00,625.7,625.7,625.59,625.6,625.6,25965
2025-07-10T16:10:00-04:00,625.61,625.61,625.37,625.37,625.37,1957518.0
2025-07-10T16:11:00-04:00,625.38,625.41,625.35,625.36,625.36,80129
2025-07-10T16:12:00-04:00,625.35,625.45,625.35,625.39,625.39,37770
2025-07-10T16:13:00-04:00,625.38,625.4,625.3,625.31,625.31,30211
2025-07-10T16:14:00-04:00,625.31,625.38,625.27,625.38,625.38,26161
2025-07-10T16:15:00-04:00,625.38,625.54,625.38,625.5,625.5,47932
2025-07-10T16:16:00-04:00,625.5,625.56,625.4698,625.4698,625.4698,39594
2025-07-10T16:17:00-04:00,625.41,625.42,625.39,625.42,625.42,2937
2025-07-10T16:18:00-04:00,625.4,625.45,625.4,625.43,625.43,31076
2025-07-10T16:19:00-04:00,625.42,625.45,625.42,625.45,625.45,7312
2025-07-10T16:20:00-04:00,625.42,625.45,625.42,625.45,625.45,129198
2025-07-10T16:21:00-04:00,625.44,625.44,625.41,625.41,625.41,799
2025-07-10T16:22:00-04:00,625.43,625.43,625.41,625.41,625.41,1830
2025-07-10T16:23:00-04:00,625.4097,625.45,625.4097,625.45,625.45,2878
2025-07-10T16:24:00-04:00,625.45,625.45,625.45,625.45,625.45,3117
2025-07-10T16:25:00-04:00,625.4,625.42,625.37,625.39,625.39,6477
2025-07-10T16:26:00-04:00,625.4293,625.4293,625.4,625.42,625.42,4446
2025-07-10T16:27:00-04:00,625.42,625.4291,625.4,625.4291,625.4291,56328
2025-07-10T16:28:00-04:00,625.43,625.48,625.43,625.47,625.47,8032
2025-07-10T16:29:00-04:00,625.48,625.5,625.47,625.4901,625.4901,2969
2025-07-10T16:30:00-04:00,625.49,625.59,625.49,625.59,625.59,13370
2025-07-10T16:31:00-04:00,625.6,625.68,625.6,625.61,625.61,37576
2025-07-10T16:32:00-04:00,625.59,625.61,625.59,625.5901,625.5901,2648
2025-07-10T16:33:00-04:00,625.62,625.6397,625.62,625.6397,625.6397,520
2025-07-10T16:34:00-04:00,625.66,625.69,625.65,625.69,625.69,1392
2025-07-10T16:35:00-04:00,625.73,625.73,625.6903,625.6903,625.6903,2328
2025-07-10T16:36:00-04:00,625.6901,625.72,625.69,625.69,625.69,30847
2025-07-10T16:37:00-04:00,625.75,625.79,625.74,625.79,625.79,3448
2025-07-10T16:38:00-04:00,625.76,625.76,625.76,625.76,625.76,1052
2025-07-10T16:39:00-04:00,625.78,625.8,625.78,625.79,625.79,12149
2025-07-10T16:40:00-04:00,625.79,625.86,625.79,625.83,625.83,10085
2025-07-10T16:41:00-04:00,625.81,625.85,625.81,625.84,625.84,4532
2025-07-10T16:42:00-04:00,625.84,625.87,625.79,625.79,625.79,12196
2025-07-10T16:43:00-04:00,625.78,625.78,625.72,625.72,625.72,9868
2025-07-10T16:44:00-04:00,625.71,625.71,625.71,625.71,625.71,1068
2025-07-10T16:45:00-04:00,625.7,625.73,625.65,625.66,625.66,1888
2025-07-10T16:46:00-04:00,625.649,625.649,625.6,625.64,625.64,5189
2025-07-10T16:47:00-04:00,625.61,625.61,625.6,625.6,625.6,445
2025-07-10T16:48:00-04:00,625.6,625.6,625.58,625.58,625.58,1827
2025-07-10T16:49:00-04:00,625.61,625.61,625.59,625.6,625.6,1660
2025-07-10T16:50:00-04:00,625.59,625.61,625.59,625.61,625.61,372
2025-07-10T16:51:00-04:00,625.59,625.59,625.59,625.59,625.59,410
2025-07-10T16:52:00-04:00,625.6,625.6,625.56,625.56,625.56,2332
2025-07-10T16:53:00-04:00,625.51,625.51,625.5009,625.5009,625.5009,1222
2025-07-10T16:54:00-04:00,625.52,625.52,625.48,625.49,625.49,1308
2025-07-10T16:55:00-04:00,625.5,625.5,625.5,625.5,625.5,531
2025-07-10T16:57:00-04:00,625.47,625.48,625.47,625.48,625.48,2350
2025-07-10T16:58:00-04:00,625.48,625.52,625.46,625.52,625.52,6493
2025-07-10T16:59:00-04:00,625.4801,625.51,625.4801,625.51,625.51,2666
2025-07-10T17:03:00-04:00,625.55,625.55,625.55,625.55,625.55,532
2025-07-10T17:06:00-04:00,625.61,625.61,625.61,625.61,625.61,372
2025-07-10T17:07:00-04:00,625.59,625.59,625.59,625.59,625.59,305
2025-07-10T17:08:00-04:00,625.62,625.62,625.62,625.62,625.62,498
2025-07-10T17:09:00-04:00,625.649,625.649,625.649,625.649,625.649,132
2025-07-10T17:10:00-04:00,625.58,625.6,625.58,625.6,625.6,840
2025-07-10T17:13:00-04:00,625.64,625.65,625.63,625.65,625.65,788
2025-07-10T17:14:00-04:00,625.64,625.65,625.64,625.65,625.65,6103
2025-07-10T17:15:00-04:00,625.66,625.66,625.65,625.65,625.65,1926
2025-07-10T17:18:00-04:00,625.6,625.6,625.6,625.6,625.6,213
2025-07-10T17:19:00-04:00,625.63,625.63,625.63,625.63,625.63,265
2025-07-10T17:20:00-04:00,625.63,625.64,625.63,625.64,625.64,954
2025-07-10T17:21:00-04:00,625.63,625.63,625.6,625.6,625.6,1073
2025-07-10T17:22:00-04:00,625.4972,625.4972,625.4972,625.4972,625.4972,1047
2025-07-10T17:23:00-04:00,625.64,625.64,625.64,625.64,625.64,311
2025-07-10T17:25:00-04:00,625.51,625.51,625.51,625.51,625.51,379
2025-07-10T17:26:00-04:00,625.51,625.52,625.4904,625.52,625.52,2533
2025-07-10T17:29:00-04:00,625.51,625.52,625.51,625.52,625.52,2964
2025-07-10T17:32:00-04:00,625.59,625.63,625.59,625.63,625.63,2113
2025-07-10T17:33:00-04:00,625.64,625.64,625.63,625.63,625.63,1504
2025-07-10T17:35:00-04:00,625.62,625.63,625.62,625.63,625.63,320
2025-07-10T17:38:00-04:00,625.63,625.63,625.61,625.61,625.61,599
2025-07-10T17:39:00-04:00,625.55,625.55,625.55,625.55,625.55,1112
2025-07-10T17:42:00-04:00,625.54,625.54,625.54,625.54,625.54,351
2025-07-10T17:43:00-04:00,625.51,625.57,625.47,625.56,625.56,4462
2025-07-10T17:44:00-04:00,625.49,625.49,625.48,625.48,625.48,1266
2025-07-10T17:45:00-04:00,625.48,625.57,625.48,625.57,625.57,671
2025-07-10T17:46:00-04:00,625.48,625.57,625.48,625.48,625.48,1093
2025-07-10T17:47:00-04:00,625.53,625.53,625.53,625.53,625.53,165
2025-07-10T17:50:00-04:00,625.54,625.54,625.47,625.53,625.53,3470
2025-07-10T17:52:00-04:00,625.53,625.53,625.53,625.53,625.53,1612
2025-07-10T17:54:00-04:00,625.53,625.57,625.53,625.57,625.57,380
2025-07-10T17:55:00-04:00,625.55,625.57,625.54,625.5699,625.5699,4387
2025-07-10T17:56:00-04:00,625.54,625.55,625.54,625.55,625.55,273
2025-07-10T17:58:00-04:00,625.54,625.57,625.54,625.57,625.57,2022
2025-07-10T17:59:00-04:00,625.55,625.55,625.55,625.55,625.55,621
2025-07-10T18:00:00-04:00,625.53,625.65,625.5,625.65,625.65,8495
2025-07-10T18:01:00-04:00,625.75,625.75,625.67,625.69,625.69,5904
2025-07-10T18:02:00-04:00,625.61,625.62,625.61,625.62,625.62,897
2025-07-10T18:03:00-04:00,625.64,625.67,625.63,625.66,625.66,6295
2025-07-10T18:04:00-04:00,625.69,625.8,625.69,625.77,625.77,6293
2025-07-10T18:05:00-04:00,625.83,625.83,625.82,625.82,625.82,1679
2025-07-10T18:06:00-04:00,625.89,625.9,625.84,625.9,625.9,1468
2025-07-10T18:07:00-04:00,625.84,625.84,625.84,625.84,625.84,216
2025-07-10T18:08:00-04:00,625.82,625.84,625.77,625.82,625.82,2371
2025-07-10T18:09:00-04:00,625.801,625.8401,625.801,625.8401,625.8401,858
2025-07-10T18:10:00-04:00,625.87,625.909,625.87,625.909,625.909,6547
2025-07-10T18:11:00-04:00,625.85,625.85,625.85,625.85,625.85,171
2025-07-10T18:13:00-04:00,625.94,625.9994,625.94,625.999,625.999,1707
2025-07-10T18:14:00-04:00,625.9504,625.9504,625.95,625.95,625.95,689
2025-07-10T18:15:00-04:00,625.96,625.96,625.9204,625.9404,625.9404,831
2025-07-10T18:16:00-04:00,625.95,625.9504,625.95,625.9504,625.9504,1352
2025-07-10T18:17:00-04:00,625.98,626,625.98,625.98,625.98,15754
2025-07-10T18:18:00-04:00,625.9799,625.98,625.9799,625.98,625.98,2136
2025-07-10T18:19:00-04:00,626.011,626.011,626.011,626.011,626.011,184
2025-07-10T18:20:00-04:00,626.02,626.02,626,626,626,1261
2025-07-10T18:21:00-04:00,626.05,626.05,626.05,626.05,626.05,615
2025-07-10T18:22:00-04:00,626.02,626.02,625.9708,625.9708,625.9708,4567
2025-07-10T18:23:00-04:00,625.99,625.99,625.99,625.99,625.99,182
2025-07-10T18:24:00-04:00,625.9,625.9,625.89,625.9,625.9,10458
2025-07-10T18:25:00-04:00,625.96,625.96,625.96,625.96,625.96,365
2025-07-10T18:26:00-04:00,625.93,625.96,625.92,625.95,625.95,2214
2025-07-10T18:29:00-04:00,625.98,625.98,625.98,625.98,625.98,155
2025-07-10T18:30:00-04:00,625.871,625.9,625.871,625.9,625.9,857
2025-07-10T18:31:00-04:00,625.851,625.851,625.851,625.851,625.851,270
2025-07-10T18:32:00-04:00,625.93,625.93,625.93,625.93,625.93,330
2025-07-10T18:33:00-04:00,625.9,625.9,625.899,625.9,625.9,1427
2025-07-10T18:35:00-04:00,625.89,625.89,625.89,625.89,625.89,167
2025-07-10T18:37:00-04:00,625.8601,625.8601,625.84,625.84,625.84,323
2025-07-10T18:38:00-04:00,625.82,625.82,625.78,625.78,625.78,978
2025-07-10T18:40:00-04:00,625.8391,625.8391,625.8391,625.8391,625.8391,231
2025-07-10T18:41:00-04:00,625.87,625.87,625.87,625.87,625.87,135
2025-07-10T18:42:00-04:00,625.89,625.89,625.89,625.89,625.89,271
2025-07-10T18:45:00-04:00,625.92,625.92,625.9192,625.9192,625.9192,956
2025-07-10T18:49:00-04:00,625.99,625.99,625.99,625.99,625.99,556
2025-07-10T18:51:00-04:00,626.02,626.02,626.02,626.02,626.02,217
2025-07-10T18:52:00-04:00,626,626,626,626,626,631
2025-07-10T18:53:00-04:00,626.05,626.05,626.05,626.05,626.05,361
2025-07-10T18:54:00-04:00,626.06,626.1199,626.05,626.11,626.11,1640
2025-07-10T18:55:00-04:00,626.13,626.13,626.13,626.13,626.13,279
2025-07-10T18:56:00-04:00,626.1207,626.13,626.07,626.07,626.07,670
2025-07-10T18:59:00-04:00,626.13,626.13,626.13,626.13,626.13,195
2025-07-10T19:00:00-04:00,626.13,626.13,626.13,626.13,626.13,142
2025-07-10T19:03:00-04:00,626.16,626.22,626.16,626.22,626.22,4188
2025-07-10T19:04:00-04:00,626.21,626.24,626.21,626.24,626.24,951
2025-07-10T19:05:00-04:00,626.19,626.19,626.16,626.16,626.16,333
2025-07-10T19:06:00-04:00,626.17,626.17,626.15,626.15,626.15,663
2025-07-10T19:07:00-04:00,626.2,626.2,626.2,626.2,626.2,208
2025-07-10T19:08:00-04:00,626.22,626.23,626.22,626.23,626.23,1376
2025-07-10T19:09:00-04:00,626.182,626.21,626.182,626.21,626.21,339
2025-07-10T19:10:00-04:00,626.25,626.25,626.25,626.25,626.25,136
2025-07-10T19:11:00-04:00,626.23,626.23,626.22,626.22,626.22,610
2025-07-10T19:12:00-04:00,626.15,626.15,626.13,626.15,626.15,2343
2025-07-10T19:15:00-04:00,626.17,626.18,626.13,626.13,626.13,728
2025-07-10T19:17:00-04:00,626.1493,626.1493,626.13,626.13,626.13,319
2025-07-10T19:18:00-04:00,626.11,626.11,626.09,626.09,626.09,416
2025-07-10T19:19:00-04:00,626.09,626.09,626.0501,626.0501,626.0501,2058
2025-07-10T19:21:00-04:00,626.06,626.06,626.01,626.03,626.03,646
2025-07-10T19:22:00-04:00,626.04,626.04,626.04,626.04,626.04,217
2025-07-10T19:23:00-04:00,626.079,626.079,626.079,626.079,626.079,154
2025-07-10T19:26:00-04:00,626.05,626.05,626.05,626.05,626.05,367
2025-07-10T19:29:00-04:00,626.05,626.05,626.05,626.05,626.05,135
2025-07-10T19:30:00-04:00,626.1,626.14,626.1,626.14,626.14,1404
2025-07-10T19:32:00-04:00,626.11,626.11,626.11,626.11,626.11,206
2025-07-10T19:33:00-04:00,626.1,626.13,626.1,626.13,626.13,337
2025-07-10T19:34:00-04:00,626.11,626.11,626.1,626.1001,626.1001,434
2025-07-10T19:35:00-04:00,626.11,626.11,626.11,626.11,626.11,235
2025-07-10T19:36:00-04:00,626.11,626.11,626.1,626.1,626.1,1058
2025-07-10T19:37:00-04:00,626.04,626.04,626.04,626.04,626.04,127
2025-07-10T19:40:00-04:00,626.05,626.05,626.05,626.05,626.05,403
2025-07-10T19:41:00-04:00,626.0401,626.0401,626.0401,626.0401,626.0401,139
2025-07-10T19:44:00-04:00,626.0401,626.0401,626.0401,626.0401,626.0401,210
2025-07-10T19:46:00-04:00,626.11,626.13,626.11,626.13,626.13,576
2025-07-10T19:51:00-04:00,626.22,626.22,626.22,626.22,626.22,662
2025-07-10T19:53:00-04:00,626.29,626.37,626.29,626.37,626.37,599
2025-07-10T19:54:00-04:00,626.31,626.31,626.31,626.31,626.31,320
2025-07-10T19:55:00-04:00,626.33,626.33,626.33,626.33,626.33,701
2025-07-10T19:56:00-04:00,626.3101,626.33,626.31,626.31,626.31,1349
2025-07-10T19:57:00-04:00,626.31,626.31,626.31,626.31,626.31,319
2025-07-10T19:59:00-04:00,626.2803,626.33,626.2801,626.31,626.31,3091
