Datetime,Open,High,Low,Close,Adj Close,Volume
2026-01-29T04:02:00-05:00,208.3,208.3,208.3,208.3,208.3,141
2026-01-29T04:12:00-05:00,208.29,208.3,208.29,208.3,208.3,233
2026-01-29T04:17:00-05:00,208.2,208.2,208.2,208.2,208.2,70
2026-01-29T04:18:00-05:00,208.1,208.1,208.08,208.09,208.09,630
2026-01-29T04:19:00-05:00,208.09,208.1,208.09,208.1,208.1,495
2026-01-29T04:22:00-05:00,208.17,208.17,208.17,208.17,208.17,216
2026-01-29T04:24:00-05:00,208.12,208.12,208.12,208.12,208.12,85
2026-01-29T04:26:00-05:00,208.19,208.19,208.19,208.19,208.19,122
2026-01-29T04:30:00-05:00,208.14,208.14,208.1,208.1,208.1,476
2026-01-29T04:35:00-05:00,208.11,208.11,207.95,207.95,207.95,520
2026-01-29T04:36:00-05:00,208.07,208.07,208.07,208.07,208.07,186
2026-01-29T04:42:00-05:00,207.94,207.94,207.94,207.94,207.94,91
2026-01-29T04:44:00-05:00,207.9,207.9,207.9,207.9,207.9,100
2026-01-29T04:48:00-05:00,207.92,207.92,207.8,207.8,207.8,175
2026-01-29T04:56:00-05:00,207.5,207.5,207.5,207.5,207.5,236
2026-01-29T05:01:00-05:00,207.32,207.32,207.32,207.32,207.32,242
2026-01-29T05:04:00-05:00,207.23,207.37,207.18,207.37,207.37,1323
2026-01-29T05:08:00-05:00,207.46,207.47,207.46,207.47,207.47,289
2026-01-29T05:19:00-05:00,207.35,207.35,207.35,207.35,207.35,225
2026-01-29T05:23:00-05:00,207.44,207.49,207.44,207.49,207.49,136
2026-01-29T05:32:00-05:00,207.79,207.79,207.79,207.79,207.79,132
2026-01-29T05:37:00-05:00,207.72,207.72,207.69,207.69,207.69,100
2026-01-29T05:40:00-05:00,207.76,207.76,207.76,207.76,207.76,82
2026-01-29T05:43:00-05:00,207.69,207.7,207.63,207.63,207.63,253
2026-01-29T05:44:00-05:00,207.7,207.76,207.7,207.76,207.76,217
2026-01-29T05:45:00-05:00,207.76,207.76,207.76,207.76,207.76,154
2026-01-29T05:47:00-05:00,207.63,207.75,207.63,207.75,207.75,267
2026-01-29T05:48:00-05:00,207.67,207.69,207.67,207.69,207.69,139
2026-01-29T05:49:00-05:00,207.76,207.76,207.76,207.76,207.76,74
2026-01-29T05:58:00-05:00,207.61,207.61,207.61,207.61,207.61,144
2026-01-29T06:03:00-05:00,207.56,207.56,207.26,207.3,207.3,5530
2026-01-29T06:07:00-05:00,207.5,207.5,207.5,207.5,207.5,82
2026-01-29T06:10:00-05:00,207.69,207.69,207.69,207.69,207.69,115
2026-01-29T06:11:00-05:00,207.66,207.66,207.66,207.66,207.66,194
2026-01-29T06:14:00-05:00,207.71,207.72,207.71,207.72,207.72,252
2026-01-29T06:15:00-05:00,207.84,207.84,207.84,207.84,207.84,51
2026-01-29T06:16:00-05:00,207.7,207.7,207.7,207.7,207.7,200
2026-01-29T06:27:00-05:00,207.58,207.58,207.58,207.58,207.58,50
2026-01-29T06:34:00-05:00,207.54,207.54,207.47,207.47,207.47,220
2026-01-29T06:35:00-05:00,207.54,207.54,207.54,207.54,207.54,119
2026-01-29T06:40:00-05:00,207.64,207.93,207.59,207.92,207.92,5041
2026-01-29T06:44:00-05:00,207.84,207.9,207.84,207.9,207.9,537
2026-01-29T06:53:00-05:00,207.78,207.78,207.67,207.67,207.67,1155
2026-01-29T06:54:00-05:00,207.72,207.72,207.7,207.7,207.7,209
2026-01-29T06:56:00-05:00,207.79,207.79,207.79,207.79,207.79,55
2026-01-29T06:58:00-05:00,207.76,207.76,207.76,207.76,207.76,157
2026-01-29T06:59:00-05:00,207.71,207.71,207.7,207.7,207.7,408
2026-01-29T07:00:00-05:00,207.89,207.9,207.68,207.83,207.83,1825
2026-01-29T07:02:00-05:00,207.76,207.88,207.76,207.88,207.88,710
2026-01-29T07:04:00-05:00,207.79,207.79,207.79,207.79,207.79,130
2026-01-29T07:06:00-05:00,207.79,208,207.74,207.83,207.83,1346
2026-01-29T07:08:00-05:00,207.88,208.02,207.86,208.02,208.02,307
2026-01-29T07:15:00-05:00,207.96,207.98,207.96,207.98,207.98,162
2026-01-29T07:17:00-05:00,207.95,207.95,207.95,207.95,207.95,218
2026-01-29T07:19:00-05:00,208.1,208.1,208.1,208.1,208.1,320
2026-01-29T07:25:00-05:00,207.79,207.8,207.78,207.78,207.78,294
2026-01-29T07:28:00-05:00,207.96,207.97,207.96,207.97,207.97,100
2026-01-29T07:32:00-05:00,207.88,207.88,207.85,207.85,207.85,252
2026-01-29T07:33:00-05:00,207.88,207.88,207.88,207.88,207.88,135
2026-01-29T07:37:00-05:00,207.87,207.87,207.8,207.8,207.8,997
2026-01-29T07:38:00-05:00,207.75,207.75,207.75,207.75,207.75,183
2026-01-29T07:39:00-05:00,207.68,207.72,207.68,207.72,207.72,1472
2026-01-29T07:40:00-05:00,207.69,207.7,207.63,207.7,207.7,1278
2026-01-29T07:41:00-05:00,207.75,207.75,207.75,207.75,207.75,148
2026-01-29T07:45:00-05:00,207.7,207.7,207.7,207.7,207.7,100
2026-01-29T07:51:00-05:00,207.87,207.87,207.87,207.87,207.87,92
2026-01-29T07:54:00-05:00,207.8,207.84,207.8,207.84,207.84,549
2026-01-29T07:55:00-05:00,207.85,207.85,207.85,207.85,207.85,119
2026-01-29T08:00:00-05:00,207.9,208.2954,207.11,207.9068,207.9068,21480
2026-01-29T08:01:00-05:00,207.85,208.28,207.44,208,208,21513
2026-01-29T08:02:00-05:00,207.99,208,207.98,208,208,818
2026-01-29T08:03:00-05:00,207.93,207.95,207.46,207.48,207.48,2525
2026-01-29T08:04:00-05:00,207.85,207.85,207.85,207.85,207.85,599
2026-01-29T08:05:00-05:00,207.93,207.95,207.93,207.95,207.95,106
2026-01-29T08:06:00-05:00,207.93,207.93,207.93,207.93,207.93,91
2026-01-29T08:07:00-05:00,207.94,207.95,207.94,207.95,207.95,374
2026-01-29T08:08:00-05:00,207.85,207.85,207.7894,207.7894,207.7894,153
2026-01-29T08:09:00-05:00,207.95,207.95,207.95,207.95,207.95,119
2026-01-29T08:10:00-05:00,207.85,207.85,207.76,207.76,207.76,174
2026-01-29T08:11:00-05:00,207.88,207.88,207.88,207.88,207.88,63
2026-01-29T08:12:00-05:00,207.95,207.95,207.81,207.81,207.81,246
2026-01-29T08:13:00-05:00,207.9198,207.95,207.76,207.85,207.85,1028
2026-01-29T08:14:00-05:00,207.95,207.95,207.9252,207.9252,207.9252,175
2026-01-29T08:15:00-05:00,207.87,207.87,207.76,207.76,207.76,325
2026-01-29T08:16:00-05:00,207.76,207.8,207.76,207.8,207.8,1047
2026-01-29T08:19:00-05:00,207.7,207.7,207.7,207.7,207.7,79
2026-01-29T08:20:00-05:00,207.8044,207.8044,207.8044,207.8044,207.8044,301
2026-01-29T08:22:00-05:00,207.75,207.75,207.75,207.75,207.75,132
2026-01-29T08:23:00-05:00,207.7999,207.8,207.7999,207.8,207.8,864
2026-01-29T08:24:00-05:00,207.88,207.88,207.88,207.88,207.88,123
2026-01-29T08:25:00-05:00,207.91,207.95,207.91,207.95,207.95,237
2026-01-29T08:26:00-05:00,207.95,207.98,207.95,207.98,207.98,272
2026-01-29T08:27:00-05:00,208,208,207.91,207.91,207.91,10139
2026-01-29T08:28:00-05:00,207.99,207.99,207.99,207.99,207.99,118
2026-01-29T08:29:00-05:00,207.9983,208.12,207.92,208.12,208.12,898
2026-01-29T08:30:00-05:00,208.218,208.2396,207.9704,207.9704,207.9704,273
2026-01-29T08:32:00-05:00,207.91,207.91,207.91,207.91,207.91,143
2026-01-29T08:33:00-05:00,207.91,207.91,207.91,207.91,207.91,223
2026-01-29T08:34:00-05:00,208.2,208.2,208.2,208.2,208.2,148
2026-01-29T08:35:00-05:00,208.08,208.08,208,208.05,208.05,1753
2026-01-29T08:37:00-05:00,208.0502,208.24,208,208.24,208.24,571
2026-01-29T08:39:00-05:00,208.3,208.3,208.29,208.29,208.29,168
2026-01-29T08:41:00-05:00,208.05,208.15,208.05,208.15,208.15,292
2026-01-29T08:42:00-05:00,208.14,208.14,208.14,208.14,208.14,216
2026-01-29T08:43:00-05:00,208.14,208.16,208.14,208.16,208.16,304
2026-01-29T08:44:00-05:00,208.29,208.29,208.29,208.29,208.29,165
2026-01-29T08:45:00-05:00,208.11,208.11,208.02,208.05,208.05,364
2026-01-29T08:46:00-05:00,208.12,208.12,208.1,208.1,208.1,319
2026-01-29T08:48:00-05:00,208.05,208.05,207.91,207.94,207.94,1352
2026-01-29T08:49:00-05:00,208,208,208,208,208,312
2026-01-29T08:50:00-05:00,207.91,207.91,207.66,207.66,207.66,5551
2026-01-29T08:54:00-05:00,207.6598,207.6598,207.61,207.61,207.61,1267
2026-01-29T08:55:00-05:00,207.69,207.69,207.61,207.61,207.61,230
2026-01-29T08:56:00-05:00,207.9,207.9,207.65,207.7,207.7,770
2026-01-29T08:57:00-05:00,207.65,207.9776,207.65,207.9776,207.9776,628
2026-01-29T09:00:00-05:00,207.75,207.75,207.75,207.75,207.75,285
2026-01-29T09:01:00-05:00,207.75,207.75,207.65,207.65,207.65,116
2026-01-29T09:02:00-05:00,207.76,207.76,207.76,207.76,207.76,554
2026-01-29T09:03:00-05:00,207.65,207.95,207.65,207.67,207.67,516
2026-01-29T09:04:00-05:00,207.82,207.82,207.66,207.66,207.66,416
2026-01-29T09:05:00-05:00,207.66,207.66,207.6268,207.6268,207.6268,370
2026-01-29T09:07:00-05:00,207.75,207.75,207.75,207.75,207.75,290
2026-01-29T09:08:00-05:00,207.93,207.93,207.93,207.93,207.93,1029
2026-01-29T09:09:00-05:00,207.63,207.6666,207.63,207.6666,207.6666,379
2026-01-29T09:10:00-05:00,207.6798,207.6798,207.6798,207.6798,207.6798,302
2026-01-29T09:11:00-05:00,207.63,207.71,207.55,207.55,207.55,928
2026-01-29T09:12:00-05:00,207.7,207.7,207.7,207.7,207.7,5677
2026-01-29T09:13:00-05:00,207.64,207.64,207.64,207.64,207.64,122
2026-01-29T09:14:00-05:00,207.7,207.7,207.5,207.5,207.5,773
2026-01-29T09:15:00-05:00,207.3,207.55,207.3,207.55,207.55,1531
2026-01-29T09:16:00-05:00,207.64,207.64,207.64,207.64,207.64,74
2026-01-29T09:18:00-05:00,207.5,207.5,207.3899,207.3899,207.3899,290
2026-01-29T09:19:00-05:00,207.4,207.4,206.88,207.01,207.01,11457
2026-01-29T09:20:00-05:00,207.6843,207.6843,207.1206,207.1206,207.1206,1130
2026-01-29T09:21:00-05:00,207.12,207.18,207.12,207.18,207.18,188
2026-01-29T09:23:00-05:00,207.25,207.25,207.2,207.2,207.2,284
2026-01-29T09:24:00-05:00,207.22,207.35,207.2,207.35,207.35,1191
2026-01-29T09:25:00-05:00,207.3,207.3,207.1123,207.1123,207.1123,439
2026-01-29T09:26:00-05:00,207.03,207.03,207.02,207.03,207.03,415
2026-01-29T09:27:00-05:00,207.02,207.18,206.49,206.59,206.59,23920
2026-01-29T09:28:00-05:00,206.2,207.12,206.02,206.2425,206.2425,12375
2026-01-29T09:29:00-05:00,206.97,207.12,206.68,206.68,206.68,1071
2026-01-29T09:30:00-05:00,206.815,207,205.5,205.8108,205.8108,185402
2026-01-29T09:31:00-05:00,205.725,205.83,204.67,204.98,204.98,101629
2026-01-29T09:32:00-05:00,204.82,204.93,204.19,204.575,204.575,65078
2026-01-29T09:33:00-05:00,204.58,204.86,203.69,204.1596,204.1596,92233
2026-01-29T09:34:00-05:00,204.24,205.06,204.1401,204.462,204.462,67528
2026-01-29T09:35:00-05:00,204.49,205.18,204.4,204.44,204.44,49215
2026-01-29T09:36:00-05:00,204.5,204.5476,203.24,203.305,203.305,62062
2026-01-29T09:37:00-05:00,203.3,204.57,203.25,204.5395,204.5395,62976
2026-01-29T09:38:00-05:00,204.49,204.79,203.91,204.39,204.39,38162
2026-01-29T09:39:00-05:00,204.4055,204.6778,203.775,203.775,203.775,76258
2026-01-29T09:40:00-05:00,203.89,204,203.42,203.68,203.68,36423
2026-01-29T09:41:00-05:00,203.79,203.79,202.84,202.97,202.97,67350
2026-01-29T09:42:00-05:00,202.945,203.28,202.63,202.79,202.79,53866
2026-01-29T09:43:00-05:00,202.79,203.18,202.61,202.6844,202.6844,61386
2026-01-29T09:44:00-05:00,202.725,202.92,202.22,202.72,202.72,43422
2026-01-29T09:45:00-05:00,202.7899,202.7899,202.3,202.74,202.74,30322
2026-01-29T09:46:00-05:00,202.615,203.48,202.615,203.2199,203.2199,54881
2026-01-29T09:47:00-05:00,203.15,203.15,202.52,203.05,203.05,36057
2026-01-29T09:48:00-05:00,203.08,203.47,202.945,203.21,203.21,42382
2026-01-29T09:49:00-05:00,203.3,204.2,203.04,203.715,203.715,39458
2026-01-29T09:50:00-05:00,203.715,203.81,202.76,203.08,203.08,35123
2026-01-29T09:51:00-05:00,203.21,203.23,202.35,202.415,202.415,46725
2026-01-29T09:52:00-05:00,202.415,202.415,201.97,202.085,202.085,65345
2026-01-29T09:53:00-05:00,202.085,202.13,201.71,201.74,201.74,34460
2026-01-29T09:54:00-05:00,201.755,202.1825,201.43,201.915,201.915,53523
2026-01-29T09:55:00-05:00,201.97,202.05,201.65,201.75,201.75,35819
2026-01-29T09:56:00-05:00,201.73,201.73,201.27,201.34,201.34,44279
2026-01-29T09:57:00-05:00,201.28,201.63,201.1,201.11,201.11,41103
2026-01-29T09:58:00-05:00,201.1766,201.2999,200.7,200.7484,200.7484,50394
2026-01-29T09:59:00-05:00,200.7,200.98,200.4,200.7,200.7,42904
2026-01-29T10:00:00-05:00,200.69,200.75,200.22,200.33,200.33,76413
2026-01-29T10:01:00-05:00,200.31,200.51,200.05,200.33,200.33,88266
2026-01-29T10:02:00-05:00,200.39,200.41,199.6001,200.01,200.01,143283
2026-01-29T10:03:00-05:00,200.0574,200.31,199.8,199.82,199.82,55815
2026-01-29T10:04:00-05:00,199.83,200.16,199.71,200.16,200.16,61380
2026-01-29T10:05:00-05:00,200.17,200.17,199.46,199.69,199.69,51837
2026-01-29T10:06:00-05:00,199.66,199.71,199.01,199.32,199.32,66858
2026-01-29T10:07:00-05:00,199.35,199.9099,199.22,199.8363,199.8363,71313
2026-01-29T10:08:00-05:00,199.85,200.07,199.66,199.8,199.8,58835
2026-01-29T10:09:00-05:00,199.66,199.7799,199.185,199.6,199.6,49899
2026-01-29T10:10:00-05:00,199.59,199.74,199.12,199.74,199.74,37573
2026-01-29T10:11:00-05:00,199.78,200,199.4801,199.77,199.77,41249
2026-01-29T10:12:00-05:00,199.75,199.7899,198.33,198.735,198.735,140852
2026-01-29T10:13:00-05:00,198.77,198.929,198.2101,198.325,198.325,70142
2026-01-29T10:14:00-05:00,198.325,198.57,198.1,198.24,198.24,51844
2026-01-29T10:15:00-05:00,198.25,198.852,198.1801,198.73,198.73,51668
2026-01-29T10:16:00-05:00,198.815,199.22,198.6045,198.71,198.71,35226
2026-01-29T10:17:00-05:00,198.82,198.85,198.52,198.59,198.59,27024
2026-01-29T10:18:00-05:00,198.67,199.39,198.54,199.09,199.09,35291
2026-01-29T10:19:00-05:00,199.18,199.45,199,199.185,199.185,24160
2026-01-29T10:20:00-05:00,199.19,200,198.8,200,200,40128
2026-01-29T10:21:00-05:00,199.965,200.3599,199.95,200.19,200.19,28279
2026-01-29T10:22:00-05:00,200.15,200.45,199.79,200.03,200.03,45641
2026-01-29T10:23:00-05:00,200,200.1,199.4,199.4441,199.4441,23977
2026-01-29T10:24:00-05:00,199.4,199.8048,199.1,199.13,199.13,28618
2026-01-29T10:25:00-05:00,199.2,199.3,199.05,199.195,199.195,29550
2026-01-29T10:26:00-05:00,199.1951,199.44,198.8101,198.97,198.97,41279
2026-01-29T10:27:00-05:00,198.95,199,198.6,198.675,198.675,28379
2026-01-29T10:28:00-05:00,198.67,198.67,198.44,198.475,198.475,34867
2026-01-29T10:29:00-05:00,198.42,198.68,198.23,198.45,198.45,32670
2026-01-29T10:30:00-05:00,198.5699,198.6388,198.16,198.29,198.29,33904
2026-01-29T10:31:00-05:00,198.39,198.515,197.89,198,198,72551
2026-01-29T10:32:00-05:00,198.01,198.06,197.43,197.43,197.43,66029
2026-01-29T10:33:00-05:00,197.445,198.07,197.38,197.81,197.81,57126
2026-01-29T10:34:00-05:00,197.9084,198.2,197.7,197.71,197.71,43778
2026-01-29T10:35:00-05:00,197.71,198.2,197.51,198.125,198.125,71607
2026-01-29T10:36:00-05:00,198.14,198.28,197.5,197.685,197.685,24190
2026-01-29T10:37:00-05:00,197.67,197.9167,197.5803,197.65,197.65,22621
2026-01-29T10:38:00-05:00,197.57,197.8,197.31,197.62,197.62,40328
2026-01-29T10:39:00-05:00,197.7,197.8,197.1,197.15,197.15,36025
2026-01-29T10:40:00-05:00,197.12,197.13,196.6,196.6625,196.6625,70105
2026-01-29T10:41:00-05:00,196.7,197.02,196.6,196.83,196.83,34093
2026-01-29T10:42:00-05:00,196.875,196.96,196.61,196.652,196.652,26388
2026-01-29T10:43:00-05:00,196.62,196.79,196.3963,196.465,196.465,59019
2026-01-29T10:44:00-05:00,196.41,196.86,196.41,196.71,196.71,41879
2026-01-29T10:45:00-05:00,196.5801,196.8,196.37,196.75,196.75,37595
2026-01-29T10:46:00-05:00,196.81,197,196.4401,196.54,196.54,35655
2026-01-29T10:47:00-05:00,196.585,196.8616,196.35,196.75,196.75,35323
2026-01-29T10:48:00-05:00,196.721,196.86,196.18,196.23,196.23,39451
2026-01-29T10:49:00-05:00,196.28,196.28,195.86,196.1,196.1,47950
2026-01-29T10:50:00-05:00,196.09,196.19,195.9,196.03,196.03,35394
2026-01-29T10:51:00-05:00,196.08,196.45,195.93,196.4085,196.4085,39940
2026-01-29T10:52:00-05:00,196.41,196.6,196.345,196.425,196.425,18826
2026-01-29T10:53:00-05:00,196.425,196.51,196.17,196.1858,196.1858,36116
2026-01-29T10:54:00-05:00,196.215,196.61,195.94,196.564,196.564,42952
2026-01-29T10:55:00-05:00,196.5859,197.215,196.54,197.175,197.175,49654
2026-01-29T10:56:00-05:00,197.16,197.76,197.16,197.25,197.25,43587
2026-01-29T10:57:00-05:00,197.11,197.42,196.89,197.06,197.06,27278
2026-01-29T10:58:00-05:00,197.075,197.14,196.63,196.78,196.78,41050
2026-01-29T10:59:00-05:00,196.86,196.98,196.7,196.92,196.92,30105
2026-01-29T11:00:00-05:00,196.85,197.25,196.65,197.155,197.155,36565
2026-01-29T11:01:00-05:00,197.155,197.155,196.76,196.97,196.97,16742
2026-01-29T11:02:00-05:00,196.915,197.11,196.85,197.1,197.1,14258
2026-01-29T11:03:00-05:00,197.17,197.17,196.53,196.7438,196.7438,28022
2026-01-29T11:04:00-05:00,196.6,196.99,196.29,196.29,196.29,40215
2026-01-29T11:05:00-05:00,196.31,196.65,196.25,196.38,196.38,28945
2026-01-29T11:06:00-05:00,196.38,196.38,195.99,196.27,196.27,86688
2026-01-29T11:07:00-05:00,196.27,196.33,195.14,195.4,195.4,105068
2026-01-29T11:08:00-05:00,195.365,196.09,195.34,195.76,195.76,34989
2026-01-29T11:09:00-05:00,195.76,195.95,195.1,195.43,195.43,90637
2026-01-29T11:10:00-05:00,195.41,195.41,194.4,195.2,195.2,165212
2026-01-29T11:11:00-05:00,195.14,195.86,195.07,195.71,195.71,47284
2026-01-29T11:12:00-05:00,195.79,195.91,195.24,195.64,195.64,101214
2026-01-29T11:13:00-05:00,195.65,196,194.97,195.635,195.635,97353
2026-01-29T11:14:00-05:00,195.6645,196,195.62,195.915,195.915,25422
2026-01-29T11:15:00-05:00,195.915,196.22,195.87,196.055,196.055,34882
2026-01-29T11:16:00-05:00,196.055,196.37,195.95,196.235,196.235,32312
2026-01-29T11:17:00-05:00,196.17,196.3,195.72,195.935,195.935,104754
2026-01-29T11:18:00-05:00,196.01,196.11,195.61,195.62,195.62,40934
2026-01-29T11:19:00-05:00,195.65,195.87,195.5,195.73,195.73,32539
2026-01-29T11:20:00-05:00,195.73,196.17,195.6,195.72,195.72,46124
2026-01-29T11:21:00-05:00,195.72,195.7899,195.16,195.485,195.485,29323
2026-01-29T11:22:00-05:00,195.57,195.7755,195.31,195.475,195.475,315249
2026-01-29T11:23:00-05:00,195.41,196.1273,195.15,195.67,195.67,62268
2026-01-29T11:24:00-05:00,195.79,196.19,195.55,195.73,195.73,68899
2026-01-29T11:25:00-05:00,195.69,196.5,195.52,195.88,195.88,38783
2026-01-29T11:26:00-05:00,195.88,196.03,195.6,195.805,195.805,20056
2026-01-29T11:27:00-05:00,195.8,196.19,195.6,195.9,195.9,43149
2026-01-29T11:28:00-05:00,195.7,195.84,195.24,195.36,195.36,42405
2026-01-29T11:29:00-05:00,195.4986,196.22,195.3,195.63,195.63,37186
2026-01-29T11:30:00-05:00,195.64,195.93,195.36,195.44,195.44,34254
2026-01-29T11:31:00-05:00,195.44,195.65,195.03,195.03,195.03,34331
2026-01-29T11:32:00-05:00,195.03,195.0558,194.6,194.8124,194.8124,77606
2026-01-29T11:33:00-05:00,194.8299,195.36,194.8101,194.89,194.89,39852
2026-01-29T11:34:00-05:00,194.93,195.26,194.71,195.17,195.17,20892
2026-01-29T11:35:00-05:00,195.26,195.26,194.61,194.68,194.68,33474
2026-01-29T11:36:00-05:00,194.7399,195.14,194.25,194.3466,194.3466,62175
2026-01-29T11:37:00-05:00,194.365,194.89,194.21,194.59,194.59,38319
2026-01-29T11:38:00-05:00,194.58,194.67,194.41,194.5944,194.5944,35849
2026-01-29T11:39:00-05:00,194.565,194.78,194.51,194.52,194.52,20170
2026-01-29T11:40:00-05:00,194.58,195.3,194.52,195.14,195.14,53580
2026-01-29T11:41:00-05:00,195.1,195.5,195.08,195.175,195.175,50848
2026-01-29T11:42:00-05:00,195.175,195.4,194.95,195.035,195.035,26827
2026-01-29T11:43:00-05:00,194.98,195.035,194.4,194.715,194.715,43716
2026-01-29T11:44:00-05:00,194.8,194.9,194.35,194.42,194.42,24756
2026-01-29T11:45:00-05:00,194.45,194.61,194.29,194.4,194.4,26359
2026-01-29T11:46:00-05:00,194.4,195.27,194.4,195.16,195.16,19195
2026-01-29T11:47:00-05:00,195.24,195.31,194.75,194.822,194.822,38204
2026-01-29T11:48:00-05:00,194.75,195.06,194.7,194.94,194.94,22902
2026-01-29T11:49:00-05:00,195.01,195.02,194.83,194.88,194.88,22138
2026-01-29T11:50:00-05:00,194.97,195.23,194.714,195.185,195.185,23510
2026-01-29T11:51:00-05:00,195.195,195.3,194.93,195.02,195.02,18274
2026-01-29T11:52:00-05:00,195.02,195.24,194.97,195.18,195.18,17028
2026-01-29T11:53:00-05:00,195.18,195.25,195.0401,195.12,195.12,35778
2026-01-29T11:54:00-05:00,195.12,195.39,195.12,195.31,195.31,21945
2026-01-29T11:55:00-05:00,195.31,195.84,195.31,195.57,195.57,31585
2026-01-29T11:56:00-05:00,195.53,195.61,195.385,195.54,195.54,15725
2026-01-29T11:57:00-05:00,195.565,195.62,195.385,195.445,195.445,12405
2026-01-29T11:58:00-05:00,195.445,195.6591,195.385,195.44,195.44,16995
2026-01-29T11:59:00-05:00,195.44,195.98,195.42,195.91,195.91,34154
2026-01-29T12:00:00-05:00,195.87,196.2,195.77,196.05,196.05,25775
2026-01-29T12:01:00-05:00,196.01,196.44,196.01,196.3099,196.3099,27776
2026-01-29T12:02:00-05:00,196.185,196.63,196.1315,196.4,196.4,21585
2026-01-29T12:03:00-05:00,196.395,196.45,196.03,196.12,196.12,26065
2026-01-29T12:04:00-05:00,196.12,196.4899,196.04,196.4399,196.4399,21459
2026-01-29T12:05:00-05:00,196.41,196.42,196.14,196.203,196.203,23638
2026-01-29T12:06:00-05:00,196.24,196.3499,196.101,196.27,196.27,19113
2026-01-29T12:07:00-05:00,196.28,196.65,196.2623,196.575,196.575,18346
2026-01-29T12:08:00-05:00,196.55,196.75,196.43,196.695,196.695,26170
2026-01-29T12:09:00-05:00,196.695,196.8,196.43,196.65,196.65,18355
2026-01-29T12:10:00-05:00,196.625,197.09,196.58,197.04,197.04,32989
2026-01-29T12:11:00-05:00,196.88,197.1,196.88,197.04,197.04,19674
2026-01-29T12:12:00-05:00,197.0322,197.11,196.83,197.06,197.06,31569
2026-01-29T12:13:00-05:00,197.06,197.6,197.05,197.5095,197.5095,53808
2026-01-29T12:14:00-05:00,197.52,197.55,197.24,197.32,197.32,13798
2026-01-29T12:15:00-05:00,197.39,197.5358,197.3,197.325,197.325,20583
2026-01-29T12:16:00-05:00,197.28,197.3,196.8,196.95,196.95,30339
2026-01-29T12:17:00-05:00,196.895,197.34,196.71,197.13,197.13,27325
2026-01-29T12:18:00-05:00,197.25,197.84,197.15,197.72,197.72,30267
2026-01-29T12:19:00-05:00,197.71,198.16,197.69,197.92,197.92,32564
2026-01-29T12:20:00-05:00,197.97,198.1,197.89,198.02,198.02,23308
2026-01-29T12:21:00-05:00,198.0446,198.18,197.825,197.86,197.86,11808
2026-01-29T12:22:00-05:00,197.92,198.02,197.33,197.33,197.33,28747
2026-01-29T12:23:00-05:00,197.385,197.81,197.25,197.7,197.7,15992
2026-01-29T12:24:00-05:00,197.67,197.8663,197.5,197.5,197.5,10113
2026-01-29T12:25:00-05:00,197.4603,197.51,197.27,197.33,197.33,13696
2026-01-29T12:26:00-05:00,197.33,197.4,197.1401,197.215,197.215,14332
2026-01-29T12:27:00-05:00,197.25,197.43,197.225,197.4,197.4,9056
2026-01-29T12:28:00-05:00,197.5,197.63,197.4679,197.565,197.565,14712
2026-01-29T12:29:00-05:00,197.58,197.75,197.5,197.5,197.5,16855
2026-01-29T12:30:00-05:00,197.51,197.78,197.42,197.74,197.74,21203
2026-01-29T12:31:00-05:00,197.75,197.86,197.3,197.4549,197.4549,24890
2026-01-29T12:32:00-05:00,197.4409,197.625,197.3551,197.52,197.52,23792
2026-01-29T12:33:00-05:00,197.645,197.76,197.32,197.375,197.375,31108
2026-01-29T12:34:00-05:00,197.3825,197.88,197.3132,197.685,197.685,20082
2026-01-29T12:35:00-05:00,197.78,197.87,197.5314,197.59,197.59,15840
2026-01-29T12:36:00-05:00,197.59,197.8151,197.54,197.74,197.74,8290
2026-01-29T12:37:00-05:00,197.78,198.11,197.78,198.09,198.09,16100
2026-01-29T12:38:00-05:00,198.0301,198.28,198.001,198.065,198.065,19697
2026-01-29T12:39:00-05:00,198.03,198.13,197.94,197.96,197.96,12321
2026-01-29T12:40:00-05:00,197.91,197.94,197.48,197.52,197.52,18953
2026-01-29T12:41:00-05:00,197.5,197.69,197.4001,197.49,197.49,11886
2026-01-29T12:42:00-05:00,197.5568,197.59,197.38,197.46,197.46,17294
2026-01-29T12:43:00-05:00,197.51,197.74,197.29,197.72,197.72,13675
2026-01-29T12:44:00-05:00,197.74,197.85,197.61,197.85,197.85,22628
2026-01-29T12:45:00-05:00,197.85,197.8625,197.3551,197.375,197.375,11318
2026-01-29T12:46:00-05:00,197.39,197.66,197.39,197.535,197.535,17551
2026-01-29T12:47:00-05:00,197.51,197.55,197,197.08,197.08,14193
2026-01-29T12:48:00-05:00,197.08,197.24,196.92,197.24,197.24,34977
2026-01-29T12:49:00-05:00,197.24,197.61,197.24,197.335,197.335,12963
2026-01-29T12:50:00-05:00,197.2,198.19,196.96,197.495,197.495,114239
2026-01-29T12:51:00-05:00,197.59,198.2,197.41,197.45,197.45,36106
2026-01-29T12:52:00-05:00,197.51,197.79,197.35,197.4737,197.4737,20673
2026-01-29T12:53:00-05:00,197.47,197.687,197.285,197.35,197.35,27126
2026-01-29T12:54:00-05:00,197.35,197.59,197.15,197.34,197.34,26472
2026-01-29T12:55:00-05:00,197.438,197.71,197.24,197.43,197.43,23038
2026-01-29T12:56:00-05:00,197.4,197.75,197.28,197.6,197.6,17682
2026-01-29T12:57:00-05:00,197.58,197.61,197.285,197.285,197.285,16768
2026-01-29T12:58:00-05:00,197.28,197.41,197.02,197.41,197.41,14956
2026-01-29T12:59:00-05:00,197.33,197.405,197,197.0777,197.0777,26621
2026-01-29T13:00:00-05:00,197.2,197.36,196.88,196.88,196.88,19297
2026-01-29T13:01:00-05:00,196.88,197.07,196.5,196.6,196.6,24857
2026-01-29T13:02:00-05:00,196.715,197.12,196.7,197.08,197.08,19273
2026-01-29T13:03:00-05:00,197.085,197.34,196.975,197.1182,197.1182,27614
2026-01-29T13:04:00-05:00,197.09,197.24,196.84,197.0275,197.0275,29796
2026-01-29T13:05:00-05:00,197.025,197.5,196.97,197.43,197.43,13566
2026-01-29T13:06:00-05:00,197.402,197.68,197.25,197.33,197.33,10640
2026-01-29T13:07:00-05:00,197.335,197.41,197.14,197.16,197.16,7363
2026-01-29T13:08:00-05:00,197.19,197.3585,197.06,197.22,197.22,12433
2026-01-29T13:09:00-05:00,197.259,197.54,197.17,197.505,197.505,15986
2026-01-29T13:10:00-05:00,197.505,197.86,197.47,197.7672,197.7672,13060
2026-01-29T13:11:00-05:00,197.77,197.92,197.7,197.75,197.75,15255
2026-01-29T13:12:00-05:00,197.89,198,197.731,197.92,197.92,15057
2026-01-29T13:13:00-05:00,197.9801,198.21,197.96,198.005,198.005,18563
2026-01-29T13:14:00-05:00,197.94,198.0765,197.73,197.73,197.73,11835
2026-01-29T13:15:00-05:00,197.76,197.8699,197.43,197.85,197.85,12233
2026-01-29T13:16:00-05:00,197.6701,198.06,197.67,198.0084,198.0084,13022
2026-01-29T13:17:00-05:00,197.9602,198.21,197.64,197.76,197.76,30812
2026-01-29T13:18:00-05:00,197.61,197.795,197.41,197.595,197.595,34623
2026-01-29T13:19:00-05:00,197.59,197.69,197.44,197.52,197.52,9596
2026-01-29T13:20:00-05:00,197.58,197.58,197.29,197.355,197.355,15462
2026-01-29T13:21:00-05:00,197.34,197.43,197.14,197.4,197.4,10425
2026-01-29T13:22:00-05:00,197.35,197.54,197.24,197.345,197.345,8989
2026-01-29T13:23:00-05:00,197.37,197.37,197.06,197.17,197.17,20409
2026-01-29T13:24:00-05:00,197.14,197.14,196.87,197.07,197.07,26375
2026-01-29T13:25:00-05:00,197.045,197.05,196.8,196.855,196.855,14138
2026-01-29T13:26:00-05:00,196.88,196.924,196.7,196.77,196.77,13595
2026-01-29T13:27:00-05:00,196.75,196.8,196.4001,196.47,196.47,21580
2026-01-29T13:28:00-05:00,196.4,196.57,196.21,196.515,196.515,15419
2026-01-29T13:29:00-05:00,196.515,196.74,196.48,196.6,196.6,86131
2026-01-29T13:30:00-05:00,196.57,196.6699,195.08,195.115,195.115,64080
2026-01-29T13:31:00-05:00,195.11,195.45,194.96,195.18,195.18,58696
2026-01-29T13:32:00-05:00,195.28,195.42,194.81,194.81,194.81,42382
2026-01-29T13:33:00-05:00,194.85,194.89,194.5001,194.6,194.6,25779
2026-01-29T13:34:00-05:00,194.605,194.73,194.5,194.7199,194.7199,24964
2026-01-29T13:35:00-05:00,194.64,194.86,194.37,194.8,194.8,53149
2026-01-29T13:36:00-05:00,194.8,195.04,194.64,194.7,194.7,43352
2026-01-29T13:37:00-05:00,194.71,194.87,194.6569,194.8,194.8,24660
2026-01-29T13:38:00-05:00,194.77,195.2099,194.72,195.04,195.04,21803
2026-01-29T13:39:00-05:00,195.1101,195.34,195.04,195.27,195.27,30054
2026-01-29T13:40:00-05:00,195.29,195.88,195.29,195.8797,195.8797,31479
2026-01-29T13:41:00-05:00,195.88,195.97,195.495,195.565,195.565,29469
2026-01-29T13:42:00-05:00,195.63,195.82,195.35,195.475,195.475,11625
2026-01-29T13:43:00-05:00,195.475,195.79,195.32,195.7896,195.7896,37158
2026-01-29T13:44:00-05:00,195.69,195.8899,195.59,195.73,195.73,21883
2026-01-29T13:45:00-05:00,195.72,195.85,195.63,195.82,195.82,11125
2026-01-29T13:46:00-05:00,195.7,195.94,195.59,195.85,195.85,21463
2026-01-29T13:47:00-05:00,195.83,196.11,195.83,195.92,195.92,11493
2026-01-29T13:48:00-05:00,195.92,195.9887,195.44,195.5334,195.5334,20852
2026-01-29T13:49:00-05:00,195.5201,195.9438,195.5201,195.8528,195.8528,10210
2026-01-29T13:50:00-05:00,195.88,196.2,195.84,196,196,13068
2026-01-29T13:51:00-05:00,195.93,195.985,195.4,195.77,195.77,19866
2026-01-29T13:52:00-05:00,195.6001,195.68,195.28,195.3,195.3,11408
2026-01-29T13:53:00-05:00,195.36,195.5438,195.15,195.3445,195.3445,14620
2026-01-29T13:54:00-05:00,195.31,195.45,195.18,195.265,195.265,12664
2026-01-29T13:55:00-05:00,195.32,195.75,195.09,195.74,195.74,17008
2026-01-29T13:56:00-05:00,195.7083,196.13,195.7083,196.11,196.11,14335
2026-01-29T13:57:00-05:00,196.0899,196.355,195.88,195.92,195.92,31472
2026-01-29T13:58:00-05:00,195.92,196.0125,195.82,195.945,195.945,17068
2026-01-29T13:59:00-05:00,195.903,196.05,195.3,195.346,195.346,18182
2026-01-29T14:00:00-05:00,195.375,195.68,195.3,195.51,195.51,17558
2026-01-29T14:01:00-05:00,195.565,195.71,195.45,195.7099,195.7099,15981
2026-01-29T14:02:00-05:00,195.6525,196.2675,195.6525,196.01,196.01,22127
2026-01-29T14:03:00-05:00,196.0051,196.0051,195.58,195.62,195.62,8808
2026-01-29T14:04:00-05:00,195.75,196.065,195.6701,195.97,195.97,28681
2026-01-29T14:05:00-05:00,195.98,196.26,195.65,196.15,196.15,32058
2026-01-29T14:06:00-05:00,196.2024,196.3899,196.0801,196.165,196.165,21729
2026-01-29T14:07:00-05:00,196.1479,196.45,196.1479,196.38,196.38,8272
2026-01-29T14:08:00-05:00,196.39,196.52,196.2201,196.4643,196.4643,15245
2026-01-29T14:09:00-05:00,196.3964,196.4793,196.23,196.41,196.41,9381
2026-01-29T14:10:00-05:00,196.41,196.41,196.0001,196.07,196.07,17584
2026-01-29T14:11:00-05:00,196.03,196.3,195.98,196.3,196.3,17654
2026-01-29T14:12:00-05:00,196.2,196.34,196.15,196.22,196.22,14585
2026-01-29T14:13:00-05:00,196.16,196.4,196.11,196.19,196.19,13719
2026-01-29T14:14:00-05:00,196.21,196.33,196.1,196.3193,196.3193,15405
2026-01-29T14:15:00-05:00,196.32,196.65,196.29,196.6,196.6,16421
2026-01-29T14:16:00-05:00,196.595,196.89,196.57,196.89,196.89,12193
2026-01-29T14:17:00-05:00,196.86,196.91,196.78,196.89,196.89,12951
2026-01-29T14:18:00-05:00,196.8917,197.1073,196.8194,196.85,196.85,32227
2026-01-29T14:19:00-05:00,196.845,196.91,196.6,196.72,196.72,17793
2026-01-29T14:20:00-05:00,196.79,196.79,196.54,196.5973,196.5973,13687
2026-01-29T14:21:00-05:00,196.5501,196.8,196.5501,196.73,196.73,12091
2026-01-29T14:22:00-05:00,196.74,196.74,196.35,196.42,196.42,20263
2026-01-29T14:23:00-05:00,196.435,196.47,196.25,196.4,196.4,18789
2026-01-29T14:24:00-05:00,196.383,196.72,196.383,196.645,196.645,24202
2026-01-29T14:25:00-05:00,196.67,196.8122,196.61,196.78,196.78,19431
2026-01-29T14:26:00-05:00,196.78,197,196.68,196.965,196.965,16565
2026-01-29T14:27:00-05:00,196.94,196.94,196.65,196.81,196.81,23634
2026-01-29T14:28:00-05:00,196.77,196.83,196.53,196.775,196.775,19237
2026-01-29T14:29:00-05:00,196.785,197.08,196.74,196.97,196.97,22895
2026-01-29T14:30:00-05:00,196.91,197.01,195.77,195.865,195.865,37898
2026-01-29T14:31:00-05:00,195.78,196.26,195.62,195.99,195.99,25758
2026-01-29T14:32:00-05:00,195.965,196.09,195.71,195.87,195.87,14700
2026-01-29T14:33:00-05:00,195.865,196.28,195.794,196.17,196.17,21235
2026-01-29T14:34:00-05:00,196.17,196.1893,195.69,195.69,195.69,20430
2026-01-29T14:35:00-05:00,195.71,196.01,195.7,195.7923,195.7923,14336
2026-01-29T14:36:00-05:00,195.785,195.98,195.73,195.89,195.89,7203
2026-01-29T14:37:00-05:00,195.85,195.93,195.67,195.93,195.93,16688
2026-01-29T14:38:00-05:00,195.93,196.086,195.88,195.9,195.9,13317
2026-01-29T14:39:00-05:00,195.935,196.2098,195.87,195.8937,195.8937,11594
2026-01-29T14:40:00-05:00,195.8818,196.2799,195.8818,196.26,196.26,23655
2026-01-29T14:41:00-05:00,196.26,196.7299,196.19,196.62,196.62,16742
2026-01-29T14:42:00-05:00,196.62,196.66,196.3901,196.4,196.4,15525
2026-01-29T14:43:00-05:00,196.495,196.589,196.39,196.475,196.475,11638
2026-01-29T14:44:00-05:00,196.5,196.75,196.5,196.67,196.67,14091
2026-01-29T14:45:00-05:00,196.69,197.13,196.69,196.85,196.85,19368
2026-01-29T14:46:00-05:00,196.85,196.99,196.75,196.75,196.75,15409
2026-01-29T14:47:00-05:00,196.8,196.86,196.68,196.7199,196.7199,18365
2026-01-29T14:48:00-05:00,196.67,196.75,196.61,196.68,196.68,12394
2026-01-29T14:49:00-05:00,196.67,196.78,196.64,196.7,196.7,15980
2026-01-29T14:50:00-05:00,196.7051,196.79,196.64,196.745,196.745,8253
2026-01-29T14:51:00-05:00,196.79,196.9,196.67,196.86,196.86,14004
2026-01-29T14:52:00-05:00,196.87,196.9074,196.422,196.43,196.43,18120
2026-01-29T14:53:00-05:00,196.48,196.48,196.27,196.31,196.31,13494
2026-01-29T14:54:00-05:00,196.314,196.8299,196.25,196.405,196.405,49476
2026-01-29T14:55:00-05:00,196.405,196.9,196.37,196.7599,196.7599,13819
2026-01-29T14:56:00-05:00,196.675,196.7999,196.45,196.465,196.465,12458
2026-01-29T14:57:00-05:00,196.5,196.65,196.4,196.53,196.53,11056
2026-01-29T14:58:00-05:00,196.53,196.57,196.11,196.175,196.175,17051
2026-01-29T14:59:00-05:00,196.24,196.4082,195.85,195.897,195.897,24394
2026-01-29T15:00:00-05:00,195.96,196.63,195.8056,195.995,195.995,57283
2026-01-29T15:01:00-05:00,196.04,196.1399,195.86,195.96,195.96,13899
2026-01-29T15:02:00-05:00,195.91,196.02,195.81,195.9599,195.9599,17821
2026-01-29T15:03:00-05:00,195.905,196.04,195.86,195.88,195.88,15863
2026-01-29T15:04:00-05:00,195.9299,196.05,195.84,195.9,195.9,15129
2026-01-29T15:05:00-05:00,195.97,196.1899,195.81,196.09,196.09,38389
2026-01-29T15:06:00-05:00,196.1,196.436,196.1,196.33,196.33,15408
2026-01-29T15:07:00-05:00,196.28,196.38,196.18,196.315,196.315,11826
2026-01-29T15:08:00-05:00,196.33,196.4246,196.19,196.27,196.27,21413
2026-01-29T15:09:00-05:00,196.2,196.2,196.02,196.1,196.1,15850
2026-01-29T15:10:00-05:00,196.1,196.38,195.97,196.305,196.305,46205
2026-01-29T15:11:00-05:00,196.32,196.36,196.08,196.14,196.14,20435
2026-01-29T15:12:00-05:00,196.14,196.17,195.91,196.02,196.02,21717
2026-01-29T15:13:00-05:00,196.04,196.05,195.85,195.99,195.99,18967
2026-01-29T15:14:00-05:00,195.97,196.01,195.818,195.85,195.85,19641
2026-01-29T15:15:00-05:00,195.87,195.97,195.68,195.75,195.75,22848
2026-01-29T15:16:00-05:00,195.73,195.73,195.55,195.73,195.73,18257
2026-01-29T15:17:00-05:00,195.7,195.75,195.45,195.465,195.465,21539
2026-01-29T15:18:00-05:00,195.4201,195.71,195.25,195.6785,195.6785,23716
2026-01-29T15:19:00-05:00,195.66,195.69,195.47,195.57,195.57,21686
2026-01-29T15:20:00-05:00,195.5,195.5977,195.28,195.35,195.35,18994
2026-01-29T15:21:00-05:00,195.375,195.64,195.35,195.4,195.4,26153
2026-01-29T15:22:00-05:00,195.44,195.67,195.44,195.525,195.525,15301
2026-01-29T15:23:00-05:00,195.48,195.58,195.35,195.4,195.4,15502
2026-01-29T15:24:00-05:00,195.36,195.56,195.34,195.5179,195.5179,15945
2026-01-29T15:25:00-05:00,195.57,195.6,195.41,195.5655,195.5655,25983
2026-01-29T15:26:00-05:00,195.56,196,195.55,196,196,25376
2026-01-29T15:27:00-05:00,196.03,196.07,195.8,195.885,195.885,18520
2026-01-29T15:28:00-05:00,195.89,196,195.7701,195.79,195.79,25166
2026-01-29T15:29:00-05:00,195.825,196.05,195.78,195.995,195.995,27180
2026-01-29T15:30:00-05:00,196.05,196.29,196.05,196.11,196.11,31752
2026-01-29T15:31:00-05:00,196.1,196.35,196.07,196.11,196.11,32193
2026-01-29T15:32:00-05:00,196.106,196.42,196.08,196.1501,196.1501,21815
2026-01-29T15:33:00-05:00,196.185,196.315,196.05,196.07,196.07,29173
2026-01-29T15:34:00-05:00,196.08,196.24,195.93,195.93,195.93,28279
2026-01-29T15:35:00-05:00,196,196.39,195.93,196.31,196.31,25125
2026-01-29T15:36:00-05:00,196.35,196.76,196.31,196.63,196.63,23053
2026-01-29T15:37:00-05:00,196.645,196.71,196.52,196.7,196.7,22527
2026-01-29T15:38:00-05:00,196.7,196.905,196.7,196.87,196.87,30206
2026-01-29T15:39:00-05:00,196.875,197.035,196.81,196.97,196.97,21092
2026-01-29T15:40:00-05:00,196.95,197.08,196.89,196.965,196.965,29716
2026-01-29T15:41:00-05:00,196.99,197.02,196.74,196.8978,196.8978,27588
2026-01-29T15:42:00-05:00,196.91,197.4,196.88,197.25,197.25,35927
2026-01-29T15:43:00-05:00,197.3,197.55,197.28,197.5,197.5,18957
2026-01-29T15:44:00-05:00,197.4758,197.59,197.42,197.44,197.44,23800
2026-01-29T15:45:00-05:00,197.435,197.76,197.33,197.665,197.665,42975
2026-01-29T15:46:00-05:00,197.67,197.99,197.62,197.815,197.815,24061
2026-01-29T15:47:00-05:00,197.815,198,197.7701,197.9,197.9,24678
2026-01-29T15:48:00-05:00,197.925,198.08,197.89,198.02,198.02,28098
2026-01-29T15:49:00-05:00,198.055,198.1,197.98,198.06,198.06,31442
2026-01-29T15:50:00-05:00,198.1,198.67,198.085,198.67,198.67,69218
2026-01-29T15:51:00-05:00,198.68,198.8599,198.61,198.79,198.79,60905
2026-01-29T15:52:00-05:00,198.76,198.785,198.37,198.405,198.405,79078
2026-01-29T15:53:00-05:00,198.4612,198.74,198.43,198.6,198.6,51999
2026-01-29T15:54:00-05:00,198.59,199.18,198.57,199.14,199.14,83698
2026-01-29T15:55:00-05:00,199.14,199.24,198.89,199.13,199.13,81881
2026-01-29T15:56:00-05:00,199.13,199.23,199.03,199.18,199.18,63215
2026-01-29T15:57:00-05:00,199.18,199.3,198.99,199.13,199.13,80820
2026-01-29T15:58:00-05:00,199.16,199.18,199.01,199.01,199.01,108663
2026-01-29T15:59:00-05:00,199.01,199.34,198.99,199.25,199.25,246788
2026-01-29T16:00:00-05:00,199.18,199.45,199.18,199.44,199.44,38624
2026-01-29T16:01:00-05:00,199.0262,199.26,198.98,199.0389,199.0389,1943
2026-01-29T16:02:00-05:00,199.08,199.35,199.08,199.33,199.33,772
2026-01-29T16:03:00-05:00,199.17,199.36,199.17,199.35,199.35,1596
2026-01-29T16:04:00-05:00,199.34,199.5,199.23,199.261,199.261,4140
2026-01-29T16:05:00-05:00,199.55,199.62,199.2,199.2,199.2,665
2026-01-29T16:06:00-05:00,199.47,199.47,199.45,199.45,199.45,971
2026-01-29T16:07:00-05:00,199.36,199.56,199.2,199.56,199.56,7378
2026-01-29T16:08:00-05:00,199.18,199.37,199.18,199.37,199.37,484
2026-01-29T16:09:00-05:00,199.5,199.6,199.5,199.6,199.6,772
2026-01-29T16:10:00-05:00,199.6031,199.63,199.56,199.6,199.6,7705
2026-01-29T16:11:00-05:00,199.63,199.63,199.36,199.6,199.6,3046
2026-01-29T16:12:00-05:00,199.6,199.63,199.5,199.5,199.5,3687
2026-01-29T16:13:00-05:00,199.43,199.47,199.3956,199.47,199.47,2161
2026-01-29T16:14:00-05:00,199.37,199.62,199.3,199.62,199.62,1101
2026-01-29T16:15:00-05:00,199.2,199.26,199.2,199.26,199.26,1213
2026-01-29T16:16:00-05:00,199.2,199.62,199.2,199.37,199.37,2785
2026-01-29T16:17:00-05:00,199.43,199.62,199.35,199.35,199.35,412
2026-01-29T16:18:00-05:00,199.5704,199.5704,199.5704,199.5704,199.5704,331
2026-01-29T16:19:00-05:00,199.31,199.31,199.3,199.3,199.3,320
2026-01-29T16:20:00-05:00,199.3982,199.3982,199.3982,199.3982,199.3982,301
2026-01-29T16:21:00-05:00,199.31,199.31,199.17,199.17,199.17,2166
2026-01-29T16:22:00-05:00,199.17,199.17,199.09,199.12,199.12,368
2026-01-29T16:23:00-05:00,199.15,199.15,199.15,199.15,199.15,91
2026-01-29T16:24:00-05:00,199.15,199.15,199.15,199.15,199.15,92
2026-01-29T16:25:00-05:00,199.28,199.28,199.28,199.28,199.28,134
2026-01-29T16:26:00-05:00,199.3,199.3,199.25,199.25,199.25,467
2026-01-29T16:27:00-05:00,199.3,199.3,199.22,199.3,199.3,507
2026-01-29T16:28:00-05:00,199.26,199.295,199.26,199.295,199.295,476
2026-01-29T16:29:00-05:00,199.25,199.48,199.25,199.48,199.48,954
2026-01-29T16:30:00-05:00,199.6,199.6,199.6,199.6,199.6,331
2026-01-29T16:31:00-05:00,199.4,199.4,199.4,199.4,199.4,105
2026-01-29T16:32:00-05:00,199.6,199.62,199.2,199.5,199.5,1913
2026-01-29T16:34:00-05:00,199.4,199.46,199.2,199.2,199.2,693
2026-01-29T16:35:00-05:00,199.37,199.37,199.37,199.37,199.37,163
2026-01-29T16:36:00-05:00,199.45,199.45,199.45,199.45,199.45,243
2026-01-29T16:37:00-05:00,199.593,199.593,199.593,199.593,199.593,164
2026-01-29T16:38:00-05:00,199.6,199.63,199.6,199.62,199.62,1168
2026-01-29T16:39:00-05:00,199.6,199.6,199.6,199.6,199.6,76
2026-01-29T16:41:00-05:00,199.5,199.63,199.5,199.5,199.5,1631
2026-01-29T16:42:00-05:00,199.5286,199.63,199.5286,199.6299,199.6299,619
2026-01-29T16:43:00-05:00,199.6218,199.6218,199.55,199.55,199.55,437
2026-01-29T16:44:00-05:00,199.6,199.6,199.6,199.6,199.6,61
2026-01-29T16:45:00-05:00,199.63,199.63,199.63,199.63,199.63,295
2026-01-29T16:46:00-05:00,199.6,199.6176,199.55,199.55,199.55,929
2026-01-29T16:47:00-05:00,199.55,199.55,199.55,199.55,199.55,203
2026-01-29T16:49:00-05:00,199.63,199.63,199.565,199.57,199.57,1475
2026-01-29T16:50:00-05:00,199.6285,199.6285,199.45,199.45,199.45,1881
2026-01-29T16:51:00-05:00,199.49,199.5,199.49,199.5,199.5,220
2026-01-29T16:52:00-05:00,199.6,199.63,199.56,199.56,199.56,379
2026-01-29T16:53:00-05:00,199.5018,199.5201,199.5018,199.5201,199.5201,227
2026-01-29T16:54:00-05:00,199.55,199.57,199.55,199.57,199.57,283
2026-01-29T16:56:00-05:00,199.54,199.88,199.54,199.88,199.88,13883
2026-01-29T16:57:00-05:00,199.96,200.4,199.96,200.4,200.4,2911
2026-01-29T16:58:00-05:00,200.32,200.32,200.0396,200.0396,200.0396,1115
2026-01-29T16:59:00-05:00,200.3,200.5,200.27,200.5,200.5,3863
2026-01-29T17:00:00-05:00,200.51,200.55,200.5,200.55,200.55,1595
2026-01-29T17:01:00-05:00,200.65,200.66,200.65,200.65,200.65,1009
2026-01-29T17:02:00-05:00,200.65,200.81,200.65,200.81,200.81,774
2026-01-29T17:03:00-05:00,200.6,200.8,200.6,200.75,200.75,638
2026-01-29T17:04:00-05:00,200.68,200.6962,200.63,200.63,200.63,156
2026-01-29T17:05:00-05:00,200.75,200.75,200.75,200.75,200.75,120
2026-01-29T17:06:00-05:00,200.7,200.7001,200.7,200.7001,200.7001,765
2026-01-29T17:07:00-05:00,200.65,200.65,200.5,200.5,200.5,793
2026-01-29T17:08:00-05:00,200.45,200.45,200.4,200.4,200.4,553
2026-01-29T17:09:00-05:00,200.2041,200.2041,200.2041,200.2041,200.2041,100
2026-01-29T17:10:00-05:00,200.2,200.2,200.2,200.2,200.2,228
2026-01-29T17:11:00-05:00,200.2465,200.2465,200.2465,200.2465,200.2465,167
2026-01-29T17:12:00-05:00,200.4318,200.4318,200.4318,200.4318,200.4318,128
2026-01-29T17:13:00-05:00,200.2,200.2465,200.2,200.2465,200.2465,382
2026-01-29T17:14:00-05:00,200.21,200.21,200.21,200.21,200.21,199
2026-01-29T17:16:00-05:00,200.2,200.2,200,200,200,669
2026-01-29T17:17:00-05:00,200,200.1,199.97,200,200,2036
2026-01-29T17:18:00-05:00,199.7,199.7,199.7,199.7,199.7,208
2026-01-29T17:20:00-05:00,199.71,200,199.68,200,200,1318
2026-01-29T17:22:00-05:00,199.6896,199.6896,199.63,199.63,199.63,847
2026-01-29T17:25:00-05:00,199.53,199.53,199.53,199.53,199.53,142
2026-01-29T17:26:00-05:00,199.82,199.82,199.82,199.82,199.82,84
2026-01-29T17:28:00-05:00,199.9465,199.9994,199.76,199.76,199.76,511
2026-01-29T17:29:00-05:00,199.95,199.95,199.95,199.95,199.95,73
2026-01-29T17:32:00-05:00,199.4201,199.4201,199.4201,199.4201,199.4201,94
2026-01-29T17:33:00-05:00,199.81,199.88,199.4928,199.4928,199.4928,272
2026-01-29T17:36:00-05:00,199.42,199.42,199.42,199.42,199.42,133
2026-01-29T17:37:00-05:00,199.84,199.84,199.8,199.8,199.8,217
2026-01-29T17:38:00-05:00,199.95,199.95,199.95,199.95,199.95,107
2026-01-29T17:39:00-05:00,199.76,199.76,199.76,199.76,199.76,184
2026-01-29T17:41:00-05:00,199.8,199.8,199.8,199.8,199.8,184
2026-01-29T17:42:00-05:00,199.9533,199.9533,199.9,199.9,199.9,206
2026-01-29T17:43:00-05:00,199.98,199.9884,199.98,199.9884,199.9884,515
2026-01-29T17:44:00-05:00,199.9,199.9,199.9,199.9,199.9,215
2026-01-29T17:45:00-05:00,199.9,199.9,199.882,199.882,199.882,442
2026-01-29T17:48:00-05:00,199.88,199.88,199.88,199.88,199.88,145
2026-01-29T17:49:00-05:00,199.88,199.88,199.88,199.88,199.88,54
2026-01-29T17:51:00-05:00,199.8,199.8,199.8,199.8,199.8,60
2026-01-29T17:52:00-05:00,199.62,199.62,199.6011,199.6011,199.6011,93
2026-01-29T17:53:00-05:00,199.61,199.8289,199.61,199.8289,199.8289,172
2026-01-29T17:55:00-05:00,199.62,199.62,199.62,199.62,199.62,406
2026-01-29T17:56:00-05:00,199.7,199.7,199.62,199.62,199.62,139
2026-01-29T17:57:00-05:00,199.66,199.74,199.66,199.74,199.74,219
2026-01-29T17:58:00-05:00,199.7,199.7,199.7,199.7,199.7,157
2026-01-29T17:59:00-05:00,199.7,199.7,199.7,199.7,199.7,120
2026-01-29T18:01:00-05:00,199.8568,199.8568,199.73,199.8215,199.8215,261
2026-01-29T18:02:00-05:00,199.6,199.6,199.6,199.6,199.6,116
2026-01-29T18:03:00-05:00,199.6,199.6,199.6,199.6,199.6,145
2026-01-29T18:04:00-05:00,199.6,199.6,199.5,199.5,199.5,458
2026-01-29T18:05:00-05:00,199.5862,199.5862,199.5862,199.5862,199.5862,51
2026-01-29T18:06:00-05:00,199.5,199.5723,199.42,199.42,199.42,691
2026-01-29T18:07:00-05:00,199.6,199.6,199.6,199.6,199.6,324
2026-01-29T18:11:00-05:00,199.5,199.5,199.42,199.42,199.42,519
2026-01-29T18:13:00-05:00,199.37,199.5,199.37,199.5,199.5,385
2026-01-29T18:14:00-05:00,199.3,199.3,199.2,199.2,199.2,326
2026-01-29T18:15:00-05:00,199.2,199.2,199.2,199.2,199.2,154
2026-01-29T18:17:00-05:00,199.2,199.35,199.2,199.35,199.35,202
2026-01-29T18:18:00-05:00,199.4,199.4,199.4,199.4,199.4,56
2026-01-29T18:21:00-05:00,199.25,199.3,199.25,199.3,199.3,229
2026-01-29T18:22:00-05:00,199.21,199.21,199.21,199.21,199.21,105
2026-01-29T18:23:00-05:00,199.22,199.22,199.21,199.21,199.21,316
2026-01-29T18:24:00-05:00,199.22,199.5,199.21,199.5,199.5,281
2026-01-29T18:29:00-05:00,199.24,199.39,199.17,199.39,199.39,720
2026-01-29T18:30:00-05:00,199.59,199.59,199.59,199.59,199.59,170
2026-01-29T18:32:00-05:00,199.59,199.59,199.59,199.59,199.59,125
2026-01-29T18:33:00-05:00,199.5486,199.59,199.54,199.59,199.59,291
2026-01-29T18:34:00-05:00,199.51,199.51,199.51,199.51,199.51,117
2026-01-29T18:35:00-05:00,199.48,199.48,199.48,199.48,199.48,214
2026-01-29T18:38:00-05:00,199.56,199.56,199.56,199.56,199.56,92
2026-01-29T18:40:00-05:00,199.48,199.48,199.4,199.4,199.4,713
2026-01-29T18:43:00-05:00,199.42,199.42,199.42,199.42,199.42,119
2026-01-29T18:46:00-05:00,199.38,199.38,199.38,199.38,199.38,55
2026-01-29T18:48:00-05:00,199.29,199.3983,199.29,199.3983,199.3983,413
2026-01-29T18:49:00-05:00,199.5,199.5,199.35,199.5,199.5,808
2026-01-29T18:50:00-05:00,199.4,199.5,199.4,199.5,199.5,222
2026-01-29T18:51:00-05:00,199.5,199.5,199.35,199.35,199.35,975
2026-01-29T18:55:00-05:00,199.35,199.44,199.35,199.44,199.44,194
2026-01-29T18:58:00-05:00,199.35,199.35,199.32,199.3338,199.3338,580
2026-01-29T19:02:00-05:00,199.35,199.35,199.35,199.35,199.35,238
2026-01-29T19:04:00-05:00,199.4,199.4,199.4,199.4,199.4,1042
2026-01-29T19:05:00-05:00,199.41,199.41,199.41,199.41,199.41,1318
2026-01-29T19:06:00-05:00,199.4015,199.41,199.4,199.4,199.4,1596
2026-01-29T19:08:00-05:00,199.4867,199.5,199.4867,199.5,199.5,1338
2026-01-29T19:09:00-05:00,199.5,199.5,199.4,199.4001,199.4001,2585
2026-01-29T19:10:00-05:00,199.6,199.6,199.6,199.6,199.6,65
2026-01-29T19:12:00-05:00,199.35,199.41,199.35,199.41,199.41,264
2026-01-29T19:13:00-05:00,199.41,199.41,199.41,199.41,199.41,133
2026-01-29T19:15:00-05:00,199.41,199.41,199.41,199.41,199.41,71
2026-01-29T19:18:00-05:00,199.4596,199.4596,199.4596,199.4596,199.4596,957
2026-01-29T19:19:00-05:00,199.46,199.46,199.46,199.46,199.46,124
2026-01-29T19:20:00-05:00,199.41,199.41,199.36,199.4,199.4,238
2026-01-29T19:21:00-05:00,199.36,199.41,199.36,199.4,199.4,483
2026-01-29T19:25:00-05:00,199.37,199.37,199.37,199.37,199.37,127
2026-01-29T19:26:00-05:00,199.36,199.44,199.36,199.44,199.44,383
2026-01-29T19:27:00-05:00,199.37,199.37,199.37,199.37,199.37,230
2026-01-29T19:28:00-05:00,199.3,199.3,199.28,199.28,199.28,629
2026-01-29T19:29:00-05:00,199.2,199.2,198.97,198.97,198.97,1099
2026-01-29T19:30:00-05:00,199,199,199,199,199,344
2026-01-29T19:31:00-05:00,198.89,199.03,198.8,199.03,199.03,806
2026-01-29T19:33:00-05:00,198.95,199.15,198.9,199,199,516
2026-01-29T19:34:00-05:00,198.86,198.86,198.86,198.86,198.86,123
2026-01-29T19:35:00-05:00,199.18,199.18,199,199,199,123
2026-01-29T19:37:00-05:00,199,199,198.8,198.8,198.8,684
2026-01-29T19:38:00-05:00,198.86,198.87,198.84,198.84,198.84,487
2026-01-29T19:41:00-05:00,198.83,198.83,198.75,198.8176,198.8176,1283
2026-01-29T19:43:00-05:00,198.83,198.83,198.75,198.7508,198.7508,446
2026-01-29T19:44:00-05:00,198.75,198.795,198.5387,198.7426,198.7426,1984
2026-01-29T19:45:00-05:00,198.75,198.75,198.75,198.75,198.75,150
2026-01-29T19:47:00-05:00,198.75,198.79,198.75,198.79,198.79,232
2026-01-29T19:48:00-05:00,198.8,198.8,198.75,198.75,198.75,241
2026-01-29T19:50:00-05:00,198.78,198.81,198.78,198.81,198.81,345
2026-01-29T19:51:00-05:00,198.85,198.86,198.85,198.86,198.86,351
2026-01-29T19:53:00-05:00,198.85,198.85,198.85,198.85,198.85,109
2026-01-29T19:54:00-05:00,199.15,199.15,199.15,199.15,199.15,110
2026-01-29T19:56:00-05:00,199,199,198.92,198.92,198.92,190
2026-01-29T19:57:00-05:00,198.9197,198.92,198.9197,198.9199,198.9199,290
2026-01-29T19:58:00-05:00,198.9999,198.9999,198.75,198.75,198.75,1335
2026-01-29T19:59:00-05:00,198.66,198.67,198.66,198.67,198.67,306
