Datetime,Open,High,Low,Close,Adj Close,Volume
2024-01-22T04:00:00-05:00,385,385,385,385,385,786
2024-01-22T04:03:00-05:00,386.9,386.9,386.9,386.9,386.9,456
2024-01-22T04:04:00-05:00,386.8,387,386.8,387,387,897
2024-01-22T04:05:00-05:00,387,387,387,387,387,487
2024-01-22T04:07:00-05:00,387,387,386.76,386.76,386.76,1277
2024-01-22T04:09:00-05:00,386.7,386.7,386.7,386.7,386.7,1034
2024-01-22T04:31:00-05:00,386.02,386.02,386,386,386,1351
2024-01-22T04:40:00-05:00,386.08,386.08,386.07,386.07,386.07,809
2024-01-22T04:41:00-05:00,386,386,385.98,385.98,385.98,640
2024-01-22T04:42:00-05:00,385.98,385.98,385.98,385.98,385.98,294
2024-01-22T05:14:00-05:00,386.36,386.36,386.36,386.36,386.36,444
2024-01-22T05:29:00-05:00,386.36,386.36,386.36,386.36,386.36,280
2024-01-22T05:37:00-05:00,386.22,386.22,386.21,386.21,386.21,212
2024-01-22T05:38:00-05:00,386.3,386.3,386.3,386.3,386.3,273
2024-01-22T05:42:00-05:00,386.21,386.21,386.21,386.21,386.21,170
2024-01-22T05:43:00-05:00,386.27,386.27,386.27,386.27,386.27,367
2024-01-22T05:52:00-05:00,386.64,386.64,386.64,386.64,386.64,661
2024-01-22T05:54:00-05:00,386.42,386.42,386.42,386.42,386.42,120
2024-01-22T06:09:00-05:00,386.75,386.75,386.7,386.7,386.7,1185
2024-01-22T06:13:00-05:00,386.6,386.6,386.6,386.6,386.6,504
2024-01-22T06:31:00-05:00,386.71,386.71,386.7,386.7,386.7,272
2024-01-22T06:33:00-05:00,386.7,386.7,386.7,386.7,386.7,419
2024-01-22T06:39:00-05:00,386.85,386.85,386.85,386.85,386.85,297
2024-01-22T06:50:00-05:00,386.78,386.78,386.77,386.77,386.77,476
2024-01-22T06:51:00-05:00,386.78,386.78,386.78,386.78,386.78,201
2024-01-22T06:52:00-05:00,386.78,386.78,386.78,386.78,386.78,157
2024-01-22T06:55:00-05:00,386.77,386.77,386.77,386.77,386.77,431
2024-01-22T06:56:00-05:00,386.68,386.68,386.68,386.68,386.68,377
2024-01-22T07:00:00-05:00,386.75,387,386.66,387,387,3602
2024-01-22T07:01:00-05:00,387.5,387.59,387.31,387.31,387.31,2907
2024-01-22T07:05:00-05:00,387.55,387.55,387.55,387.55,387.55,518
2024-01-22T07:06:00-05:00,387.5,387.5,387.5,387.5,387.5,1076
2024-01-22T07:07:00-05:00,387.5,387.5,387.5,387.5,387.5,143
2024-01-22T07:10:00-05:00,387.51,387.52,387.43,387.43,387.43,2257
2024-01-22T07:17:00-05:00,387.1,387.1,387.1,387.1,387.1,794
2024-01-22T07:18:00-05:00,387.04,387.04,387,387,387,2193
2024-01-22T07:19:00-05:00,387,387.07,387,387.07,387.07,1101
2024-01-22T07:21:00-05:00,387.09,387.09,387,387.04,387.04,904
2024-01-22T07:25:00-05:00,387.1,387.1,387.1,387.1,387.1,406
2024-01-22T07:26:00-05:00,387.3,387.3,387.3,387.3,387.3,530
2024-01-22T07:28:00-05:00,387.35,387.4,387.35,387.4,387.4,3000
2024-01-22T07:29:00-05:00,387.35,387.45,387.35,387.45,387.45,901
2024-01-22T07:32:00-05:00,387.65,387.7,387.65,387.7,387.7,503
2024-01-22T07:36:00-05:00,387.85,387.99,387.85,387.99,387.99,1190
2024-01-22T07:37:00-05:00,387.8,387.8,387.69,387.75,387.75,3878
2024-01-22T07:38:00-05:00,387.68,387.68,387.65,387.65,387.65,774
2024-01-22T07:39:00-05:00,387.58,387.58,387.56,387.56,387.56,809
2024-01-22T07:40:00-05:00,387.63,387.9,387.63,387.9,387.9,1107
2024-01-22T07:43:00-05:00,387.98,387.98,387.98,387.98,387.98,418
2024-01-22T07:46:00-05:00,387.87,387.87,387.87,387.87,387.87,333
2024-01-22T07:47:00-05:00,387.9,387.9,387.9,387.9,387.9,477
2024-01-22T07:48:00-05:00,388,388.15,388,388.15,388.15,2271
2024-01-22T07:50:00-05:00,388.3,388.3,388.3,388.3,388.3,611
2024-01-22T07:51:00-05:00,388.12,388.12,388,388,388,1558
2024-01-22T07:52:00-05:00,388.1,388.1,388.1,388.1,388.1,600
2024-01-22T07:56:00-05:00,388.39,388.4,388.39,388.4,388.4,472
2024-01-22T07:57:00-05:00,388.4,388.4,388.4,388.4,388.4,2871
2024-01-22T07:58:00-05:00,388.4,388.5,388.4,388.5,388.5,1192
2024-01-22T07:59:00-05:00,388.33,388.33,388.33,388.33,388.33,220
2024-01-22T08:00:00-05:00,387.1809,388.44,387,388.3,388.3,15014
2024-01-22T08:01:00-05:00,388.05,388.18,386.76,388.02,388.02,1758
2024-01-22T08:02:00-05:00,387.63,387.85,387.63,387.85,387.85,2925
2024-01-22T08:03:00-05:00,388,388,388,388,388,1248
2024-01-22T08:04:00-05:00,388.1,388.1,387.86,387.86,387.86,1196
2024-01-22T08:05:00-05:00,387.95,387.99,387.85,387.87,387.87,4450
2024-01-22T08:06:00-05:00,388.1,388.1,387.9899,387.9899,387.9899,990
2024-01-22T08:07:00-05:00,387.99,388,387.99,388,388,1250
2024-01-22T08:09:00-05:00,388,388,387.84,387.84,387.84,3020
2024-01-22T08:11:00-05:00,387.97,388,387.81,387.81,387.81,3813
2024-01-22T08:12:00-05:00,388.15,388.15,387.75,387.75,387.75,1741
2024-01-22T08:13:00-05:00,387.88,387.88,387.88,387.88,387.88,863
2024-01-22T08:14:00-05:00,388.01,388.01,387.8,387.8,387.8,467
2024-01-22T08:15:00-05:00,388,388,388,388,388,680
2024-01-22T08:16:00-05:00,387.98,387.98,387.77,387.77,387.77,816
2024-01-22T08:17:00-05:00,387.8,387.9,387.8,387.9,387.9,1790
2024-01-22T08:18:00-05:00,387.65,387.65,387.63,387.63,387.63,2079
2024-01-22T08:19:00-05:00,387.75,387.75,387.65,387.71,387.71,1551
2024-01-22T08:20:00-05:00,387.65,387.65,387.5,387.5,387.5,2311
2024-01-22T08:21:00-05:00,387.58,387.58,387.58,387.58,387.58,141
2024-01-22T08:22:00-05:00,387.5,387.5,387.5,387.5,387.5,870
2024-01-22T08:23:00-05:00,387.52,387.5604,387.51,387.51,387.51,1830
2024-01-22T08:24:00-05:00,387.6,387.6,387.44,387.44,387.44,3713
2024-01-22T08:25:00-05:00,387.47,387.5,387.3,387.3,387.3,6820
2024-01-22T08:27:00-05:00,387,387.001,387,387.001,387.001,1174
2024-01-22T08:28:00-05:00,387.01,387.01,387.01,387.01,387.01,491
2024-01-22T08:30:00-05:00,387,387,387,387,387,1061
2024-01-22T08:31:00-05:00,387.0002,387.11,387,387.11,387.11,1452
2024-01-22T08:32:00-05:00,387.11,387.11,387.09,387.11,387.11,1980
2024-01-22T08:33:00-05:00,387.15,387.15,387.11,387.11,387.11,1613
2024-01-22T08:34:00-05:00,387.11,387.3,387.11,387.24,387.24,753
2024-01-22T08:35:00-05:00,387.01,387.2,386.99,387.2,387.2,3797
2024-01-22T08:36:00-05:00,387.15,387.29,387.15,387.29,387.29,1072
2024-01-22T08:37:00-05:00,387.3,387.3,387.15,387.15,387.15,1887
2024-01-22T08:38:00-05:00,387.1,387.11,387.08,387.11,387.11,3315
2024-01-22T08:39:00-05:00,387.21,387.21,387.21,387.21,387.21,1372
2024-01-22T08:41:00-05:00,387,387.2,387,387.2,387.2,1561
2024-01-22T08:42:00-05:00,387.24,387.24,387.11,387.11,387.11,1589
2024-01-22T08:43:00-05:00,387.11,387.11,387,387,387,1953
2024-01-22T08:44:00-05:00,387.11,387.11,387.11,387.11,387.11,1905
2024-01-22T08:45:00-05:00,387.11,387.11,386.81,386.81,386.81,9840
2024-01-22T08:46:00-05:00,386.7041,386.7041,386.7041,386.7041,386.7041,436
2024-01-22T08:47:00-05:00,386.75,386.75,386.6,386.6,386.6,1857
2024-01-22T08:48:00-05:00,386.51,386.5217,386.51,386.5217,386.5217,278
2024-01-22T08:49:00-05:00,386.61,386.61,386.61,386.61,386.61,858
2024-01-22T08:50:00-05:00,386.71,386.72,386.71,386.72,386.72,688
2024-01-22T08:52:00-05:00,386.9,386.93,386.73,386.89,386.89,2050
2024-01-22T08:53:00-05:00,386.89,386.89,386.89,386.89,386.89,376
2024-01-22T08:54:00-05:00,386.8,386.87,386.8,386.87,386.87,718
2024-01-22T08:55:00-05:00,386.8,387,386.8,387,387,3997
2024-01-22T08:56:00-05:00,387,387.02,387,387,387,1056
2024-01-22T08:58:00-05:00,387.29,387.3499,387.28,387.28,387.28,964
2024-01-22T08:59:00-05:00,387.3,387.3,387.3,387.3,387.3,494
2024-01-22T09:00:00-05:00,387.15,387.16,387.1,387.1,387.1,1955
2024-01-22T09:01:00-05:00,387,387.1,387,387,387,1235
2024-01-22T09:02:00-05:00,386.8003,386.8003,386.8003,386.8003,386.8003,303
2024-01-22T09:03:00-05:00,386.99,387,386.8,386.8,386.8,1333
2024-01-22T09:04:00-05:00,386.8,386.9,386.8,386.8994,386.8994,1231
2024-01-22T09:05:00-05:00,386.8,386.85,386.8,386.8,386.8,1229
2024-01-22T09:06:00-05:00,386.9,386.9,386.8,386.8,386.8,3258
2024-01-22T09:08:00-05:00,387,387,387,387,387,1998
2024-01-22T09:11:00-05:00,387,387,386.87,387,387,1371
2024-01-22T09:13:00-05:00,387.12,387.13,387.12,387.13,387.13,1210
2024-01-22T09:14:00-05:00,387,387,387,387,387,661
2024-01-22T09:15:00-05:00,386.82,387,386.8,387,387,1497
2024-01-22T09:16:00-05:00,387.1294,387.1294,387.1,387.1,387.1,731
2024-01-22T09:18:00-05:00,387.08,387.08,387.08,387.08,387.08,705
2024-01-22T09:20:00-05:00,387.18,387.18,387.1795,387.1795,387.1795,1093
2024-01-22T09:21:00-05:00,387.18,387.18,387.1,387.1,387.1,560
2024-01-22T09:22:00-05:00,387.18,387.38,387.1523,387.38,387.38,2039
2024-01-22T09:23:00-05:00,387.21,387.21,387.21,387.21,387.21,722
2024-01-22T09:24:00-05:00,387.5,387.56,387.45,387.45,387.45,2802
2024-01-22T09:25:00-05:00,387.99,388.14,387.9,388.14,388.14,4477
2024-01-22T09:26:00-05:00,388,388.25,387.8,388.25,388.25,1889
2024-01-22T09:27:00-05:00,388,388.67,387.6,388.67,388.67,6122
2024-01-22T09:28:00-05:00,388,388.49,388,388.22,388.22,2537
2024-01-22T09:29:00-05:00,388.15,388.32,387.82,387.82,387.82,5777
2024-01-22T09:30:00-05:00,387.95,389.5,387.76,388.23,388.23,543525
2024-01-22T09:31:00-05:00,388.37,389.27,387.7701,389.02,389.02,135191
2024-01-22T09:32:00-05:00,389.0499,389.88,388.9018,389.4,389.4,117121
2024-01-22T09:33:00-05:00,389.384,389.75,388.84,389.5,389.5,93291
2024-01-22T09:34:00-05:00,389.5,390.24,389.2964,390.1798,390.1798,141790
2024-01-22T09:35:00-05:00,390.185,390.3525,389.75,389.9,389.9,125393
2024-01-22T09:36:00-05:00,389.89,390.03,388.9,388.9,388.9,118433
2024-01-22T09:37:00-05:00,388.94,389.43,388.9,389.385,389.385,147399
2024-01-22T09:38:00-05:00,389.36,389.36,388.03,388.3501,388.3501,137931
2024-01-22T09:39:00-05:00,388.47,388.53,386.6056,386.8287,386.8287,209251
2024-01-22T09:40:00-05:00,386.76,387.25,386.6,386.815,386.815,131052
2024-01-22T09:41:00-05:00,386.8,386.8125,385.86,385.97,385.97,129509
2024-01-22T09:42:00-05:00,385.945,386.6034,385.83,386.6034,386.6034,51695
2024-01-22T09:43:00-05:00,386.545,387.34,386.19,386.98,386.98,67115
2024-01-22T09:44:00-05:00,386.9893,387.04,386.091,386.36,386.36,61607
2024-01-22T09:45:00-05:00,386.31,386.55,385.86,386.085,386.085,74409
2024-01-22T09:46:00-05:00,386.0282,387.1,386.0282,387.1,387.1,42165
2024-01-22T09:47:00-05:00,387.1,387.3999,386.93,386.97,386.97,62395
2024-01-22T09:48:00-05:00,387,387.4939,386.96,387.3784,387.3784,79515
2024-01-22T09:49:00-05:00,387.375,387.79,386.93,387.715,387.715,78260
2024-01-22T09:50:00-05:00,387.725,388,387.5,387.73,387.73,64679
2024-01-22T09:51:00-05:00,387.75,387.875,387.48,387.745,387.745,54690
2024-01-22T09:52:00-05:00,387.68,387.825,387.48,387.69,387.69,50094
2024-01-22T09:53:00-05:00,387.69,387.77,387.48,387.61,387.61,38859
2024-01-22T09:54:00-05:00,387.62,387.69,387.2,387.39,387.39,55648
2024-01-22T09:55:00-05:00,387.4,387.7084,387.01,387.605,387.605,62465
2024-01-22T09:56:00-05:00,387.68,388.12,387.44,387.68,387.68,66499
2024-01-22T09:57:00-05:00,387.655,387.76,386.91,387.12,387.12,69687
2024-01-22T09:58:00-05:00,387.13,387.4599,387,387.2903,387.2903,32074
2024-01-22T09:59:00-05:00,387.32,387.75,387.28,387.74,387.74,52295
2024-01-22T10:00:00-05:00,387.74,387.93,387.12,387.24,387.24,91737
2024-01-22T10:01:00-05:00,387.26,387.26,386.61,386.75,386.75,69261
2024-01-22T10:02:00-05:00,386.76,386.82,385.85,386.1106,386.1106,68569
2024-01-22T10:03:00-05:00,386.04,386.59,386,386.5,386.5,35668
2024-01-22T10:04:00-05:00,386.5,386.5,385.75,385.85,385.85,75977
2024-01-22T10:05:00-05:00,385.855,386.4399,385.59,386.21,386.21,57071
2024-01-22T10:06:00-05:00,386.2,387.12,386.166,386.75,386.75,44899
2024-01-22T10:07:00-05:00,386.76,386.94,386.66,386.93,386.93,29449
2024-01-22T10:08:00-05:00,386.96,387.065,386.77,387.065,387.065,19888
2024-01-22T10:09:00-05:00,387.06,387.4813,387.0101,387.38,387.38,41804
2024-01-22T10:10:00-05:00,387.38,387.67,387.12,387.21,387.21,43178
2024-01-22T10:11:00-05:00,387.2519,387.4125,387,387.23,387.23,26871
2024-01-22T10:12:00-05:00,387.1893,387.65,387.13,387.5908,387.5908,32693
2024-01-22T10:13:00-05:00,387.6,387.75,387.55,387.67,387.67,29413
2024-01-22T10:14:00-05:00,387.655,387.72,387.5,387.53,387.53,28688
2024-01-22T10:15:00-05:00,387.53,387.53,387.06,387.0866,387.0866,37848
2024-01-22T10:16:00-05:00,387.11,387.38,386.93,387.26,387.26,32605
2024-01-22T10:17:00-05:00,387.32,387.8,387.305,387.8,387.8,44478
2024-01-22T10:18:00-05:00,387.78,387.8494,387.5,387.52,387.52,32819
2024-01-22T10:19:00-05:00,387.505,387.82,387.3497,387.66,387.66,40024
2024-01-22T10:20:00-05:00,387.665,387.7,387.13,387.27,387.27,32010
2024-01-22T10:21:00-05:00,387.26,387.3986,386.81,387.25,387.25,58443
2024-01-22T10:22:00-05:00,387.29,387.45,386.6,386.77,386.77,42552
2024-01-22T10:23:00-05:00,386.78,386.84,386.11,386.2,386.2,37310
2024-01-22T10:24:00-05:00,386.17,386.53,386.1,386.432,386.432,39214
2024-01-22T10:25:00-05:00,386.46,386.79,386.41,386.65,386.65,31228
2024-01-22T10:26:00-05:00,386.67,386.68,386.17,386.27,386.27,35709
2024-01-22T10:27:00-05:00,386.28,386.28,385.68,385.73,385.73,45197
2024-01-22T10:28:00-05:00,385.715,385.918,385.4,385.51,385.51,51605
2024-01-22T10:29:00-05:00,385.46,385.57,385.16,385.255,385.255,40138
2024-01-22T10:30:00-05:00,385.265,385.43,384.95,384.9556,384.9556,93378
2024-01-22T10:31:00-05:00,384.9598,385.25,384.66,384.88,384.88,81479
2024-01-22T10:32:00-05:00,384.88,384.89,384.18,384.755,384.755,86457
2024-01-22T10:33:00-05:00,384.72,385.04,384.52,384.95,384.95,49967
2024-01-22T10:34:00-05:00,384.96,385.115,384.6,384.71,384.71,38169
2024-01-22T10:35:00-05:00,384.7,384.74,384.39,384.63,384.63,42465
2024-01-22T10:36:00-05:00,384.63,384.72,384.19,384.26,384.26,53468
2024-01-22T10:37:00-05:00,384.2,384.69,384.2,384.48,384.48,44397
2024-01-22T10:38:00-05:00,384.5,384.7299,384.25,384.562,384.562,33895
2024-01-22T10:39:00-05:00,384.57,384.99,384.505,384.86,384.86,42628
2024-01-22T10:40:00-05:00,384.76,384.86,384.43,384.72,384.72,58255
2024-01-22T10:41:00-05:00,384.67,385,384.56,384.72,384.72,29030
2024-01-22T10:42:00-05:00,384.81,384.89,384.33,384.34,384.34,28658
2024-01-22T10:43:00-05:00,384.37,384.76,384.35,384.735,384.735,27454
2024-01-22T10:44:00-05:00,384.7645,384.88,384.615,384.648,384.648,20299
2024-01-22T10:45:00-05:00,384.61,384.62,384.12,384.18,384.18,35110
2024-01-22T10:46:00-05:00,384.13,384.21,383.59,383.76,383.76,85015
2024-01-22T10:47:00-05:00,383.8727,384.215,383.65,383.965,383.965,65708
2024-01-22T10:48:00-05:00,384.0791,384.0791,383.25,383.56,383.56,56268
2024-01-22T10:49:00-05:00,383.54,383.93,383.54,383.83,383.83,46632
2024-01-22T10:50:00-05:00,383.87,384.14,383.87,384,384,54436
2024-01-22T10:51:00-05:00,384,384.29,383.89,384.05,384.05,31973
2024-01-22T10:52:00-05:00,384.08,384.4799,384.08,384.42,384.42,28258
2024-01-22T10:53:00-05:00,384.4366,384.4899,384.08,384.465,384.465,28210
2024-01-22T10:54:00-05:00,384.44,384.5,384.34,384.385,384.385,20656
2024-01-22T10:55:00-05:00,384.36,384.47,383.9701,384.025,384.025,20128
2024-01-22T10:56:00-05:00,384.02,384.07,383.66,383.7578,383.7578,36541
2024-01-22T10:57:00-05:00,383.75,383.98,383.67,383.85,383.85,23630
2024-01-22T10:58:00-05:00,383.83,383.86,383.51,383.68,383.68,19684
2024-01-22T10:59:00-05:00,383.7,384.01,383.67,383.86,383.86,22104
2024-01-22T11:00:00-05:00,383.93,383.98,383.73,383.8,383.8,20570
2024-01-22T11:01:00-05:00,383.78,384.09,383.77,384.01,384.01,25045
2024-01-22T11:02:00-05:00,384.09,384.22,383.82,384.175,384.175,30610
2024-01-22T11:03:00-05:00,384.22,384.3,383.81,383.885,383.885,44161
2024-01-22T11:04:00-05:00,383.97,384.13,383.89,384.13,384.13,11091
2024-01-22T11:05:00-05:00,384.18,384.48,384.14,384.4047,384.4047,22343
2024-01-22T11:06:00-05:00,384.42,384.8,384.33,384.33,384.33,49542
2024-01-22T11:07:00-05:00,384.36,384.59,384.25,384.25,384.25,23116
2024-01-22T11:08:00-05:00,384.25,384.35,384.08,384.245,384.245,16778
2024-01-22T11:09:00-05:00,384.21,384.72,384.2,384.72,384.72,19957
2024-01-22T11:10:00-05:00,384.7287,384.7599,384.61,384.67,384.67,19994
2024-01-22T11:11:00-05:00,384.62,384.72,384.3525,384.72,384.72,24093
2024-01-22T11:12:00-05:00,384.74,384.87,384.38,384.38,384.38,20999
2024-01-22T11:13:00-05:00,384.3901,384.65,384.3901,384.44,384.44,20964
2024-01-22T11:14:00-05:00,384.4447,384.66,384.2701,384.605,384.605,25610
2024-01-22T11:15:00-05:00,384.6,384.67,384.5,384.655,384.655,10182
2024-01-22T11:16:00-05:00,384.6037,384.7919,384.56,384.7919,384.7919,22069
2024-01-22T11:17:00-05:00,384.8,384.96,384.7075,384.745,384.745,26035
2024-01-22T11:18:00-05:00,384.7411,384.895,384.58,384.86,384.86,21703
2024-01-22T11:19:00-05:00,384.88,384.93,384.75,384.8,384.8,33061
2024-01-22T11:20:00-05:00,384.84,385.1589,384.84,384.94,384.94,34070
2024-01-22T11:21:00-05:00,384.94,385.19,384.86,385.07,385.07,32655
2024-01-22T11:22:00-05:00,385.08,385.15,384.985,385.13,385.13,23917
2024-01-22T11:23:00-05:00,385.1,385.405,385.08,385.33,385.33,31930
2024-01-22T11:24:00-05:00,385.3694,385.4699,385.2201,385.45,385.45,25210
2024-01-22T11:25:00-05:00,385.43,385.559,385.29,385.52,385.52,74050
2024-01-22T11:26:00-05:00,385.5098,385.64,385.48,385.61,385.61,30261
2024-01-22T11:27:00-05:00,385.58,385.76,385.4,385.7471,385.7471,33610
2024-01-22T11:28:00-05:00,385.72,385.74,385.27,385.33,385.33,34378
2024-01-22T11:29:00-05:00,385.3699,385.44,385.21,385.32,385.32,26356
2024-01-22T11:30:00-05:00,385.335,385.45,385.2501,385.335,385.335,19033
2024-01-22T11:31:00-05:00,385.35,385.49,385.2,385.42,385.42,17945
2024-01-22T11:32:00-05:00,385.44,385.9011,385.42,385.8939,385.8939,35639
2024-01-22T11:33:00-05:00,385.9197,386,385.705,385.8,385.8,25745
2024-01-22T11:34:00-05:00,385.805,385.8299,385.38,385.61,385.61,20444
2024-01-22T11:35:00-05:00,385.62,385.8848,385.62,385.69,385.69,16089
2024-01-22T11:36:00-05:00,385.67,385.67,385.04,385.12,385.12,15278
2024-01-22T11:37:00-05:00,385.13,385.13,384.8518,384.9224,384.9224,35080
2024-01-22T11:38:00-05:00,384.92,385.14,384.8958,385.1295,385.1295,16047
2024-01-22T11:39:00-05:00,385.0992,385.14,384.71,384.79,384.79,22782
2024-01-22T11:40:00-05:00,384.78,384.84,384.42,384.655,384.655,53992
2024-01-22T11:41:00-05:00,384.64,384.8,384.51,384.625,384.625,21909
2024-01-22T11:42:00-05:00,384.67,384.68,384.4,384.58,384.58,16724
2024-01-22T11:43:00-05:00,384.5864,384.6599,384.52,384.55,384.55,15388
2024-01-22T11:44:00-05:00,384.5,384.62,384.27,384.61,384.61,21421
2024-01-22T11:45:00-05:00,384.625,384.735,384.51,384.55,384.55,32522
2024-01-22T11:46:00-05:00,384.6,384.99,384.5,384.99,384.99,41160
2024-01-22T11:47:00-05:00,384.99,385.01,384.78,384.8912,384.8912,28823
2024-01-22T11:48:00-05:00,384.8874,385.03,384.74,384.9538,384.9538,28533
2024-01-22T11:49:00-05:00,384.9374,385.05,384.83,385.02,385.02,20353
2024-01-22T11:50:00-05:00,385.02,385.0334,384.85,384.93,384.93,29010
2024-01-22T11:51:00-05:00,384.94,385.0338,384.9,385,385,15802
2024-01-22T11:52:00-05:00,385.01,385.01,384.62,384.62,384.62,18582
2024-01-22T11:53:00-05:00,384.64,384.8811,384.6,384.8,384.8,12584
2024-01-22T11:54:00-05:00,384.73,384.74,384.55,384.74,384.74,10815
2024-01-22T11:55:00-05:00,384.755,385.04,384.7525,384.96,384.96,25932
2024-01-22T11:56:00-05:00,384.96,385.03,384.8243,384.865,384.865,19621
2024-01-22T11:57:00-05:00,384.89,385.05,384.86,384.86,384.86,23689
2024-01-22T11:58:00-05:00,384.86,385.02,384.7737,385,385,34348
2024-01-22T11:59:00-05:00,384.98,385.04,384.94,385.025,385.025,14945
2024-01-22T12:00:00-05:00,385.025,385.069,384.8,384.8,384.8,33797
2024-01-22T12:01:00-05:00,384.79,384.965,384.73,384.88,384.88,20234
2024-01-22T12:02:00-05:00,384.94,385.1,384.915,385.05,385.05,31821
2024-01-22T12:03:00-05:00,385.0755,385.12,385,385.06,385.06,26153
2024-01-22T12:04:00-05:00,385.04,385.455,385.02,385.27,385.27,35389
2024-01-22T12:05:00-05:00,385.26,385.26,385.0601,385.1932,385.1932,15851
2024-01-22T12:06:00-05:00,385.27,385.33,384.61,384.76,384.76,32900
2024-01-22T12:07:00-05:00,384.73,384.73,384.3,384.56,384.56,23360
2024-01-22T12:08:00-05:00,384.5616,384.5616,384.3001,384.44,384.44,22282
2024-01-22T12:09:00-05:00,384.39,384.45,384.29,384.34,384.34,24423
2024-01-22T12:10:00-05:00,384.35,384.38,384.1562,384.29,384.29,28640
2024-01-22T12:11:00-05:00,384.295,384.41,384.2153,384.34,384.34,31142
2024-01-22T12:12:00-05:00,384.3,384.44,384.23,384.2752,384.2752,24266
2024-01-22T12:13:00-05:00,384.26,384.49,384.24,384.39,384.39,15316
2024-01-22T12:14:00-05:00,384.39,384.59,384.3,384.48,384.48,15748
2024-01-22T12:15:00-05:00,384.45,384.63,384.45,384.62,384.62,17632
2024-01-22T12:16:00-05:00,384.6599,384.665,384.54,384.665,384.665,12748
2024-01-22T12:17:00-05:00,384.68,384.8591,384.68,384.83,384.83,18000
2024-01-22T12:18:00-05:00,384.825,384.85,384.74,384.85,384.85,17865
2024-01-22T12:19:00-05:00,384.83,385.005,384.81,384.815,384.815,22227
2024-01-22T12:20:00-05:00,384.8988,385.1,384.88,385.095,385.095,30356
2024-01-22T12:21:00-05:00,385.09,385.0975,384.8,384.8,384.8,21097
2024-01-22T12:22:00-05:00,384.87,384.98,384.85,384.97,384.97,13116
2024-01-22T12:23:00-05:00,384.95,384.95,384.71,384.8073,384.8073,22649
2024-01-22T12:24:00-05:00,384.78,384.99,384.74,384.85,384.85,9530
2024-01-22T12:25:00-05:00,384.8536,384.97,384.83,384.83,384.83,11847
2024-01-22T12:26:00-05:00,384.81,384.81,384.45,384.61,384.61,41025
2024-01-22T12:27:00-05:00,384.62,384.6427,384.34,384.34,384.34,20245
2024-01-22T12:28:00-05:00,384.34,384.585,384.34,384.44,384.44,23417
2024-01-22T12:29:00-05:00,384.39,384.58,384.39,384.58,384.58,22091
2024-01-22T12:30:00-05:00,384.58,384.89,384.54,384.85,384.85,18638
2024-01-22T12:31:00-05:00,384.8699,384.91,384.57,384.69,384.69,20312
2024-01-22T12:32:00-05:00,384.66,384.73,384.3801,384.39,384.39,16716
2024-01-22T12:33:00-05:00,384.4,384.41,384.24,384.295,384.295,22460
2024-01-22T12:34:00-05:00,384.34,384.37,384.04,384.12,384.12,241665
2024-01-22T12:35:00-05:00,384.12,384.13,383.91,383.98,383.98,31808
2024-01-22T12:36:00-05:00,384.01,384.12,384.01,384.09,384.09,26458
2024-01-22T12:37:00-05:00,384.08,384.19,384.07,384.1,384.1,37714
2024-01-22T12:38:00-05:00,384.1,384.15,384.05,384.12,384.12,17754
2024-01-22T12:39:00-05:00,384.175,384.29,383.99,384.015,384.015,19526
2024-01-22T12:40:00-05:00,384.03,384.06,383.91,383.95,383.95,54295
2024-01-22T12:41:00-05:00,383.9367,384.25,383.9367,384.19,384.19,11816
2024-01-22T12:42:00-05:00,384.23,384.32,384.06,384.08,384.08,12325
2024-01-22T12:43:00-05:00,384.045,384.14,383.98,384.03,384.03,11049
2024-01-22T12:44:00-05:00,384.06,384.18,384.015,384.1671,384.1671,11823
2024-01-22T12:45:00-05:00,384.2,384.21,384.075,384.15,384.15,9345
2024-01-22T12:46:00-05:00,384.16,384.21,384.1,384.13,384.13,10778
2024-01-22T12:47:00-05:00,384.11,384.3,384.08,384.3,384.3,14127
2024-01-22T12:48:00-05:00,384.32,384.34,383.985,383.985,383.985,16764
2024-01-22T12:49:00-05:00,383.975,384.05,383.93,384.035,384.035,11970
2024-01-22T12:50:00-05:00,384,384.0158,383.9,383.94,383.94,12155
2024-01-22T12:51:00-05:00,383.95,384.02,383.76,384.005,384.005,28428
2024-01-22T12:52:00-05:00,384.03,384.1,383.99,384.03,384.03,10682
2024-01-22T12:53:00-05:00,384.0001,384.12,384.0001,384.06,384.06,15430
2024-01-22T12:54:00-05:00,384.05,384.06,383.955,383.9799,383.9799,11834
2024-01-22T12:55:00-05:00,383.96,384.06,383.895,383.98,383.98,14164
2024-01-22T12:56:00-05:00,383.9101,383.92,383.81,383.815,383.815,14521
2024-01-22T12:57:00-05:00,383.8,383.815,383.53,383.68,383.68,38596
2024-01-22T12:58:00-05:00,383.69,383.76,383.52,383.52,383.52,22694
2024-01-22T12:59:00-05:00,383.5,383.9593,383.39,383.9,383.9,34043
2024-01-22T13:00:00-05:00,383.87,383.87,383.1131,383.1801,383.1801,37166
2024-01-22T13:01:00-05:00,383.2235,383.24,382.95,383.03,383.03,45989
2024-01-22T13:02:00-05:00,383.0299,383.04,382.5,382.5001,382.5001,35889
2024-01-22T13:03:00-05:00,382.5,382.6089,382.22,382.57,382.57,59666
2024-01-22T13:04:00-05:00,382.61,382.97,382.5701,382.86,382.86,73023
2024-01-22T13:05:00-05:00,382.85,383.17,382.83,382.955,382.955,50888
2024-01-22T13:06:00-05:00,382.9301,383.03,382.75,382.84,382.84,20937
2024-01-22T13:07:00-05:00,382.89,383.04,382.75,382.76,382.76,17059
2024-01-22T13:08:00-05:00,382.8243,382.96,382.6001,382.76,382.76,18627
2024-01-22T13:09:00-05:00,382.755,382.8,382.6682,382.7038,382.7038,22308
2024-01-22T13:10:00-05:00,382.72,382.83,382.64,382.815,382.815,22797
2024-01-22T13:11:00-05:00,382.84,382.94,382.74,382.76,382.76,17074
2024-01-22T13:12:00-05:00,382.76,382.8899,382.74,382.8469,382.8469,23342
2024-01-22T13:13:00-05:00,382.85,382.96,382.74,382.83,382.83,16485
2024-01-22T13:14:00-05:00,382.87,383.08,382.8347,383.02,383.02,16668
2024-01-22T13:15:00-05:00,382.98,383.07,382.8095,382.82,382.82,17540
2024-01-22T13:16:00-05:00,382.8,382.89,382.73,382.82,382.82,10708
2024-01-22T13:17:00-05:00,382.8,382.92,382.78,382.915,382.915,12758
2024-01-22T13:18:00-05:00,382.88,383.05,382.8189,382.8189,382.8189,11706
2024-01-22T13:19:00-05:00,382.805,382.83,382.7,382.795,382.795,7792
2024-01-22T13:20:00-05:00,382.79,382.8,382.4,382.66,382.66,24822
2024-01-22T13:21:00-05:00,382.61,382.85,382.58,382.84,382.84,15294
2024-01-22T13:22:00-05:00,382.84,382.95,382.74,382.93,382.93,12821
2024-01-22T13:23:00-05:00,382.91,382.91,382.71,382.86,382.86,10523
2024-01-22T13:24:00-05:00,382.88,382.91,382.755,382.86,382.86,11400
2024-01-22T13:25:00-05:00,382.88,383.0199,382.8383,382.99,382.99,12835
2024-01-22T13:26:00-05:00,382.9562,382.97,382.69,382.735,382.735,12467
2024-01-22T13:27:00-05:00,382.75,382.7899,382.41,382.4925,382.4925,19010
2024-01-22T13:28:00-05:00,382.52,382.56,382.34,382.4,382.4,25669
2024-01-22T13:29:00-05:00,382.37,382.57,382.08,382.47,382.47,34985
2024-01-22T13:30:00-05:00,382.415,382.62,382.344,382.39,382.39,14865
2024-01-22T13:31:00-05:00,382.43,382.62,382.35,382.62,382.62,16669
2024-01-22T13:32:00-05:00,382.6,382.69,382.5208,382.5208,382.5208,12713
2024-01-22T13:33:00-05:00,382.505,382.65,382.425,382.57,382.57,10171
2024-01-22T13:34:00-05:00,382.59,382.69,382.44,382.51,382.51,25069
2024-01-22T13:35:00-05:00,382.515,382.63,382.45,382.52,382.52,15086
2024-01-22T13:36:00-05:00,382.54,382.7,382.53,382.6,382.6,25441
2024-01-22T13:37:00-05:00,382.6,382.69,382.54,382.64,382.64,13108
2024-01-22T13:38:00-05:00,382.67,383.03,382.67,382.965,382.965,73434
2024-01-22T13:39:00-05:00,382.9636,383.03,382.78,382.9561,382.9561,15795
2024-01-22T13:40:00-05:00,382.95,383.09,382.91,383,383,13906
2024-01-22T13:41:00-05:00,383.06,383.24,383.02,383.18,383.18,22282
2024-01-22T13:42:00-05:00,383.2,383.2798,383.12,383.21,383.21,22500
2024-01-22T13:43:00-05:00,383.22,383.3,383.14,383.18,383.18,16867
2024-01-22T13:44:00-05:00,383.13,383.13,382.95,383.0193,383.0193,21196
2024-01-22T13:45:00-05:00,383.03,383.06,382.9,382.94,382.94,9087
2024-01-22T13:46:00-05:00,382.99,383.1,382.98,383.054,383.054,10980
2024-01-22T13:47:00-05:00,383.075,383.075,382.91,383.0645,383.0645,7994
2024-01-22T13:48:00-05:00,383.09,383.14,382.99,383.0093,383.0093,23154
2024-01-22T13:49:00-05:00,383.01,383.08,382.95,382.96,382.96,9308
2024-01-22T13:50:00-05:00,382.99,383.01,382.81,382.94,382.94,8595
2024-01-22T13:51:00-05:00,382.96,383.06,382.8887,383.01,383.01,15017
2024-01-22T13:52:00-05:00,383.01,383.14,382.98,383.14,383.14,20494
2024-01-22T13:53:00-05:00,383.13,383.3,383.1299,383.2,383.2,23488
2024-01-22T13:54:00-05:00,383.19,383.41,383.18,383.32,383.32,34949
2024-01-22T13:55:00-05:00,383.3,383.3,382.9301,382.98,382.98,23229
2024-01-22T13:56:00-05:00,382.975,383.08,382.93,383.02,383.02,18659
2024-01-22T13:57:00-05:00,383.02,383.04,382.92,382.9672,382.9672,22679
2024-01-22T13:58:00-05:00,382.9901,383.12,382.9,382.97,382.97,13980
2024-01-22T13:59:00-05:00,382.99,383.14,382.99,383.0373,383.0373,20433
2024-01-22T14:00:00-05:00,383.07,383.2,383.07,383.12,383.12,13696
2024-01-22T14:01:00-05:00,383.13,383.2,383,383.0423,383.0423,40653
2024-01-22T14:02:00-05:00,383.08,383.16,383.03,383.03,383.03,8804
2024-01-22T14:03:00-05:00,383.02,383.08,382.88,382.88,382.88,31245
2024-01-22T14:04:00-05:00,382.9083,383.03,382.88,382.88,382.88,6998
2024-01-22T14:05:00-05:00,382.875,383.09,382.83,383.03,383.03,7349
2024-01-22T14:06:00-05:00,383.0235,383.07,382.85,382.88,382.88,10335
2024-01-22T14:07:00-05:00,382.91,383.05,382.87,383,383,6431
2024-01-22T14:08:00-05:00,383,383,382.89,382.89,382.89,6461
2024-01-22T14:09:00-05:00,382.9193,382.96,382.89,382.92,382.92,6378
2024-01-22T14:10:00-05:00,382.89,382.89,382.64,382.65,382.65,15367
2024-01-22T14:11:00-05:00,382.64,382.81,382.59,382.72,382.72,14536
2024-01-22T14:12:00-05:00,382.7126,382.9,382.67,382.9,382.9,17172
2024-01-22T14:13:00-05:00,382.903,382.903,382.67,382.84,382.84,9616
2024-01-22T14:14:00-05:00,382.82,382.85,382.7037,382.7749,382.7749,8437
2024-01-22T14:15:00-05:00,382.77,382.77,382.6,382.61,382.61,16875
2024-01-22T14:16:00-05:00,382.615,382.685,382.34,382.34,382.34,20405
2024-01-22T14:17:00-05:00,382.365,382.615,382.3601,382.43,382.43,14639
2024-01-22T14:18:00-05:00,382.47,382.5,382.23,382.35,382.35,18817
2024-01-22T14:19:00-05:00,382.35,382.44,382.17,382.17,382.17,16799
2024-01-22T14:20:00-05:00,382.14,382.18,382.05,382.1,382.1,29999
2024-01-22T14:21:00-05:00,382.08,382.26,382.06,382.22,382.22,24152
2024-01-22T14:22:00-05:00,382.21,382.21,381.57,381.74,381.74,71825
2024-01-22T14:23:00-05:00,381.73,381.7496,381.35,381.41,381.41,48656
2024-01-22T14:24:00-05:00,381.4908,381.78,381.35,381.7466,381.7466,26993
2024-01-22T14:25:00-05:00,381.7234,381.75,381.65,381.68,381.68,15391
2024-01-22T14:26:00-05:00,381.675,381.7779,381.64,381.655,381.655,14373
2024-01-22T14:27:00-05:00,381.651,381.67,381.48,381.6,381.6,19067
2024-01-22T14:28:00-05:00,381.55,381.68,381.55,381.61,381.61,15207
2024-01-22T14:29:00-05:00,381.57,381.72,381.54,381.68,381.68,19080
2024-01-22T14:30:00-05:00,381.7,381.72,381.5,381.58,381.58,17501
2024-01-22T14:31:00-05:00,381.5738,381.67,381.57,381.65,381.65,9189
2024-01-22T14:32:00-05:00,381.6775,381.72,381.35,381.465,381.465,34850
2024-01-22T14:33:00-05:00,381.46,381.49,381.25,381.25,381.25,25472
2024-01-22T14:34:00-05:00,381.2525,381.69,381.1601,381.69,381.69,56998
2024-01-22T14:35:00-05:00,381.66,381.98,381.58,381.935,381.935,40110
2024-01-22T14:36:00-05:00,381.945,382.265,381.855,382.1903,382.1903,52867
2024-01-22T14:37:00-05:00,382.165,382.2199,382.02,382.045,382.045,29450
2024-01-22T14:38:00-05:00,382.06,382.155,382.01,382.095,382.095,33248
2024-01-22T14:39:00-05:00,382.095,382.16,381.9546,381.985,381.985,28713
2024-01-22T14:40:00-05:00,381.97,382.1,381.97,382.01,382.01,168764
2024-01-22T14:41:00-05:00,382.04,382.1,381.95,381.95,381.95,22914
2024-01-22T14:42:00-05:00,381.9645,382.1199,381.9645,382.09,382.09,20972
2024-01-22T14:43:00-05:00,382.08,382.15,382.02,382.03,382.03,15873
2024-01-22T14:44:00-05:00,382.03,382.1,381.97,382.02,382.02,24402
2024-01-22T14:45:00-05:00,381.99,382.21,381.95,382.18,382.18,44151
2024-01-22T14:46:00-05:00,382.24,382.27,382.055,382.13,382.13,47149
2024-01-22T14:47:00-05:00,382.09,382.12,381.98,382.03,382.03,18710
2024-01-22T14:48:00-05:00,382.0161,382.06,381.9098,381.98,381.98,28605
2024-01-22T14:49:00-05:00,381.98,382.18,381.98,382.1295,382.1295,19618
2024-01-22T14:50:00-05:00,382.11,382.2,382.1,382.2,382.2,24346
2024-01-22T14:51:00-05:00,382.18,382.38,382.15,382.34,382.34,30901
2024-01-22T14:52:00-05:00,382.36,382.44,382.27,382.37,382.37,19096
2024-01-22T14:53:00-05:00,382.38,382.58,382.3,382.37,382.37,37303
2024-01-22T14:54:00-05:00,382.415,382.51,382.3702,382.47,382.47,17413
2024-01-22T14:55:00-05:00,382.435,382.71,382.41,382.71,382.71,28881
2024-01-22T14:56:00-05:00,382.69,382.7025,382.605,382.665,382.665,16953
2024-01-22T14:57:00-05:00,382.65,382.75,382.49,382.6191,382.6191,27009
2024-01-22T14:58:00-05:00,382.62,382.75,382.41,382.44,382.44,32119
2024-01-22T14:59:00-05:00,382.45,382.52,382.39,382.465,382.465,13718
2024-01-22T15:00:00-05:00,382.47,382.6,382.47,382.5,382.5,22129
2024-01-22T15:01:00-05:00,382.5,382.69,382.36,382.46,382.46,40895
2024-01-22T15:02:00-05:00,382.43,382.61,382.42,382.5,382.5,16818
2024-01-22T15:03:00-05:00,382.5,382.51,382.285,382.41,382.41,21969
2024-01-22T15:04:00-05:00,382.43,382.49,382.34,382.39,382.39,23360
2024-01-22T15:05:00-05:00,382.42,382.53,382.41,382.4894,382.4894,14722
2024-01-22T15:06:00-05:00,382.5,382.52,382.3,382.363,382.363,17392
2024-01-22T15:07:00-05:00,382.405,382.47,382.3,382.38,382.38,14738
2024-01-22T15:08:00-05:00,382.3415,382.4,382.2,382.3712,382.3712,31822
2024-01-22T15:09:00-05:00,382.41,382.46,382.27,382.31,382.31,70780
2024-01-22T15:10:00-05:00,382.29,382.43,382.28,382.415,382.415,19616
2024-01-22T15:11:00-05:00,382.44,382.57,382.24,382.27,382.27,47613
2024-01-22T15:12:00-05:00,382.23,382.28,382.08,382.11,382.11,19236
2024-01-22T15:13:00-05:00,382.09,382.15,382.03,382.14,382.14,22973
2024-01-22T15:14:00-05:00,382.17,382.5,382.15,382.47,382.47,23277
2024-01-22T15:15:00-05:00,382.48,382.56,382.36,382.48,382.48,32690
2024-01-22T15:16:00-05:00,382.48,382.595,382.46,382.5881,382.5881,273019
2024-01-22T15:17:00-05:00,382.59,382.76,382.57,382.7572,382.7572,20496
2024-01-22T15:18:00-05:00,382.7001,382.7085,382.6079,382.64,382.64,26968
2024-01-22T15:19:00-05:00,382.6341,382.67,382.56,382.6276,382.6276,12009
2024-01-22T15:20:00-05:00,382.61,382.61,382.38,382.39,382.39,16151
2024-01-22T15:21:00-05:00,382.4,382.47,382.35,382.43,382.43,11976
2024-01-22T15:22:00-05:00,382.43,382.4699,382.305,382.4699,382.4699,16329
2024-01-22T15:23:00-05:00,382.46,382.53,382.44,382.4601,382.4601,17221
2024-01-22T15:24:00-05:00,382.4536,382.55,382.4536,382.47,382.47,12726
2024-01-22T15:25:00-05:00,382.49,382.59,382.4673,382.58,382.58,18545
2024-01-22T15:26:00-05:00,382.58,382.62,382.55,382.58,382.58,19280
2024-01-22T15:27:00-05:00,382.5819,382.615,382.48,382.53,382.53,26658
2024-01-22T15:28:00-05:00,382.52,382.6236,382.52,382.58,382.58,23840
2024-01-22T15:29:00-05:00,382.6,382.7,382.59,382.7,382.7,29668
2024-01-22T15:30:00-05:00,382.7,382.7,382.39,382.48,382.48,40618
2024-01-22T15:31:00-05:00,382.49,382.64,382.47,382.4999,382.4999,29086
2024-01-22T15:32:00-05:00,382.495,382.54,382.4,382.49,382.49,31132
2024-01-22T15:33:00-05:00,382.45,382.5127,382.4,382.44,382.44,18803
2024-01-22T15:34:00-05:00,382.44,382.49,382.34,382.485,382.485,16762
2024-01-22T15:35:00-05:00,382.49,382.61,382.49,382.55,382.55,25328
2024-01-22T15:36:00-05:00,382.52,382.62,382.47,382.6,382.6,25348
2024-01-22T15:37:00-05:00,382.5801,382.69,382.5,382.51,382.51,29458
2024-01-22T15:38:00-05:00,382.5,382.52,382.34,382.37,382.37,26990
2024-01-22T15:39:00-05:00,382.39,382.4296,382.29,382.35,382.35,26257
2024-01-22T15:40:00-05:00,382.32,382.56,382.315,382.53,382.53,60967
2024-01-22T15:41:00-05:00,382.51,382.51,382.36,382.43,382.43,45835
2024-01-22T15:42:00-05:00,382.44,382.45,382.195,382.28,382.28,29106
2024-01-22T15:43:00-05:00,382.27,382.38,382.22,382.325,382.325,23637
2024-01-22T15:44:00-05:00,382.35,382.44,382.2,382.38,382.38,48879
2024-01-22T15:45:00-05:00,382.36,382.37,382.1,382.23,382.23,34606
2024-01-22T15:46:00-05:00,382.2,382.23,381.9,381.96,381.96,48539
2024-01-22T15:47:00-05:00,381.93,381.99,381.9,381.92,381.92,32070
2024-01-22T15:48:00-05:00,381.92,381.95,381.76,381.78,381.78,48468
2024-01-22T15:49:00-05:00,381.78,381.8,381.44,381.59,381.59,46847
2024-01-22T15:50:00-05:00,381.58,382.08,381.54,381.8,381.8,83555
2024-01-22T15:51:00-05:00,381.83,382.01,381.75,381.88,381.88,36307
2024-01-22T15:52:00-05:00,381.79,382.0847,381.55,382.05,382.05,99422
2024-01-22T15:53:00-05:00,382.07,382.09,381.8,381.9514,381.9514,89036
2024-01-22T15:54:00-05:00,381.94,382.025,381.75,381.81,381.81,91937
2024-01-22T15:55:00-05:00,381.81,382.29,381.6,382.22,382.22,114701
2024-01-22T15:56:00-05:00,382.215,382.24,381.98,382.01,382.01,77604
2024-01-22T15:57:00-05:00,381.99,382.38,381.81,382.29,382.29,97148
2024-01-22T15:58:00-05:00,382.3,382.31,381.76,381.83,381.83,172822
2024-01-22T15:59:00-05:00,381.84,381.91,381.6,381.84,381.84,368912
2024-01-22T16:00:00-05:00,381.78,381.78,381.34,381.7,381.7,88315
2024-01-22T16:01:00-05:00,381.68,381.7,381.68,381.7,381.7,1204
2024-01-22T16:02:00-05:00,381.71,381.74,381.12,381.12,381.12,13648
2024-01-22T16:03:00-05:00,381.19,381.19,381.19,381.19,381.19,256
2024-01-22T16:04:00-05:00,381.33,381.33,381.33,381.33,381.33,136
2024-01-22T16:05:00-05:00,381.78,381.78,381.59,381.65,381.65,8335
2024-01-22T16:06:00-05:00,381.7,381.7,381.7,381.7,381.7,1253
2024-01-22T16:07:00-05:00,381.7,381.7,381.7,381.7,381.7,489
2024-01-22T16:08:00-05:00,381.7,381.7,381.7,381.7,381.7,403
2024-01-22T16:10:00-05:00,381.75,381.75,381.7,381.7,381.7,277
2024-01-22T16:11:00-05:00,381.78,381.78,381.64,381.7,381.7,4918
2024-01-22T16:12:00-05:00,381.7,381.7,381.7,381.7,381.7,665
2024-01-22T16:13:00-05:00,381.7,381.7,381.7,381.7,381.7,521
2024-01-22T16:14:00-05:00,381.7,381.7,381.7,381.7,381.7,974
2024-01-22T16:15:00-05:00,381.68,381.7,381.65,381.65,381.65,4656
2024-01-22T16:17:00-05:00,381.46,381.48,381.46,381.46,381.46,489
2024-01-22T16:18:00-05:00,381.66,381.66,381.66,381.66,381.66,1110
2024-01-22T16:19:00-05:00,381.59,381.59,381.59,381.59,381.59,848
2024-01-22T16:22:00-05:00,381.64,381.64,381.6,381.6,381.6,1613
2024-01-22T16:23:00-05:00,381.6,381.6,381.6,381.6,381.6,1613
2024-01-22T16:24:00-05:00,381.7,381.7,381.7,381.7,381.7,1902
2024-01-22T16:25:00-05:00,381.7,381.7,381.7,381.7,381.7,328
2024-01-22T16:28:00-05:00,381.71,381.71,381.59,381.59,381.59,388
2024-01-22T16:31:00-05:00,381.7,381.7,381.7,381.7,381.7,124
2024-01-22T16:35:00-05:00,381.7,381.7,381.7,381.7,381.7,1327
2024-01-22T16:36:00-05:00,381.69,381.69,381.69,381.69,381.69,1277
2024-01-22T16:37:00-05:00,381.68,381.68,381.67,381.67,381.67,610
2024-01-22T16:42:00-05:00,381.67,381.67,381.6,381.6,381.6,1339
2024-01-22T16:46:00-05:00,381.55,381.68,381.51,381.68,381.68,1750
2024-01-22T16:47:00-05:00,381.67,381.67,381.67,381.67,381.67,1015
2024-01-22T16:48:00-05:00,381.57,381.64,381.57,381.64,381.64,915
2024-01-22T16:49:00-05:00,381.7771,381.7771,381.7771,381.7771,381.7771,164
2024-01-22T16:55:00-05:00,381.7,381.7,381.7,381.7,381.7,279
2024-01-22T17:02:00-05:00,381.65,381.78,381.65,381.78,381.78,1708
2024-01-22T17:04:00-05:00,381.63,381.63,381.63,381.63,381.63,133
2024-01-22T17:16:00-05:00,381.68,381.68,381.6,381.6,381.6,1422
2024-01-22T17:20:00-05:00,381.65,381.65,381.65,381.65,381.65,360
2024-01-22T17:21:00-05:00,381.56,381.56,381.56,381.56,381.56,312
2024-01-22T17:24:00-05:00,381.51,381.51,381.51,381.51,381.51,339
2024-01-22T17:29:00-05:00,381.5512,381.5512,381.55,381.55,381.55,241
2024-01-22T17:30:00-05:00,381.38,381.38,381.38,381.38,381.38,407
2024-01-22T17:31:00-05:00,381.57,381.57,381.57,381.57,381.57,230
2024-01-22T17:33:00-05:00,381.68,381.68,381.68,381.68,381.68,208
2024-01-22T17:37:00-05:00,381.41,381.41,381.4,381.4,381.4,810
2024-01-22T17:41:00-05:00,381.38,381.38,381.38,381.38,381.38,353
2024-01-22T17:43:00-05:00,381.39,381.39,381.39,381.39,381.39,586
2024-01-22T17:44:00-05:00,381.4,381.4,381.4,381.4,381.4,177
2024-01-22T17:46:00-05:00,381.3999,381.4,381.3999,381.4,381.4,204
2024-01-22T17:47:00-05:00,381.37,381.37,381.37,381.37,381.37,199
2024-01-22T17:49:00-05:00,381.4,381.4,381.3999,381.3999,381.3999,309
2024-01-22T17:54:00-05:00,381.37,381.37,381.37,381.37,381.37,315
2024-01-22T17:55:00-05:00,381.4,381.4,381.4,381.4,381.4,129
2024-01-22T17:56:00-05:00,381.37,381.4,381.37,381.4,381.4,635
2024-01-22T18:03:00-05:00,381.37,381.37,381.37,381.37,381.37,352
2024-01-22T18:09:00-05:00,381.37,381.37,381.37,381.37,381.37,132
2024-01-22T18:10:00-05:00,381.45,381.45,381.45,381.45,381.45,812
2024-01-22T18:13:00-05:00,381.5,381.5,381.5,381.5,381.5,180
2024-01-22T18:14:00-05:00,381.43,381.43,381.43,381.43,381.43,196
2024-01-22T18:28:00-05:00,381.4,381.4,381.4,381.4,381.4,179
2024-01-22T18:34:00-05:00,381.5,381.5,381.5,381.5,381.5,201
2024-01-22T18:35:00-05:00,381.5,381.5,381.5,381.5,381.5,483
2024-01-22T18:36:00-05:00,381.65,381.65,381.65,381.65,381.65,305
2024-01-22T18:43:00-05:00,381.7,381.7,381.7,381.7,381.7,385
2024-01-22T18:44:00-05:00,381.6,381.75,381.6,381.75,381.75,997
2024-01-22T18:45:00-05:00,381.73,381.73,381.73,381.73,381.73,254
2024-01-22T18:49:00-05:00,381.75,381.75,381.75,381.75,381.75,206
2024-01-22T18:50:00-05:00,381.75,381.75,381.75,381.75,381.75,108
2024-01-22T18:55:00-05:00,381.75,381.75,381.75,381.75,381.75,113
2024-01-22T18:58:00-05:00,381.78,381.78,381.78,381.78,381.78,116
2024-01-22T18:59:00-05:00,381.78,381.78,381.78,381.78,381.78,227
2024-01-22T19:02:00-05:00,381.75,381.75,381.75,381.75,381.75,206
2024-01-22T19:10:00-05:00,381.78,381.78,381.78,381.78,381.78,282
2024-01-22T19:11:00-05:00,381.78,381.78,381.78,381.78,381.78,303
2024-01-22T19:14:00-05:00,381.78,381.78,381.78,381.78,381.78,103
2024-01-22T19:48:00-05:00,381.73,381.73,381.73,381.73,381.73,194
2024-01-22T19:50:00-05:00,381.78,381.78,381.78,381.78,381.78,442
2024-01-22T19:51:00-05:00,381.8,381.95,381.8,381.95,381.95,504
2024-01-22T19:58:00-05:00,381.95,381.95,381.95,381.95,381.95,342
