Datetime,Open,High,Low,Close,Adj Close,Volume
2024-04-19T04:00:00-04:00,123.8,123.8,123.8,123.8,123.8,8250
2024-04-19T04:02:00-04:00,125.241,125.732,125.241,125.732,125.732,7750
2024-04-19T04:08:00-04:00,126.924,127.999,126.924,127.999,127.999,9780
2024-04-19T04:34:00-04:00,124.5,124.5,124.5,124.5,124.5,3050
2024-04-19T04:37:00-04:00,125.488,125.488,125.488,125.488,125.488,2310
2024-04-19T04:44:00-04:00,125.5,125.5,125.5,125.5,125.5,5140
2024-04-19T06:33:00-04:00,126.2,126.2,126.2,126.2,126.2,7580
2024-04-19T07:00:00-04:00,125.784,125.784,125.4,125.5,125.5,23490
2024-04-19T07:01:00-04:00,125.5,125.5,125.5,125.5,125.5,3130
2024-04-19T07:02:00-04:00,125,125,125,125,125,10540
2024-04-19T07:04:00-04:00,125.4,125.4,125.4,125.4,125.4,2310
2024-04-19T07:07:00-04:00,125.2,125.2,125.2,125.2,125.2,4500
2024-04-19T07:10:00-04:00,125.3,125.3,125.3,125.3,125.3,6500
2024-04-19T07:25:00-04:00,125.106,125.106,125.106,125.106,125.106,3980
2024-04-19T07:28:00-04:00,124.993,124.993,124.993,124.993,124.993,1840
2024-04-19T07:32:00-04:00,124.973,124.973,124.973,124.973,124.973,2710
2024-04-19T07:42:00-04:00,126.246,126.246,126.246,126.246,126.246,3620
2024-04-19T07:49:00-04:00,125.302,125.302,125.3,125.3,125.3,12210
2024-04-19T07:53:00-04:00,125.498,125.498,125.498,125.498,125.498,2540
2024-04-19T07:58:00-04:00,125.5,125.5,125.5,125.5,125.5,8240
2024-04-19T08:00:00-04:00,126.126,126.126,125,125.3,125.3,55770
2024-04-19T08:01:00-04:00,125.2,125.2,125.2,125.2,125.2,5500
2024-04-19T08:03:00-04:00,125.699,125.699,125.699,125.699,125.699,7020
2024-04-19T08:05:00-04:00,125.69,125.69,125.69,125.69,125.69,3680
2024-04-19T08:08:00-04:00,125.5,125.5,125.5,125.5,125.5,4200
2024-04-19T08:09:00-04:00,125.77,125.77,125.7,125.7,125.7,13620
2024-04-19T08:15:00-04:00,125.9,125.9,125.9,125.9,125.9,1890
2024-04-19T08:18:00-04:00,125.9,126,125.9,126,126,10430
2024-04-19T08:19:00-04:00,125.9,125.9,125.9,125.9,125.9,8750
2024-04-19T08:21:00-04:00,125.8,125.8,125.8,125.8,125.8,1850
2024-04-19T08:27:00-04:00,125.8,125.8,125.8,125.8,125.8,1200
2024-04-19T08:30:00-04:00,125.999,125.999,125.999,125.999,125.999,4710
2024-04-19T08:32:00-04:00,125.888,125.888,125.888,125.888,125.888,4960
2024-04-19T08:34:00-04:00,126,126,126,126,126,4890
2024-04-19T08:35:00-04:00,126,126.126,126,126.126,126.126,13780
2024-04-19T08:36:00-04:00,126.4,126.4,126.2,126.2,126.2,5120
2024-04-19T08:37:00-04:00,126.4853,126.4853,126,126,126,16370
2024-04-19T08:40:00-04:00,126.0952,126.0952,126.0952,126.0952,126.0952,2370
2024-04-19T08:48:00-04:00,126.2361,126.2361,126.2361,126.2361,126.2361,2600
2024-04-19T08:50:00-04:00,126.1,126.1,126.1,126.1,126.1,3440
2024-04-19T08:52:00-04:00,125.9,125.9,125.9,125.9,125.9,3960
2024-04-19T09:04:00-04:00,125.4,125.4,125.4,125.4,125.4,9240
2024-04-19T09:07:00-04:00,125.1,125.1,125.1,125.1,125.1,5480
2024-04-19T09:08:00-04:00,125,125,125,125,125,15530
2024-04-19T09:11:00-04:00,124.9,124.9,124.484,124.484,124.484,3940
2024-04-19T09:12:00-04:00,124.6,124.6,124.6,124.6,124.6,4420
2024-04-19T09:13:00-04:00,124.501,124.501,124.501,124.501,124.501,5040
2024-04-19T09:15:00-04:00,124.2,124.2,124.2,124.2,124.2,2590
2024-04-19T09:22:00-04:00,124.0973,124.0973,124.0973,124.0973,124.0973,3880
2024-04-19T09:25:00-04:00,124,124,124,124,124,5910
2024-04-19T09:30:00-04:00,123.7,124,122.2,123.4,123.4,273680
2024-04-19T09:31:00-04:00,123.7688,124.938,122.808,124.7965,124.7965,136610
2024-04-19T09:32:00-04:00,124.8,124.8,123.5,124.4,124.4,95760
2024-04-19T09:33:00-04:00,124.401,124.786,123.051,124.786,124.786,62460
2024-04-19T09:34:00-04:00,124.3475,124.8,124.3475,124.8,124.8,60800
2024-04-19T09:35:00-04:00,124.231,125.0005,123.299,124.973,124.973,192870
2024-04-19T09:36:00-04:00,124.561,124.587,123.18,123.5787,123.5787,60460
2024-04-19T09:37:00-04:00,123.542,124.3,123.536,124.3,124.3,33690
2024-04-19T09:38:00-04:00,123.1099,123.1099,122.2,122.5485,122.5485,100180
2024-04-19T09:39:00-04:00,122.5545,122.822,122,122.3309,122.3309,89640
2024-04-19T09:40:00-04:00,122.744,123.018,122.1,122.463,122.463,73500
2024-04-19T09:41:00-04:00,122.233,122.999,122.233,122.999,122.999,62480
2024-04-19T09:42:00-04:00,123.178,123.178,122.61,122.965,122.965,32040
2024-04-19T09:43:00-04:00,123,123.327,122.8,123.327,123.327,61730
2024-04-19T09:44:00-04:00,123.613,123.8663,123.4089,123.7855,123.7855,46140
2024-04-19T09:45:00-04:00,124.1735,124.5,123.571,123.9,123.9,108250
2024-04-19T09:46:00-04:00,123.9745,125.352,123.6,125,125,145260
2024-04-19T09:47:00-04:00,125.25,125.256,124.3032,124.816,124.816,58860
2024-04-19T09:48:00-04:00,124.7,124.986,123.904,124.0101,124.0101,112290
2024-04-19T09:49:00-04:00,124.201,124.4715,124.201,124.4715,124.4715,22360
2024-04-19T09:50:00-04:00,124.024,124.3865,123.5025,123.5025,123.5025,43680
2024-04-19T09:51:00-04:00,123.539,123.827,123.539,123.659,123.659,25140
2024-04-19T09:52:00-04:00,123.0435,123.949,123.0435,123.949,123.949,17590
2024-04-19T09:53:00-04:00,123.882,123.882,123.474,123.577,123.577,14160
2024-04-19T09:54:00-04:00,123.217,123.718,123.217,123.35,123.35,18280
2024-04-19T09:55:00-04:00,123.426,123.877,123.425,123.8445,123.8445,36420
2024-04-19T09:56:00-04:00,123.557,123.564,123.2,123.2,123.2,25460
2024-04-19T09:57:00-04:00,123.25,124.165,123.15,124.159,124.159,37910
2024-04-19T09:58:00-04:00,124.082,124.312,123.87,124.264,124.264,46690
2024-04-19T09:59:00-04:00,124.0344,124.241,123.45,123.517,123.517,27570
2024-04-19T10:00:00-04:00,123.22,123.865,123.22,123.865,123.865,36330
2024-04-19T10:01:00-04:00,124,124.29,123.918,124.29,124.29,24030
2024-04-19T10:02:00-04:00,123.744,124.1493,123.67,124.1493,124.1493,15960
2024-04-19T10:03:00-04:00,124.079,124.484,124.025,124.475,124.475,25310
2024-04-19T10:04:00-04:00,124.112,125,124.112,124.1565,124.1565,78170
2024-04-19T10:05:00-04:00,124.2307,124.2307,124.2307,124.2307,124.2307,8150
2024-04-19T10:06:00-04:00,124.0255,125.806,124.0155,125.1149,125.1149,102550
2024-04-19T10:07:00-04:00,125.865,125.865,124.952,124.952,124.952,72280
2024-04-19T10:08:00-04:00,125.201,125.201,124.75,124.7787,124.7787,27920
2024-04-19T10:09:00-04:00,124.73,124.73,124.3,124.654,124.654,46930
2024-04-19T10:10:00-04:00,124.587,124.587,123.826,124.0557,124.0557,44420
2024-04-19T10:11:00-04:00,124.09,124.298,123.5682,123.87,123.87,38320
2024-04-19T10:12:00-04:00,124.002,124.002,123.509,123.7952,123.7952,34210
2024-04-19T10:13:00-04:00,123.911,123.911,123.2,123.201,123.201,44800
2024-04-19T10:14:00-04:00,123.201,123.5,123,123,123,64660
2024-04-19T10:15:00-04:00,123.0195,123.0225,122.3,122.636,122.636,59460
2024-04-19T10:16:00-04:00,122.618,123.5285,122.508,123.1,123.1,44200
2024-04-19T10:17:00-04:00,123.279,123.358,122.749,122.749,122.749,34960
2024-04-19T10:18:00-04:00,122.499,122.523,122.406,122.5,122.5,41060
2024-04-19T10:19:00-04:00,122.3,122.5158,121.6492,121.902,121.902,63650
2024-04-19T10:20:00-04:00,121.9,122,121.42,121.722,121.722,51750
2024-04-19T10:21:00-04:00,122,122.393,121.9314,122,122,34620
2024-04-19T10:22:00-04:00,122.314,122.5,121.42,121.42,121.42,58930
2024-04-19T10:23:00-04:00,121.2084,121.2084,120.601,120.7,120.7,76230
2024-04-19T10:24:00-04:00,120.523,120.8764,119.502,119.903,119.903,106260
2024-04-19T10:25:00-04:00,119.626,119.917,119.2069,119.2069,119.2069,66130
2024-04-19T10:26:00-04:00,119.2141,119.5,118.0676,118.168,118.168,144890
2024-04-19T10:27:00-04:00,118.214,118.7047,118.206,118.4059,118.4059,58920
2024-04-19T10:28:00-04:00,118.546,118.956,118.2,118.2,118.2,35720
2024-04-19T10:29:00-04:00,118.353,118.798,117.5609,118.3,118.3,154720
2024-04-19T10:30:00-04:00,117.986,119.754,117.9455,119.5,119.5,109660
2024-04-19T10:31:00-04:00,119.689,119.8214,119.209,119.209,119.209,109420
2024-04-19T10:32:00-04:00,119.4999,119.998,119.2337,119.591,119.591,110440
2024-04-19T10:33:00-04:00,119.847,119.847,119.202,119.486,119.486,37930
2024-04-19T10:34:00-04:00,119.621,119.908,119.417,119.908,119.908,64490
2024-04-19T10:35:00-04:00,119.545,119.561,118.937,118.997,118.997,42580
2024-04-19T10:36:00-04:00,119,119.0925,119,119.0925,119.0925,19900
2024-04-19T10:37:00-04:00,119.2775,119.366,118.5045,118.5045,118.5045,49410
2024-04-19T10:38:00-04:00,118.755,118.792,118.505,118.587,118.587,37070
2024-04-19T10:39:00-04:00,118.791,118.792,118.437,118.437,118.437,28370
2024-04-19T10:40:00-04:00,118.88,119.2,118.7334,119.2,119.2,34830
2024-04-19T10:41:00-04:00,119.157,119.381,118.948,119.381,119.381,100890
2024-04-19T10:42:00-04:00,118.983,119.765,118.983,119.3,119.3,72740
2024-04-19T10:43:00-04:00,119.6,120.501,119.6,119.97,119.97,111270
2024-04-19T10:44:00-04:00,120.1715,120.468,119.9,120.003,120.003,55850
2024-04-19T10:45:00-04:00,120.013,120.646,119.657,120.3116,120.3116,45000
2024-04-19T10:46:00-04:00,120.511,121.1515,120.511,120.896,120.896,79810
2024-04-19T10:47:00-04:00,120.5,120.89,120.3138,120.398,120.398,39840
2024-04-19T10:48:00-04:00,120.474,120.474,120.387,120.416,120.416,21670
2024-04-19T10:49:00-04:00,120.217,121.355,120.186,120.766,120.766,51730
2024-04-19T10:50:00-04:00,120.903,121.501,120.903,120.996,120.996,53190
2024-04-19T10:51:00-04:00,120.915,121.288,120.837,120.847,120.847,13780
2024-04-19T10:52:00-04:00,121.2,121.761,121.045,121.6127,121.6127,54990
2024-04-19T10:53:00-04:00,121.956,122,121.587,121.7375,121.7375,56350
2024-04-19T10:54:00-04:00,121.5235,122.288,121.5235,122.08,122.08,69530
2024-04-19T10:55:00-04:00,122.2,122.424,121.738,121.9,121.9,66080
2024-04-19T10:56:00-04:00,121.396,121.861,121.2,121.499,121.499,38430
2024-04-19T10:57:00-04:00,121.2322,121.2322,121.051,121.2,121.2,35120
2024-04-19T10:58:00-04:00,121.052,121.6,121.052,121.522,121.522,54010
2024-04-19T10:59:00-04:00,121.601,121.8,121.2515,121.279,121.279,82640
2024-04-19T11:00:00-04:00,121.004,121.058,120.8,120.837,120.837,57170
2024-04-19T11:01:00-04:00,120.74,121.137,120.74,121.124,121.124,46280
2024-04-19T11:02:00-04:00,121.653,121.653,120.9819,120.9819,120.9819,11230
2024-04-19T11:03:00-04:00,120.9549,120.9549,120.9,120.9,120.9,18100
2024-04-19T11:04:00-04:00,121.2,121.2,120.9606,121.2,121.2,11610
2024-04-19T11:05:00-04:00,120.808,121,120.5132,121,121,38100
2024-04-19T11:06:00-04:00,120.933,121.0982,120.7575,120.7575,120.7575,25670
2024-04-19T11:07:00-04:00,120.7915,121.1,120.7915,120.911,120.911,43590
2024-04-19T11:08:00-04:00,120.703,121.281,120.703,121.046,121.046,33650
2024-04-19T11:09:00-04:00,120.941,120.98,120.6984,120.98,120.98,14540
2024-04-19T11:10:00-04:00,121,121.0795,120.126,120.201,120.201,60740
2024-04-19T11:11:00-04:00,120.2075,120.571,120.0771,120.2104,120.2104,18230
2024-04-19T11:12:00-04:00,120.502,120.628,120.5,120.5,120.5,14720
2024-04-19T11:13:00-04:00,120.854,120.964,120.599,120.9565,120.9565,55890
2024-04-19T11:14:00-04:00,120.949,121.091,120.8135,121.091,121.091,17500
2024-04-19T11:15:00-04:00,121.128,121.25,121.047,121.149,121.149,18070
2024-04-19T11:16:00-04:00,120.747,121.03,120.447,121.03,121.03,16900
2024-04-19T11:17:00-04:00,121.068,121.068,120.5404,120.627,120.627,29030
2024-04-19T11:19:00-04:00,120.48,120.48,119.8805,120.033,120.033,41240
2024-04-19T11:20:00-04:00,120.122,120.2,119.8214,120.131,120.131,17360
2024-04-19T11:21:00-04:00,120.1,120.2354,120.1,120.2354,120.2354,11490
2024-04-19T11:22:00-04:00,120.3605,120.498,120.3605,120.498,120.498,9300
2024-04-19T11:23:00-04:00,120.3298,120.657,120.3298,120.657,120.657,9310
2024-04-19T11:24:00-04:00,120.6225,120.6225,120.133,120.133,120.133,14000
2024-04-19T11:25:00-04:00,120.043,120.196,120,120.187,120.187,14940
2024-04-19T11:26:00-04:00,119.9658,120.3465,119.9658,120.2618,120.2618,9340
2024-04-19T11:27:00-04:00,120.27,120.544,120.0521,120.0662,120.0662,26630
2024-04-19T11:28:00-04:00,120.339,120.531,120.339,120.531,120.531,18540
2024-04-19T11:29:00-04:00,120.6025,120.6025,120.599,120.599,120.599,10490
2024-04-19T11:30:00-04:00,120.78,121.389,120.78,121.354,121.354,44100
2024-04-19T11:31:00-04:00,121.189,121.189,120.636,120.668,120.668,24720
2024-04-19T11:32:00-04:00,121.1,121.113,121,121,121,17560
2024-04-19T11:33:00-04:00,120.901,120.901,120.901,120.901,120.901,6730
2024-04-19T11:34:00-04:00,120.6,120.6,120.293,120.293,120.293,26710
2024-04-19T11:36:00-04:00,120,120,119.8921,119.962,119.962,26690
2024-04-19T11:37:00-04:00,120.12,120.6911,120.12,120.6911,120.6911,14540
2024-04-19T11:38:00-04:00,120.869,120.9,120.3288,120.3288,120.3288,26200
2024-04-19T11:39:00-04:00,120.53,120.61,120.53,120.61,120.61,7480
2024-04-19T11:40:00-04:00,120.796,120.9,120.675,120.849,120.849,20490
2024-04-19T11:42:00-04:00,120.298,120.3,120.1,120.103,120.103,31200
2024-04-19T11:43:00-04:00,120.214,120.5325,120.214,120.3503,120.3503,8370
2024-04-19T11:44:00-04:00,120.9,121.5,120.9,121.298,121.298,48700
2024-04-19T11:45:00-04:00,121.399,121.461,121.304,121.461,121.461,343490
2024-04-19T11:46:00-04:00,121.6,121.8,121.3208,121.406,121.406,363420
2024-04-19T11:47:00-04:00,121.485,121.724,121.3,121.724,121.724,22160
2024-04-19T11:48:00-04:00,121.725,121.725,121.1241,121.495,121.495,23770
2024-04-19T11:49:00-04:00,121.406,121.731,121.384,121.384,121.384,47120
2024-04-19T11:50:00-04:00,121.6989,121.699,121.6989,121.699,121.699,9340
2024-04-19T11:51:00-04:00,121.739,121.8,121.373,121.373,121.373,23200
2024-04-19T11:52:00-04:00,121.32,121.32,121.27,121.27,121.27,10590
2024-04-19T11:53:00-04:00,121.107,121.379,121.107,121.379,121.379,12730
2024-04-19T11:54:00-04:00,121.102,121.299,120.913,121.299,121.299,31270
2024-04-19T11:55:00-04:00,120.9928,120.9928,120.9928,120.9928,120.9928,8960
2024-04-19T11:56:00-04:00,121.001,121.001,120.65,120.7078,120.7078,14960
2024-04-19T11:57:00-04:00,120.757,120.757,120.7295,120.7295,120.7295,10990
2024-04-19T11:58:00-04:00,120.764,121.171,120.7325,121.171,121.171,34490
2024-04-19T11:59:00-04:00,121.137,121.317,121.137,121.317,121.317,5930
2024-04-19T12:00:00-04:00,121.26,121.9,121.26,121.672,121.672,43760
2024-04-19T12:01:00-04:00,121.737,121.843,121.334,121.334,121.334,21560
2024-04-19T12:02:00-04:00,121.5,121.561,121.283,121.484,121.484,14700
2024-04-19T12:03:00-04:00,121.2875,121.642,121.21,121.642,121.642,20490
2024-04-19T12:04:00-04:00,121.764,121.764,121.085,121.2218,121.2218,26820
2024-04-19T12:05:00-04:00,121.443,121.443,121.443,121.443,121.443,6910
2024-04-19T12:07:00-04:00,120.8935,120.8935,120.333,120.35,120.35,24900
2024-04-19T12:08:00-04:00,120.385,121.059,120.385,120.9015,120.9015,27280
2024-04-19T12:09:00-04:00,121.33,121.3631,120.929,121.268,121.268,17850
2024-04-19T12:10:00-04:00,121.022,121.022,120.302,120.3425,120.3425,58020
2024-04-19T12:11:00-04:00,120.498,120.5,120.498,120.5,120.5,14360
2024-04-19T12:12:00-04:00,120.4,120.486,120.1,120.2,120.2,31570
2024-04-19T12:13:00-04:00,120.189,120.199,119.9505,120.199,120.199,32010
2024-04-19T12:14:00-04:00,120.008,120.076,119.5,119.6,119.6,73870
2024-04-19T12:15:00-04:00,119.478,119.478,118.816,119.061,119.061,75170
2024-04-19T12:16:00-04:00,118.816,119.541,118.816,119.541,119.541,81200
2024-04-19T12:17:00-04:00,119.23,119.6145,119.23,119.328,119.328,22420
2024-04-19T12:18:00-04:00,119.308,119.308,118.73,118.73,118.73,16220
2024-04-19T12:19:00-04:00,118.8264,118.8264,118.826,118.826,118.826,60160
2024-04-19T12:20:00-04:00,118.6,118.673,118.3197,118.582,118.582,28480
2024-04-19T12:21:00-04:00,118.214,118.42,118.204,118.4,118.4,32360
2024-04-19T12:22:00-04:00,118.64,118.641,118.114,118.463,118.463,43780
2024-04-19T12:23:00-04:00,118.752,118.752,117.788,117.8535,117.8535,68830
2024-04-19T12:24:00-04:00,117.885,118.2,117.7049,117.948,117.948,40010
2024-04-19T12:25:00-04:00,117.82,118.165,117.8,118.165,118.165,24950
2024-04-19T12:26:00-04:00,118.243,118.243,117.9,117.9,117.9,12830
2024-04-19T12:27:00-04:00,118.164,118.2632,118.1272,118.142,118.142,12670
2024-04-19T12:28:00-04:00,118.2808,118.5,118.2755,118.333,118.333,57460
2024-04-19T12:29:00-04:00,118.206,118.21,118.0189,118.21,118.21,37840
2024-04-19T12:30:00-04:00,118.2065,118.309,118.099,118.289,118.289,18920
2024-04-19T12:31:00-04:00,118.4138,118.526,118.4138,118.467,118.467,25700
2024-04-19T12:32:00-04:00,118.4,118.514,118.011,118.218,118.218,38350
2024-04-19T12:33:00-04:00,118,118,117.5,117.5,117.5,44210
2024-04-19T12:34:00-04:00,117.471,118.201,117.471,117.802,117.802,48210
2024-04-19T12:35:00-04:00,117.8,117.964,117.722,117.722,117.722,18650
2024-04-19T12:36:00-04:00,117.36,117.36,117.36,117.36,117.36,15450
2024-04-19T12:37:00-04:00,117.2793,117.534,117.2793,117.534,117.534,8100
2024-04-19T12:38:00-04:00,117.6,117.697,117.594,117.601,117.601,20290
2024-04-19T12:40:00-04:00,117.601,117.601,117.601,117.601,117.601,4520
2024-04-19T12:41:00-04:00,117.616,117.616,117.5,117.587,117.587,20030
2024-04-19T12:42:00-04:00,117.848,118.165,117.848,118.165,118.165,12610
2024-04-19T12:43:00-04:00,118.582,118.583,118.0454,118.188,118.188,54330
2024-04-19T12:44:00-04:00,118.188,118.498,118.188,118.3765,118.3765,26360
2024-04-19T12:45:00-04:00,118.2,118.997,118.2,118.375,118.375,18010
2024-04-19T12:46:00-04:00,118.637,119.147,118.501,118.501,118.501,42850
2024-04-19T12:47:00-04:00,118.4,119.137,118.4,119.137,119.137,17330
2024-04-19T12:48:00-04:00,118.583,118.9,118.424,118.483,118.483,53310
2024-04-19T12:49:00-04:00,118.539,119.059,118.205,119.059,119.059,26080
2024-04-19T12:50:00-04:00,119.009,119.6,119.008,119.6,119.6,23740
2024-04-19T12:51:00-04:00,119.413,119.613,119.2,119.598,119.598,40930
2024-04-19T12:52:00-04:00,119.5,119.784,119.4475,119.591,119.591,63390
2024-04-19T12:53:00-04:00,119.475,119.669,119.0711,119.6535,119.6535,28420
2024-04-19T12:54:00-04:00,119.6,119.6,119.079,119.079,119.079,14570
2024-04-19T12:55:00-04:00,119.004,119.004,119.004,119.004,119.004,10400
2024-04-19T12:57:00-04:00,119.3116,119.3116,118.914,119.0196,119.0196,17020
2024-04-19T12:58:00-04:00,118.9275,119.287,118.9275,119.287,119.287,4900
2024-04-19T12:59:00-04:00,119.2934,119.34,119.199,119.199,119.199,12680
2024-04-19T13:00:00-04:00,119.576,119.687,119.4088,119.687,119.687,25480
2024-04-19T13:01:00-04:00,119.4729,119.4729,119.4729,119.4729,119.4729,13460
2024-04-19T13:02:00-04:00,119.4745,119.9325,119.4745,119.9325,119.9325,12840
2024-04-19T13:03:00-04:00,119.757,119.802,119.602,119.603,119.603,13430
2024-04-19T13:04:00-04:00,119.999,120,119.9,119.9,119.9,18040
2024-04-19T13:05:00-04:00,119.5244,120,119.5244,120,120,16430
2024-04-19T13:06:00-04:00,120.097,120.2354,119.801,119.801,119.801,29070
2024-04-19T13:07:00-04:00,119.9515,120.438,119.8089,120.387,120.387,10440
2024-04-19T13:08:00-04:00,120.302,120.577,120.282,120.501,120.501,25340
2024-04-19T13:09:00-04:00,120.3084,120.5483,120.3084,120.5483,120.5483,37010
2024-04-19T13:10:00-04:00,120.56,120.561,120.115,120.4981,120.4981,28740
2024-04-19T13:11:00-04:00,120.268,120.268,120.268,120.268,120.268,4080
2024-04-19T13:12:00-04:00,120.3,120.58,120.286,120.449,120.449,34520
2024-04-19T13:13:00-04:00,120.713,120.74,120.65,120.65,120.65,14100
2024-04-19T13:14:00-04:00,120.899,121.1745,120.7165,121.1745,121.1745,23970
2024-04-19T13:15:00-04:00,121.011,121.011,120.719,120.719,120.719,16800
2024-04-19T13:16:00-04:00,121.039,121.039,120.904,120.904,120.904,15820
2024-04-19T13:17:00-04:00,120.624,121.2,120.624,121.156,121.156,53980
2024-04-19T13:18:00-04:00,121.2771,121.705,121.2771,121.705,121.705,50190
2024-04-19T13:19:00-04:00,121.586,121.6,121.515,121.552,121.552,38830
2024-04-19T13:20:00-04:00,121.371,121.495,121.3,121.31,121.31,34390
2024-04-19T13:21:00-04:00,121.363,121.363,121.1,121.2025,121.2025,31990
2024-04-19T13:22:00-04:00,121.385,121.4,121.064,121.064,121.064,18440
2024-04-19T13:23:00-04:00,120.942,121.091,120.616,120.961,120.961,28550
2024-04-19T13:24:00-04:00,121.2,121.2,121.1,121.1585,121.1585,19510
2024-04-19T13:26:00-04:00,120.976,121.1,120.9751,120.9751,120.9751,12840
2024-04-19T13:27:00-04:00,120.801,120.817,120.633,120.633,120.633,55810
2024-04-19T13:28:00-04:00,120.656,120.656,120.656,120.656,120.656,12350
2024-04-19T13:29:00-04:00,120.3,120.371,120.1969,120.1969,120.1969,19830
2024-04-19T13:30:00-04:00,120.5,120.583,120.5,120.583,120.583,16850
2024-04-19T13:31:00-04:00,120.88,120.88,120.88,120.88,120.88,6330
2024-04-19T13:32:00-04:00,120.6915,120.6915,120.6915,120.6915,120.6915,4160
2024-04-19T13:33:00-04:00,120.861,120.861,120.841,120.841,120.841,5510
2024-04-19T13:34:00-04:00,120.416,120.83,120.416,120.83,120.83,8080
2024-04-19T13:35:00-04:00,120.824,120.824,120.6,120.699,120.699,7750
2024-04-19T13:37:00-04:00,120.2816,120.2816,120.2816,120.2816,120.2816,7890
2024-04-19T13:38:00-04:00,120.248,120.248,120.0072,120.052,120.052,11330
2024-04-19T13:39:00-04:00,120.0954,120.163,119.9357,120.124,120.124,12300
2024-04-19T13:41:00-04:00,120.293,120.379,120.2115,120.379,120.379,20100
2024-04-19T13:42:00-04:00,120.392,120.6056,120.392,120.5245,120.5245,20180
2024-04-19T13:43:00-04:00,120.531,120.593,120.339,120.397,120.397,17950
2024-04-19T13:44:00-04:00,120.6,120.6,120.411,120.411,120.411,21820
2024-04-19T13:45:00-04:00,120.496,120.496,120.496,120.496,120.496,3560
2024-04-19T13:46:00-04:00,120.131,120.399,120.131,120.399,120.399,14290
2024-04-19T13:47:00-04:00,120.199,120.289,120.199,120.289,120.289,6450
2024-04-19T13:48:00-04:00,120.605,120.605,120.605,120.605,120.605,5970
2024-04-19T13:49:00-04:00,120.497,120.57,120.473,120.473,120.473,7330
2024-04-19T13:50:00-04:00,120.697,120.808,120.5908,120.624,120.624,16930
2024-04-19T13:51:00-04:00,120.708,121.098,120.706,121.098,121.098,52710
2024-04-19T13:52:00-04:00,120.904,121.3,120.904,121.3,121.3,43960
2024-04-19T13:53:00-04:00,121.232,121.232,120.93,120.93,120.93,20680
2024-04-19T13:54:00-04:00,121.152,121.494,121.1445,121.494,121.494,37430
2024-04-19T13:55:00-04:00,121.569,121.771,121.317,121.34,121.34,40620
2024-04-19T13:56:00-04:00,121.5,121.5,121,121.023,121.023,12100
2024-04-19T13:57:00-04:00,120.8675,121.024,120.8675,120.995,120.995,20390
2024-04-19T13:58:00-04:00,120.671,120.9205,120.663,120.663,120.663,12940
2024-04-19T13:59:00-04:00,120.724,121.089,120.724,121.089,121.089,12120
2024-04-19T14:00:00-04:00,120.58,120.6925,119.9939,119.9939,119.9939,27120
2024-04-19T14:01:00-04:00,119.9,119.9,119.9,119.9,119.9,6980
2024-04-19T14:02:00-04:00,119.648,119.648,119.648,119.648,119.648,21900
2024-04-19T14:03:00-04:00,119.6185,119.844,119.574,119.574,119.574,19180
2024-04-19T14:04:00-04:00,119.609,119.609,119.609,119.609,119.609,5750
2024-04-19T14:05:00-04:00,119.618,119.618,119.332,119.5105,119.5105,17140
2024-04-19T14:06:00-04:00,119.498,119.498,118.8,118.8,118.8,24240
2024-04-19T14:07:00-04:00,118.842,119.558,118.842,119.5076,119.5076,41190
2024-04-19T14:08:00-04:00,119.165,119.651,119.0931,119.351,119.351,18610
2024-04-19T14:09:00-04:00,119.336,119.336,118.993,119.3,119.3,17530
2024-04-19T14:10:00-04:00,119.3,119.3,119.3,119.3,119.3,4310
2024-04-19T14:12:00-04:00,119.053,119.572,119.053,119.335,119.335,9120
2024-04-19T14:13:00-04:00,119.355,119.362,119.355,119.362,119.362,5450
2024-04-19T14:15:00-04:00,119.092,119.092,119.092,119.092,119.092,7540
2024-04-19T14:16:00-04:00,119.064,119.064,118.5099,118.999,118.999,32340
2024-04-19T14:17:00-04:00,119.062,119.298,118.948,118.982,118.982,17940
2024-04-19T14:18:00-04:00,119.2601,119.48,119.1187,119.48,119.48,28480
2024-04-19T14:19:00-04:00,119.542,119.676,119.464,119.676,119.676,22420
2024-04-19T14:20:00-04:00,119.2157,119.2157,119.2076,119.2076,119.2076,4760
2024-04-19T14:22:00-04:00,119.411,119.479,119.411,119.479,119.479,8520
2024-04-19T14:23:00-04:00,119.4,119.4,119.4,119.4,119.4,7830
2024-04-19T14:24:00-04:00,119.732,119.896,119.732,119.892,119.892,7850
2024-04-19T14:25:00-04:00,119.5377,119.634,119.513,119.634,119.634,13150
2024-04-19T14:26:00-04:00,119.4,119.4,119.132,119.2529,119.2529,34670
2024-04-19T14:27:00-04:00,119.491,119.702,119.333,119.4665,119.4665,20670
2024-04-19T14:28:00-04:00,119.695,119.78,119.373,119.373,119.373,17720
2024-04-19T14:29:00-04:00,119.05,119.05,118.5522,118.723,118.723,21120
2024-04-19T14:30:00-04:00,118.292,118.7105,118.292,118.5375,118.5375,20590
2024-04-19T14:31:00-04:00,118.783,119,118.6535,118.948,118.948,23320
2024-04-19T14:32:00-04:00,119.154,119.217,119.107,119.107,119.107,19130
2024-04-19T14:34:00-04:00,118.955,119.215,118.708,118.708,118.708,8570
2024-04-19T14:35:00-04:00,119.205,119.205,119.205,119.205,119.205,7470
2024-04-19T14:36:00-04:00,118.6882,118.6882,118.6882,118.6882,118.6882,7670
2024-04-19T14:38:00-04:00,118.613,118.613,118.613,118.613,118.613,11850
2024-04-19T14:39:00-04:00,118.502,118.666,118.5,118.5,118.5,53010
2024-04-19T14:40:00-04:00,118.4,118.4,118.4,118.4,118.4,19570
2024-04-19T14:41:00-04:00,118.121,118.334,118.0636,118.0636,118.0636,14520
2024-04-19T14:42:00-04:00,118.4539,118.479,118.3405,118.479,118.479,28330
2024-04-19T14:43:00-04:00,118.5,118.5,118.419,118.419,118.419,7550
2024-04-19T14:44:00-04:00,118.419,118.419,118.419,118.419,118.419,4020
2024-04-19T14:45:00-04:00,118.256,118.258,118.254,118.258,118.258,13540
2024-04-19T14:46:00-04:00,118.486,118.585,118.245,118.245,118.245,14360
2024-04-19T14:47:00-04:00,118.4,118.698,118.397,118.698,118.698,25560
2024-04-19T14:48:00-04:00,118.669,118.812,118.669,118.714,118.714,18740
2024-04-19T14:49:00-04:00,118.923,118.985,118.499,118.942,118.942,11850
2024-04-19T14:50:00-04:00,118.998,118.998,118.998,118.998,118.998,9820
2024-04-19T14:51:00-04:00,118.4,118.4,118.4,118.4,118.4,5080
2024-04-19T14:52:00-04:00,118.686,118.686,118.4336,118.4336,118.4336,12410
2024-04-19T14:53:00-04:00,118.573,118.573,118.573,118.573,118.573,2790
2024-04-19T14:54:00-04:00,118.32,118.32,118.32,118.32,118.32,6070
2024-04-19T14:55:00-04:00,118.667,118.798,118.5805,118.5805,118.5805,22330
2024-04-19T14:56:00-04:00,118.5755,118.9,118.5755,118.685,118.685,20830
2024-04-19T14:57:00-04:00,118.561,118.677,118.365,118.378,118.378,31420
2024-04-19T14:58:00-04:00,118.677,118.789,118.677,118.789,118.789,9950
2024-04-19T14:59:00-04:00,118.78,118.78,118.3864,118.3864,118.3864,26000
2024-04-19T15:00:00-04:00,118.476,118.54,118.3,118.461,118.461,43180
2024-04-19T15:01:00-04:00,118.545,118.545,118.174,118.201,118.201,26210
2024-04-19T15:02:00-04:00,118.206,118.206,118.206,118.206,118.206,5580
2024-04-19T15:03:00-04:00,118.457,118.5,118.457,118.5,118.5,12460
2024-04-19T15:04:00-04:00,118.173,118.387,118.173,118.387,118.387,11500
2024-04-19T15:05:00-04:00,118.624,118.624,118.624,118.624,118.624,10800
2024-04-19T15:06:00-04:00,118.403,118.403,118.2155,118.4025,118.4025,21790
2024-04-19T15:07:00-04:00,118.537,118.619,118.3,118.402,118.402,52400
2024-04-19T15:08:00-04:00,118.413,118.5,118.413,118.5,118.5,8890
2024-04-19T15:09:00-04:00,118.4965,119.061,118.4965,118.673,118.673,16960
2024-04-19T15:10:00-04:00,118.726,118.726,118.6809,118.6809,118.6809,12630
2024-04-19T15:11:00-04:00,119.112,119.112,119.0618,119.0618,119.0618,8440
2024-04-19T15:12:00-04:00,119.3,119.516,118.986,119.516,119.516,30990
2024-04-19T15:13:00-04:00,119.225,119.544,119.225,119.5,119.5,28070
2024-04-19T15:14:00-04:00,119.554,119.554,119.3,119.518,119.518,26840
2024-04-19T15:15:00-04:00,119.586,119.586,119.262,119.262,119.262,59160
2024-04-19T15:17:00-04:00,119.473,119.473,119.473,119.473,119.473,5910
2024-04-19T15:18:00-04:00,119.514,119.516,119.51,119.516,119.516,16800
2024-04-19T15:19:00-04:00,119.761,119.8,119.61,119.61,119.61,24900
2024-04-19T15:20:00-04:00,119.664,119.664,119.53,119.598,119.598,13100
2024-04-19T15:22:00-04:00,119.727,119.727,119.727,119.727,119.727,5550
2024-04-19T15:23:00-04:00,119.414,119.6,119.399,119.6,119.6,16490
2024-04-19T15:24:00-04:00,119.566,119.566,119.566,119.566,119.566,5410
2024-04-19T15:25:00-04:00,119.387,119.432,119.387,119.432,119.432,8660
2024-04-19T15:26:00-04:00,119.35,119.689,119.35,119.4736,119.4736,20600
2024-04-19T15:28:00-04:00,119.5267,119.986,119.51,119.8,119.8,37120
2024-04-19T15:29:00-04:00,119.7175,119.76,119.301,119.534,119.534,27010
2024-04-19T15:30:00-04:00,119.331,119.35,119.279,119.3,119.3,10260
2024-04-19T15:31:00-04:00,119.3,119.3,119.299,119.299,119.299,11290
2024-04-19T15:32:00-04:00,119.08,119.08,119.08,119.08,119.08,10960
2024-04-19T15:33:00-04:00,118.985,119.097,118.985,119.097,119.097,9350
2024-04-19T15:34:00-04:00,119.176,119.213,119.172,119.213,119.213,13080
2024-04-19T15:35:00-04:00,118.66,118.66,118.421,118.421,118.421,21210
2024-04-19T15:36:00-04:00,118.417,118.553,118.417,118.553,118.553,16170
2024-04-19T15:37:00-04:00,118.78,118.78,118.748,118.748,118.748,25220
2024-04-19T15:38:00-04:00,118.869,118.869,118.4727,118.4727,118.4727,9010
2024-04-19T15:39:00-04:00,118.5,118.5,118.469,118.469,118.469,6470
2024-04-19T15:40:00-04:00,118.39,118.39,118.0087,118.025,118.025,56160
2024-04-19T15:41:00-04:00,118,118.358,117.8,118.358,118.358,80540
2024-04-19T15:42:00-04:00,118.019,118.181,118.016,118.181,118.181,22270
2024-04-19T15:43:00-04:00,118.003,118.003,117.787,117.8,117.8,20400
2024-04-19T15:44:00-04:00,117.7855,118.255,117.7855,118.1985,118.1985,41590
2024-04-19T15:45:00-04:00,118.081,118.268,117.543,117.543,117.543,60310
2024-04-19T15:46:00-04:00,117.8015,117.8015,117.346,117.384,117.384,94100
2024-04-19T15:47:00-04:00,117.283,117.715,117.2,117.5125,117.5125,63550
2024-04-19T15:48:00-04:00,117.5,117.5,117.251,117.3,117.3,22610
2024-04-19T15:49:00-04:00,117.1902,117.4,117.131,117.3,117.3,43850
2024-04-19T15:50:00-04:00,117.229,117.4422,116.829,116.999,116.999,98070
2024-04-19T15:51:00-04:00,116.999,117.1495,116.693,116.7185,116.7185,54890
2024-04-19T15:52:00-04:00,116.6241,117.1695,116.6241,116.8,116.8,148470
2024-04-19T15:53:00-04:00,116.842,117.197,116.647,117.197,117.197,33060
2024-04-19T15:54:00-04:00,117.093,117.389,117.001,117.136,117.136,80670
2024-04-19T15:55:00-04:00,117.499,117.5325,117.4968,117.5325,117.5325,46800
2024-04-19T15:56:00-04:00,117.63,117.794,117.5433,117.677,117.677,49890
2024-04-19T15:57:00-04:00,117.627,117.7582,117.442,117.472,117.472,53630
2024-04-19T15:58:00-04:00,117.451,117.477,117.318,117.371,117.371,69510
2024-04-19T15:59:00-04:00,117.5106,117.607,117.274,117.549,117.549,139020
2024-04-19T16:00:00-04:00,117.411,117.411,117.411,117.411,117.411,5500
2024-04-19T16:14:00-04:00,116.5679,116.5679,116.5679,116.5679,116.5679,5310
2024-04-19T16:18:00-04:00,116.8,116.8,116.8,116.8,116.8,1550
2024-04-19T16:37:00-04:00,116.6013,116.6013,116.6013,116.6013,116.6013,3490
2024-04-19T17:07:00-04:00,117,117,117,117,117,2440
2024-04-19T17:11:00-04:00,117.411,117.411,117.411,117.411,117.411,1120
2024-04-19T17:19:00-04:00,116.86,116.86,116.86,116.86,116.86,1470
2024-04-19T17:20:00-04:00,117.1,117.1,117.1,117.1,117.1,1850
2024-04-19T18:19:00-04:00,116.2,116.2,116.2,116.2,116.2,1810
2024-04-19T18:32:00-04:00,116.2,116.2,116.2,116.2,116.2,2380
2024-04-19T18:52:00-04:00,116.1,116.1,116.1,116.1,116.1,1490
2024-04-19T19:01:00-04:00,116,116,116,116,116,13170
2024-04-19T19:17:00-04:00,115.2,115.2,115.2,115.2,115.2,1680
2024-04-19T19:31:00-04:00,114.55,114.55,114.55,114.55,114.55,4440
2024-04-19T19:48:00-04:00,116,116,116,116,116,3330
