Datetime,Open,High,Low,Close,Adj Close,Volume
2025-12-18T04:00:00-05:00,179.66,179.66,178.52,179.32,179.32,3828
2025-12-18T04:01:00-05:00,179.38,179.38,179.38,179.38,179.38,832
2025-12-18T04:05:00-05:00,179.48,179.48,179.4,179.4,179.4,1056
2025-12-18T04:08:00-05:00,179.22,179.22,179.22,179.22,179.22,372
2025-12-18T04:09:00-05:00,179.24,179.28,179.2,179.28,179.28,1948
2025-12-18T04:10:00-05:00,179.3,179.32,179.29,179.29,179.29,1033
2025-12-18T04:11:00-05:00,179.41,179.42,179.41,179.42,179.42,715
2025-12-18T04:13:00-05:00,179.44,179.59,179.44,179.59,179.59,796
2025-12-18T04:14:00-05:00,179.45,179.45,179.4,179.4,179.4,1385
2025-12-18T04:17:00-05:00,179.27,179.27,179.27,179.27,179.27,461
2025-12-18T04:22:00-05:00,179.44,179.44,179.44,179.44,179.44,426
2025-12-18T04:23:00-05:00,179.45,179.58,179.45,179.52,179.52,1194
2025-12-18T04:26:00-05:00,179.5,179.5,179.5,179.5,179.5,226
2025-12-18T04:28:00-05:00,179.33,179.33,179.33,179.33,179.33,414
2025-12-18T04:31:00-05:00,179.57,179.57,179.56,179.56,179.56,1188
2025-12-18T04:32:00-05:00,179.59,179.59,179.59,179.59,179.59,599
2025-12-18T04:36:00-05:00,179.59,179.59,179.57,179.59,179.59,1017
2025-12-18T04:44:00-05:00,179.62,179.62,179.62,179.62,179.62,345
2025-12-18T04:45:00-05:00,179.63,179.74,179.63,179.74,179.74,12204
2025-12-18T04:47:00-05:00,179.74,179.74,179.71,179.71,179.71,886
2025-12-18T04:48:00-05:00,179.74,179.81,179.73,179.81,179.81,2999
2025-12-18T04:50:00-05:00,179.88,179.98,179.88,179.98,179.98,3458
2025-12-18T04:53:00-05:00,179.84,179.84,179.84,179.84,179.84,313
2025-12-18T04:54:00-05:00,179.84,179.84,179.84,179.84,179.84,1261
2025-12-18T04:56:00-05:00,179.8,179.8,179.8,179.8,179.8,756
2025-12-18T05:01:00-05:00,179.71,179.71,179.71,179.71,179.71,1178
2025-12-18T05:03:00-05:00,179.83,179.83,179.83,179.83,179.83,649
2025-12-18T05:05:00-05:00,179.67,179.67,179.67,179.67,179.67,262
2025-12-18T05:07:00-05:00,179.7,179.7,179.67,179.67,179.67,574
2025-12-18T05:08:00-05:00,179.67,179.67,179.67,179.67,179.67,285
2025-12-18T05:09:00-05:00,179.78,179.78,179.78,179.78,179.78,1081
2025-12-18T05:11:00-05:00,179.66,179.66,179.66,179.66,179.66,498
2025-12-18T05:20:00-05:00,179.79,179.86,179.78,179.85,179.85,2217
2025-12-18T05:24:00-05:00,179.54,179.54,179.54,179.54,179.54,516
2025-12-18T05:25:00-05:00,179.51,179.51,179.51,179.51,179.51,597
2025-12-18T05:28:00-05:00,179.67,179.67,179.59,179.59,179.59,1365
2025-12-18T05:29:00-05:00,179.58,179.58,179.58,179.58,179.58,269
2025-12-18T05:32:00-05:00,179.74,179.74,179.74,179.74,179.74,514
2025-12-18T05:35:00-05:00,179.66,179.66,179.65,179.65,179.65,459
2025-12-18T05:42:00-05:00,179.65,179.65,179.65,179.65,179.65,136
2025-12-18T05:47:00-05:00,179.69,179.69,179.69,179.69,179.69,197
2025-12-18T05:49:00-05:00,179.72,179.72,179.72,179.72,179.72,767
2025-12-18T05:54:00-05:00,179.67,179.67,179.64,179.64,179.64,693
2025-12-18T05:55:00-05:00,179.64,179.64,179.64,179.64,179.64,747
2025-12-18T05:59:00-05:00,179.6,179.65,179.6,179.65,179.65,398
2025-12-18T06:00:00-05:00,179.73,179.73,179.73,179.73,179.73,1463
2025-12-18T06:01:00-05:00,179.72,179.78,179.65,179.65,179.65,2277
2025-12-18T06:02:00-05:00,179.55,179.79,179.55,179.79,179.79,3802
2025-12-18T06:04:00-05:00,179.69,179.69,179.69,179.69,179.69,111
2025-12-18T06:06:00-05:00,179.78,179.8,179.78,179.8,179.8,2323
2025-12-18T06:09:00-05:00,179.79,179.79,179.79,179.79,179.79,552
2025-12-18T06:10:00-05:00,179.85,179.86,179.85,179.86,179.86,547
2025-12-18T06:11:00-05:00,179.89,179.89,179.89,179.89,179.89,461
2025-12-18T06:14:00-05:00,179.85,179.85,179.85,179.85,179.85,219
2025-12-18T06:15:00-05:00,179.86,179.86,179.86,179.86,179.86,566
2025-12-18T06:19:00-05:00,179.85,179.85,179.85,179.85,179.85,165
2025-12-18T06:21:00-05:00,179.8,179.8,179.8,179.8,179.8,1005
2025-12-18T06:23:00-05:00,179.8,179.8,179.8,179.8,179.8,722
2025-12-18T06:25:00-05:00,179.8,179.85,179.8,179.85,179.85,2918
2025-12-18T06:26:00-05:00,179.8,179.8,179.8,179.8,179.8,888
2025-12-18T06:30:00-05:00,179.88,179.88,179.88,179.88,179.88,187
2025-12-18T06:34:00-05:00,179.82,179.82,179.8,179.8,179.8,864
2025-12-18T06:36:00-05:00,179.77,179.77,179.7,179.7,179.7,1458
2025-12-18T06:37:00-05:00,179.61,179.61,179.6,179.6,179.6,1094
2025-12-18T06:42:00-05:00,179.72,179.72,179.72,179.72,179.72,587
2025-12-18T06:43:00-05:00,179.74,179.75,179.7,179.74,179.74,1646
2025-12-18T06:44:00-05:00,179.7,179.7,179.7,179.7,179.7,152
2025-12-18T06:46:00-05:00,179.8,179.8,179.8,179.8,179.8,436
2025-12-18T06:47:00-05:00,179.76,179.76,179.75,179.75,179.75,441
2025-12-18T06:49:00-05:00,179.87,179.87,179.86,179.86,179.86,1187
2025-12-18T06:55:00-05:00,179.88,179.88,179.87,179.87,179.87,1020
2025-12-18T06:59:00-05:00,179.78,179.78,179.78,179.78,179.78,804
2025-12-18T07:00:00-05:00,179.8,179.9,179.72,179.9,179.9,5464
2025-12-18T07:01:00-05:00,179.93,179.93,179.82,179.82,179.82,1830
2025-12-18T07:02:00-05:00,179.76,179.76,179.65,179.66,179.66,3987
2025-12-18T07:05:00-05:00,179.86,179.9,179.86,179.9,179.9,2363
2025-12-18T07:07:00-05:00,179.88,179.88,179.88,179.88,179.88,781
2025-12-18T07:08:00-05:00,179.88,179.91,179.88,179.91,179.91,723
2025-12-18T07:09:00-05:00,179.9,179.9,179.77,179.77,179.77,1888
2025-12-18T07:10:00-05:00,179.9,179.9,179.9,179.9,179.9,319
2025-12-18T07:11:00-05:00,179.9,179.95,179.86,179.95,179.95,2225
2025-12-18T07:14:00-05:00,179.91,179.91,179.9,179.9,179.9,570
2025-12-18T07:15:00-05:00,179.95,179.95,179.94,179.94,179.94,347
2025-12-18T07:17:00-05:00,179.95,179.98,179.95,179.98,179.98,1715
2025-12-18T07:18:00-05:00,180,180,180,180,180,3272
2025-12-18T07:19:00-05:00,180.189,180.33,180.189,180.32,180.32,5475
2025-12-18T07:20:00-05:00,180.32,180.45,180.3,180.38,180.38,6688
2025-12-18T07:21:00-05:00,180.59,180.59,180.45,180.5,180.5,2445
2025-12-18T07:22:00-05:00,180.51,180.52,180.46,180.52,180.52,3745
2025-12-18T07:23:00-05:00,180.3,180.3,180.1,180.1,180.1,3431
2025-12-18T07:24:00-05:00,180.1,180.19,180.1,180.19,180.19,1444
2025-12-18T07:25:00-05:00,180.16,180.16,180.16,180.16,180.16,210
2025-12-18T07:27:00-05:00,180.16,180.16,180.16,180.16,180.16,252
2025-12-18T07:29:00-05:00,180.34,180.34,180.26,180.26,180.26,1012
2025-12-18T07:30:00-05:00,180.2,180.2,180.2,180.2,180.2,688
2025-12-18T07:33:00-05:00,180.21,180.21,180.2,180.2,180.2,478
2025-12-18T07:34:00-05:00,180.1,180.1,180.02,180.02,180.02,751
2025-12-18T07:37:00-05:00,180.1,180.1,180.1,180.1,180.1,261
2025-12-18T07:40:00-05:00,180.14,180.14,180.14,180.14,180.14,368
2025-12-18T07:43:00-05:00,180.19,180.2,180.19,180.2,180.2,749
2025-12-18T07:44:00-05:00,180.3,180.3,180.27,180.27,180.27,548
2025-12-18T07:45:00-05:00,180.2,180.25,180.2,180.25,180.25,806
2025-12-18T07:46:00-05:00,180.23,180.23,180.23,180.23,180.23,1485
2025-12-18T07:47:00-05:00,180.25,180.25,180.25,180.25,180.25,704
2025-12-18T07:49:00-05:00,180.39,180.39,180.39,180.39,180.39,416
2025-12-18T07:51:00-05:00,180.36,180.36,180.36,180.36,180.36,1212
2025-12-18T07:54:00-05:00,180.21,180.26,180.21,180.26,180.26,1535
2025-12-18T07:55:00-05:00,180.15,180.15,180.15,180.15,180.15,787
2025-12-18T07:56:00-05:00,180.15,180.15,180.15,180.15,180.15,202
2025-12-18T07:57:00-05:00,180.14,180.23,180.14,180.23,180.23,796
2025-12-18T08:00:00-05:00,179.64,180.65,178.65,180.05,180.05,162016
2025-12-18T08:01:00-05:00,180.19,180.3,180.19,180.3,180.3,9538
2025-12-18T08:02:00-05:00,179.8803,180.31,179.8803,180.22,180.22,1339
2025-12-18T08:04:00-05:00,180.2945,180.2945,180.1152,180.1152,180.1152,1109
2025-12-18T08:05:00-05:00,180.1268,180.3,180.09,180.3,180.3,1157
2025-12-18T08:06:00-05:00,180.09,180.25,180,180.05,180.05,8272
2025-12-18T08:07:00-05:00,180.05,180.1465,179.7,179.75,179.75,11386
2025-12-18T08:08:00-05:00,179.7524,179.98,179.7524,179.98,179.98,1174
2025-12-18T08:09:00-05:00,179.8014,179.98,179.8,179.8,179.8,3489
2025-12-18T08:10:00-05:00,179.95,179.99,179.95,179.95,179.95,738
2025-12-18T08:11:00-05:00,180.168,180.168,180.168,180.168,180.168,527
2025-12-18T08:13:00-05:00,180.16,180.2,180.16,180.2,180.2,1225
2025-12-18T08:14:00-05:00,180.0995,180.1,180.0077,180.0077,180.0077,903
2025-12-18T08:16:00-05:00,180.16,180.2781,180.16,180.2781,180.2781,3620
2025-12-18T08:17:00-05:00,180.24,180.3,180.22,180.284,180.284,3126
2025-12-18T08:18:00-05:00,180.25,180.26,180.2,180.2,180.2,4027
2025-12-18T08:19:00-05:00,180.25,180.2647,180.25,180.2647,180.2647,1919
2025-12-18T08:20:00-05:00,180.2146,180.3,180.2146,180.3,180.3,1385
2025-12-18T08:21:00-05:00,180.21,180.28,180.2,180.28,180.28,1666
2025-12-18T08:22:00-05:00,180.25,180.3,180.25,180.3,180.3,5313
2025-12-18T08:23:00-05:00,180.28,180.3,180.2548,180.28,180.28,5102
2025-12-18T08:24:00-05:00,180.2936,180.31,180.2253,180.2253,180.2253,4857
2025-12-18T08:25:00-05:00,180.32,180.34,180.32,180.34,180.34,981
2025-12-18T08:26:00-05:00,180.3001,180.5,180.3001,180.5,180.5,3486
2025-12-18T08:27:00-05:00,180.53,180.5899,180.37,180.5196,180.5196,5576
2025-12-18T08:28:00-05:00,180.4001,180.49,180.4,180.47,180.47,2127
2025-12-18T08:29:00-05:00,180.4808,180.5,180.3798,180.3798,180.3798,3176
2025-12-18T08:30:00-05:00,180.49,181.24,180.34,181.24,181.24,16969
2025-12-18T08:31:00-05:00,181.2,181.55,181.08,181.5,181.5,14645
2025-12-18T08:32:00-05:00,181.54,181.54,180.86,181.2,181.2,27933
2025-12-18T08:33:00-05:00,181.21,181.3599,181.01,181.26,181.26,5894
2025-12-18T08:34:00-05:00,181.24,181.27,181.01,181.18,181.18,7702
2025-12-18T08:35:00-05:00,181.0372,181.2,180.92,180.92,180.92,12441
2025-12-18T08:36:00-05:00,180.9,181.54,180.9,181.5,181.5,8108
2025-12-18T08:37:00-05:00,181.4994,181.69,181.48,181.6,181.6,7128
2025-12-18T08:38:00-05:00,181.57,182.02,181.57,181.98,181.98,41371
2025-12-18T08:39:00-05:00,182,182.16,182,182.16,182.16,7141
2025-12-18T08:40:00-05:00,182.2,182.55,182.18,182.55,182.55,18372
2025-12-18T08:41:00-05:00,182.4579,182.78,182.4579,182.63,182.63,25828
2025-12-18T08:42:00-05:00,182.7,182.7,182.11,182.29,182.29,23226
2025-12-18T08:43:00-05:00,182.4,182.47,182.24,182.447,182.447,13042
2025-12-18T08:44:00-05:00,182.35,182.57,182.26,182.52,182.52,9780
2025-12-18T08:45:00-05:00,182.49,182.59,182.2732,182.33,182.33,9552
2025-12-18T08:46:00-05:00,182.33,182.45,182.26,182.3101,182.3101,6433
2025-12-18T08:47:00-05:00,182.35,182.6731,182.32,182.67,182.67,8376
2025-12-18T08:48:00-05:00,182.69,182.7,182.36,182.41,182.41,7729
2025-12-18T08:49:00-05:00,182.4,182.46,182.12,182.29,182.29,8606
2025-12-18T08:50:00-05:00,182.2006,182.4,182.2,182.21,182.21,10711
2025-12-18T08:51:00-05:00,182.3,182.39,182.11,182.3301,182.3301,9438
2025-12-18T08:52:00-05:00,182.33,182.52,182.27,182.3,182.3,14107
2025-12-18T08:53:00-05:00,182.32,182.45,182.28,182.45,182.45,6586
2025-12-18T08:54:00-05:00,182.52,182.55,182.4276,182.55,182.55,5538
2025-12-18T08:55:00-05:00,182.55,182.5993,182.47,182.51,182.51,5279
2025-12-18T08:56:00-05:00,182.39,182.39,182.25,182.27,182.27,4809
2025-12-18T08:57:00-05:00,182.12,182.2,181.83,181.85,181.85,13623
2025-12-18T08:58:00-05:00,181.99,182.2,181.99,182.1017,182.1017,6229
2025-12-18T08:59:00-05:00,182.084,182.12,182.0001,182.0001,182.0001,3967
2025-12-18T09:00:00-05:00,182.1857,182.1857,182.02,182.1,182.1,5266
2025-12-18T09:01:00-05:00,182.01,182.3088,182.01,182.2442,182.2442,31142
2025-12-18T09:02:00-05:00,182.31,182.41,182.31,182.41,182.41,5033
2025-12-18T09:03:00-05:00,182.26,182.26,182.17,182.2,182.2,4537
2025-12-18T09:04:00-05:00,182.19,182.2491,182.154,182.154,182.154,3009
2025-12-18T09:05:00-05:00,182.2364,182.35,182.2,182.2537,182.2537,6527
2025-12-18T09:06:00-05:00,182.34,182.4363,182.34,182.42,182.42,3981
2025-12-18T09:07:00-05:00,182.3994,182.3994,182.3,182.35,182.35,2461
2025-12-18T09:08:00-05:00,182.3695,182.3695,182.1727,182.176,182.176,8006
2025-12-18T09:09:00-05:00,182.074,182.25,182.074,182.24,182.24,4099
2025-12-18T09:10:00-05:00,182.25,182.3995,182.25,182.3995,182.3995,1869
2025-12-18T09:11:00-05:00,182.3,182.3504,182.05,182.05,182.05,3372
2025-12-18T09:12:00-05:00,182.225,182.25,182,182.17,182.17,19482
2025-12-18T09:13:00-05:00,182.07,182.27,182.05,182.1017,182.1017,6475
2025-12-18T09:14:00-05:00,182.2499,182.2499,182.1,182.15,182.15,2973
2025-12-18T09:15:00-05:00,182.24,182.24,182.01,182.0661,182.0661,6613
2025-12-18T09:16:00-05:00,182.08,182.08,181.89,181.89,181.89,11917
2025-12-18T09:17:00-05:00,181.9,182.2,181.9,182.15,182.15,10310
2025-12-18T09:18:00-05:00,182.181,182.181,182.12,182.12,182.12,1551
2025-12-18T09:19:00-05:00,182.2,182.2,182.12,182.12,182.12,5810
2025-12-18T09:20:00-05:00,182.02,182.1046,181.88,182.0925,182.0925,4400
2025-12-18T09:21:00-05:00,182.017,182.017,181.8995,181.8995,181.8995,3340
2025-12-18T09:22:00-05:00,181.89,182.1,181.89,182.1,182.1,3145
2025-12-18T09:23:00-05:00,182.0104,182.15,182.0104,182.09,182.09,2029
2025-12-18T09:24:00-05:00,182.1316,182.15,182.037,182.0561,182.0561,3306
2025-12-18T09:25:00-05:00,182.01,182.01,181.82,181.88,181.88,7648
2025-12-18T09:26:00-05:00,181.8524,182.15,181.8524,181.96,181.96,3876
2025-12-18T09:27:00-05:00,182.15,182.16,181.9,182.15,182.15,17199
2025-12-18T09:28:00-05:00,181.99,182.05,181.27,181.42,181.42,27463
2025-12-18T09:29:00-05:00,181.4,181.66,181.32,181.66,181.66,8143
2025-12-18T09:30:00-05:00,181.51,183.15,181.51,182.89,182.89,720249
2025-12-18T09:31:00-05:00,182.9,183.29,182,182.765,182.765,256022
2025-12-18T09:32:00-05:00,182.668,183.15,182.64,182.907,182.907,208296
2025-12-18T09:33:00-05:00,182.8758,183.32,182.31,183.2201,183.2201,255942
2025-12-18T09:34:00-05:00,183.23,184.67,183.19,184.22,184.22,463974
2025-12-18T09:35:00-05:00,184.38,184.78,183.76,184.03,184.03,345638
2025-12-18T09:36:00-05:00,184.05,184.37,183.54,183.7002,183.7002,251821
2025-12-18T09:37:00-05:00,183.7,184.09,183.5,183.88,183.88,206310
2025-12-18T09:38:00-05:00,183.9196,184.06,182.8064,183.09,183.09,249596
2025-12-18T09:39:00-05:00,183.03,183.125,182.32,182.8275,182.8275,303896
2025-12-18T09:40:00-05:00,182.84,183.35,182.32,183.35,183.35,242625
2025-12-18T09:41:00-05:00,183.26,183.26,182.15,182.532,182.532,185569
2025-12-18T09:42:00-05:00,182.58,183.0434,182.371,183.03,183.03,108793
2025-12-18T09:43:00-05:00,183.01,183.52,182.73,183.4606,183.4606,308928
2025-12-18T09:44:00-05:00,183.45,183.49,182.77,183.05,183.05,128640
2025-12-18T09:45:00-05:00,183.01,183.4,182.55,182.69,182.69,116886
2025-12-18T09:46:00-05:00,182.66,183.08,182.15,183.045,183.045,169688
2025-12-18T09:47:00-05:00,183.04,183.11,182.4001,182.52,182.52,105279
2025-12-18T09:48:00-05:00,182.5812,182.59,181.86,181.943,181.943,144946
2025-12-18T09:49:00-05:00,181.95,182.33,181.54,182.16,182.16,169419
2025-12-18T09:50:00-05:00,182.2015,182.68,182.02,182.29,182.29,183688
2025-12-18T09:51:00-05:00,182.255,182.49,182.06,182.14,182.14,105211
2025-12-18T09:52:00-05:00,182.105,182.39,181.83,182.39,182.39,156271
2025-12-18T09:53:00-05:00,182.4,182.95,182.2185,182.7501,182.7501,157872
2025-12-18T09:54:00-05:00,182.81,183.409,182.81,183.23,183.23,188113
2025-12-18T09:55:00-05:00,183.2601,183.4,182.9,183.3099,183.3099,109037
2025-12-18T09:56:00-05:00,183.26,183.4,182.91,183.38,183.38,90749
2025-12-18T09:57:00-05:00,183.3554,183.61,183.23,183.5715,183.5715,214628
2025-12-18T09:58:00-05:00,183.57,183.84,183.3294,183.74,183.74,146708
2025-12-18T09:59:00-05:00,183.76,183.789,183.15,183.545,183.545,158812
2025-12-18T10:00:00-05:00,183.58,183.78,183.355,183.73,183.73,121054
2025-12-18T10:01:00-05:00,183.6804,183.78,183.29,183.625,183.625,109243
2025-12-18T10:02:00-05:00,183.62,183.86,183.5,183.52,183.52,88755
2025-12-18T10:03:00-05:00,183.535,183.535,183.06,183.2198,183.2198,104033
2025-12-18T10:04:00-05:00,183.21,183.21,182.94,183.0164,183.0164,74954
2025-12-18T10:05:00-05:00,183.02,183.16,182.75,182.965,182.965,128022
2025-12-18T10:06:00-05:00,182.93,182.98,182.4601,182.725,182.725,119077
2025-12-18T10:07:00-05:00,182.7,182.82,182.58,182.774,182.774,53013
2025-12-18T10:08:00-05:00,182.74,182.75,182.45,182.7239,182.7239,71556
2025-12-18T10:09:00-05:00,182.77,182.8,182.39,182.54,182.54,83940
2025-12-18T10:10:00-05:00,182.61,182.73,182.22,182.46,182.46,115698
2025-12-18T10:11:00-05:00,182.45,182.625,182.16,182.521,182.521,100240
2025-12-18T10:12:00-05:00,182.5,182.64,182.22,182.4,182.4,72500
2025-12-18T10:13:00-05:00,182.36,182.528,182.13,182.36,182.36,91221
2025-12-18T10:14:00-05:00,182.52,182.624,182.12,182.5502,182.5502,94544
2025-12-18T10:15:00-05:00,182.55,183.1999,182.45,183.115,183.115,165100
2025-12-18T10:16:00-05:00,183.0813,183.19,182.55,182.58,182.58,75186
2025-12-18T10:17:00-05:00,182.585,182.7601,182.3154,182.55,182.55,83470
2025-12-18T10:18:00-05:00,182.53,182.94,182.53,182.88,182.88,81601
2025-12-18T10:19:00-05:00,182.83,183.019,182.6792,182.8199,182.8199,87274
2025-12-18T10:20:00-05:00,182.78,183.02,182.43,182.965,182.965,82866
2025-12-18T10:21:00-05:00,182.96,183.57,182.77,183.53,183.53,118940
2025-12-18T10:22:00-05:00,183.55,183.68,183.35,183.61,183.61,97909
2025-12-18T10:23:00-05:00,183.63,184.32,183.63,184.29,184.29,391005
2025-12-18T10:24:00-05:00,184.28,184.79,184.26,184.713,184.713,273114
2025-12-18T10:25:00-05:00,184.66,185.06,184.3701,184.91,184.91,356148
2025-12-18T10:26:00-05:00,184.91,185.4699,184.91,185.39,185.39,214634
2025-12-18T10:27:00-05:00,185.37,185.79,185.3,185.649,185.649,450480
2025-12-18T10:28:00-05:00,185.6682,186.75,185.4683,186.595,186.595,729470
2025-12-18T10:29:00-05:00,186.5648,186.85,186.28,186.3591,186.3591,501434
2025-12-18T10:30:00-05:00,186.34,186.74,186.1101,186.52,186.52,228263
2025-12-18T10:31:00-05:00,186.53,186.97,186.42,186.87,186.87,214511
2025-12-18T10:32:00-05:00,186.85,186.885,186.42,186.64,186.64,225733
2025-12-18T10:33:00-05:00,186.67,187.09,186.56,186.995,186.995,346931
2025-12-18T10:34:00-05:00,186.99,187.13,186.73,186.92,186.92,184555
2025-12-18T10:35:00-05:00,186.92,186.94,186.5,186.67,186.67,136336
2025-12-18T10:36:00-05:00,186.712,186.7399,186.48,186.6299,186.6299,81756
2025-12-18T10:37:00-05:00,186.61,186.89,186.29,186.86,186.86,165007
2025-12-18T10:38:00-05:00,186.82,187.22,186.8,187.05,187.05,205011
2025-12-18T10:39:00-05:00,187.08,187.17,186.65,186.7408,186.7408,109169
2025-12-18T10:40:00-05:00,186.725,186.79,186.23,186.455,186.455,155682
2025-12-18T10:41:00-05:00,186.4528,186.64,186.09,186.55,186.55,126988
2025-12-18T10:42:00-05:00,186.55,186.62,186.31,186.47,186.47,87641
2025-12-18T10:43:00-05:00,186.49,186.5027,186.24,186.32,186.32,65590
2025-12-18T10:44:00-05:00,186.2765,186.31,185.95,186.27,186.27,146300
2025-12-18T10:45:00-05:00,186.28,186.31,185.96,186.23,186.23,97697
2025-12-18T10:46:00-05:00,186.28,186.44,186.01,186.3462,186.3462,98063
2025-12-18T10:47:00-05:00,186.27,186.47,186.17,186.2633,186.2633,100182
2025-12-18T10:48:00-05:00,186.271,186.4,186.13,186.24,186.24,78526
2025-12-18T10:49:00-05:00,186.22,186.48,186.13,186.2994,186.2994,107517
2025-12-18T10:50:00-05:00,186.33,186.43,186.13,186.29,186.29,69365
2025-12-18T10:51:00-05:00,186.33,186.49,186.2,186.2,186.2,65365
2025-12-18T10:52:00-05:00,186.235,186.55,186.235,186.3694,186.3694,67944
2025-12-18T10:53:00-05:00,186.34,186.78,186.34,186.73,186.73,132528
2025-12-18T10:54:00-05:00,186.72,186.82,186.53,186.8,186.8,80015
2025-12-18T10:55:00-05:00,186.82,186.82,186.42,186.4844,186.4844,56265
2025-12-18T10:56:00-05:00,186.5,186.54,186.28,186.36,186.36,56194
2025-12-18T10:57:00-05:00,186.3548,186.3548,186.13,186.13,186.13,65011
2025-12-18T10:58:00-05:00,186.163,186.39,186.13,186.29,186.29,45249
2025-12-18T10:59:00-05:00,186.23,186.28,186.02,186.1297,186.1297,50532
2025-12-18T11:00:00-05:00,186.13,186.4499,185.95,186.4333,186.4333,103707
2025-12-18T11:01:00-05:00,186.42,186.4335,186.19,186.33,186.33,44232
2025-12-18T11:02:00-05:00,186.26,186.27,185.88,185.91,185.91,84995
2025-12-18T11:03:00-05:00,185.88,186.1,185.76,186.075,186.075,94366
2025-12-18T11:04:00-05:00,186.02,186.24,186.01,186.21,186.21,59913
2025-12-18T11:05:00-05:00,186.18,186.43,186.07,186.31,186.31,75030
2025-12-18T11:06:00-05:00,186.3,186.73,186.29,186.663,186.663,152122
2025-12-18T11:07:00-05:00,186.7252,186.75,186.47,186.66,186.66,101198
2025-12-18T11:08:00-05:00,186.6999,186.7,186.42,186.5,186.5,102739
2025-12-18T11:09:00-05:00,186.46,186.48,186.31,186.4264,186.4264,67359
2025-12-18T11:10:00-05:00,186.4115,186.49,186.21,186.26,186.26,71655
2025-12-18T11:11:00-05:00,186.28,186.4052,186.2201,186.4,186.4,42373
2025-12-18T11:12:00-05:00,186.4,186.51,186.3,186.39,186.39,48535
2025-12-18T11:13:00-05:00,186.41,186.5,186.31,186.38,186.38,58984
2025-12-18T11:14:00-05:00,186.41,186.4288,186.12,186.275,186.275,60299
2025-12-18T11:15:00-05:00,186.24,186.24,186.02,186.13,186.13,53727
2025-12-18T11:16:00-05:00,186.1,186.4295,186.07,186.31,186.31,53952
2025-12-18T11:17:00-05:00,186.34,186.46,186.115,186.43,186.43,61086
2025-12-18T11:18:00-05:00,186.391,186.4,186.24,186.251,186.251,39007
2025-12-18T11:19:00-05:00,186.23,186.37,186.12,186.35,186.35,45843
2025-12-18T11:20:00-05:00,186.35,186.5825,186.33,186.4179,186.4179,74671
2025-12-18T11:21:00-05:00,186.415,186.63,186.415,186.53,186.53,69994
2025-12-18T11:22:00-05:00,186.5157,186.53,186.38,186.38,186.38,50749
2025-12-18T11:23:00-05:00,186.4,186.49,186.3,186.34,186.34,42556
2025-12-18T11:24:00-05:00,186.35,186.3861,186.11,186.2628,186.2628,56210
2025-12-18T11:25:00-05:00,186.24,186.33,186.111,186.2,186.2,58451
2025-12-18T11:26:00-05:00,186.2514,186.4681,186.19,186.46,186.46,43628
2025-12-18T11:27:00-05:00,186.439,186.45,186.04,186.2516,186.2516,71507
2025-12-18T11:28:00-05:00,186.2955,186.2955,186.02,186.17,186.17,73265
2025-12-18T11:29:00-05:00,186.1999,186.28,185.93,186.1603,186.1603,88733
2025-12-18T11:30:00-05:00,186.16,186.455,186.08,186.3851,186.3851,76674
2025-12-18T11:31:00-05:00,186.3961,186.59,186.39,186.47,186.47,80872
2025-12-18T11:32:00-05:00,186.49,186.59,186.34,186.42,186.42,35285
2025-12-18T11:33:00-05:00,186.41,186.57,186.3868,186.44,186.44,59644
2025-12-18T11:34:00-05:00,186.49,186.68,186.4565,186.66,186.66,85269
2025-12-18T11:35:00-05:00,186.67,187,186.67,186.8948,186.8948,192800
2025-12-18T11:36:00-05:00,186.92,187.1,186.87,187.0686,187.0686,152973
2025-12-18T11:37:00-05:00,187.08,187.11,186.7801,186.8301,186.8301,64363
2025-12-18T11:38:00-05:00,186.83,187.003,186.81,186.9101,186.9101,89197
2025-12-18T11:39:00-05:00,186.91,186.99,186.67,186.71,186.71,57857
2025-12-18T11:40:00-05:00,186.7,186.76,186.64,186.72,186.72,30167
2025-12-18T11:41:00-05:00,186.7,186.75,186.55,186.73,186.73,59550
2025-12-18T11:42:00-05:00,186.7299,186.81,186.6174,186.785,186.785,81573
2025-12-18T11:43:00-05:00,186.81,186.8799,186.75,186.78,186.78,31379
2025-12-18T11:44:00-05:00,186.81,187,186.8,186.9233,186.9233,65591
2025-12-18T11:45:00-05:00,186.98,187.01,186.8034,186.88,186.88,42415
2025-12-18T11:46:00-05:00,186.92,187.24,186.88,187.155,187.155,162778
2025-12-18T11:47:00-05:00,187.1301,187.23,186.99,187.1099,187.1099,110143
2025-12-18T11:48:00-05:00,187.11,187.14,187.02,187.1,187.1,56816
2025-12-18T11:49:00-05:00,187.0696,187.33,187.06,187.1625,187.1625,134545
2025-12-18T11:50:00-05:00,187.16,187.18,187.02,187.09,187.09,65080
2025-12-18T11:51:00-05:00,187.08,187.25,187.05,187.12,187.12,67095
2025-12-18T11:52:00-05:00,187.12,187.125,186.83,186.93,186.93,117487
2025-12-18T11:53:00-05:00,186.95,187.1,186.79,187.075,187.075,132835
2025-12-18T11:54:00-05:00,187.061,187.28,187.06,187.1001,187.1001,87433
2025-12-18T11:55:00-05:00,187.14,187.21,187.1,187.11,187.11,49793
2025-12-18T11:56:00-05:00,187.09,187.119,186.93,187,187,40510
2025-12-18T11:57:00-05:00,187.01,187.12,186.9,187.0801,187.0801,58122
2025-12-18T11:58:00-05:00,187.1,187.26,187.06,187.14,187.14,116159
2025-12-18T11:59:00-05:00,187.12,187.22,187.06,187.07,187.07,58367
2025-12-18T12:00:00-05:00,187.0772,187.0833,186.8301,186.89,186.89,68583
2025-12-18T12:01:00-05:00,186.89,186.93,186.73,186.77,186.77,62377
2025-12-18T12:02:00-05:00,186.7555,186.98,186.63,186.85,186.85,76307
2025-12-18T12:03:00-05:00,186.83,186.83,186.5808,186.5952,186.5952,55967
2025-12-18T12:04:00-05:00,186.6,186.7299,186.43,186.45,186.45,94369
2025-12-18T12:05:00-05:00,186.47,186.53,186.27,186.32,186.32,80018
2025-12-18T12:06:00-05:00,186.2922,186.2922,185.9,186.22,186.22,157633
2025-12-18T12:07:00-05:00,186.14,186.38,185.9901,186.1212,186.1212,119616
2025-12-18T12:08:00-05:00,186.08,186.08,185.68,185.7415,185.7415,78941
2025-12-18T12:09:00-05:00,185.76,185.76,185.23,185.2688,185.2688,132472
2025-12-18T12:10:00-05:00,185.22,185.528,185.2,185.42,185.42,85017
2025-12-18T12:11:00-05:00,185.36,185.4604,184.94,185.34,185.34,135232
2025-12-18T12:12:00-05:00,185.32,185.52,185.11,185.411,185.411,87897
2025-12-18T12:13:00-05:00,185.3401,185.3401,184.9,184.97,184.97,64226
2025-12-18T12:14:00-05:00,184.965,185.1,184.71,185.04,185.04,115362
2025-12-18T12:15:00-05:00,184.97,185.1,184.75,184.94,184.94,61617
2025-12-18T12:16:00-05:00,184.98,185.02,184.6,184.66,184.66,85993
2025-12-18T12:17:00-05:00,184.64,184.64,184.26,184.3955,184.3955,94676
2025-12-18T12:18:00-05:00,184.39,184.9809,184.35,184.9552,184.9552,139947
2025-12-18T12:19:00-05:00,184.93,185.22,184.8,185.105,185.105,92266
2025-12-18T12:20:00-05:00,185.0906,185.4004,184.86,185.3,185.3,111641
2025-12-18T12:21:00-05:00,185.295,185.7843,185.14,185.6257,185.6257,118942
2025-12-18T12:22:00-05:00,185.59,185.75,185.5114,185.66,185.66,76682
2025-12-18T12:23:00-05:00,185.63,185.6669,185.26,185.32,185.32,84351
2025-12-18T12:24:00-05:00,185.315,185.3554,184.8216,184.89,184.89,82103
2025-12-18T12:25:00-05:00,184.98,185.17,184.73,184.75,184.75,76899
2025-12-18T12:26:00-05:00,184.75,185,184.681,184.9452,184.9452,57926
2025-12-18T12:27:00-05:00,184.92,185.329,184.79,185.295,185.295,79744
2025-12-18T12:28:00-05:00,185.32,185.4575,185.26,185.2801,185.2801,61659
2025-12-18T12:29:00-05:00,185.33,185.49,185.28,185.3599,185.3599,54227
2025-12-18T12:30:00-05:00,185.36,185.42,185.08,185.35,185.35,45800
2025-12-18T12:31:00-05:00,185.36,185.5,185.3051,185.4,185.4,47427
2025-12-18T12:32:00-05:00,185.379,185.4827,185.17,185.39,185.39,33322
2025-12-18T12:33:00-05:00,185.33,185.6938,185.27,185.63,185.63,60205
2025-12-18T12:34:00-05:00,185.63,185.96,185.63,185.94,185.94,92153
2025-12-18T12:35:00-05:00,185.92,186.08,185.76,185.93,185.93,100195
2025-12-18T12:36:00-05:00,185.97,186.1699,185.8401,186.01,186.01,63973
2025-12-18T12:37:00-05:00,186.06,186.21,186.02,186.1,186.1,63054
2025-12-18T12:38:00-05:00,186.05,186.1999,185.97,186.03,186.03,70931
2025-12-18T12:39:00-05:00,186.05,186.14,185.895,186.1008,186.1008,39314
2025-12-18T12:40:00-05:00,186.12,186.25,186.1,186.22,186.22,48967
2025-12-18T12:41:00-05:00,186.2,186.44,186.2,186.41,186.41,66552
2025-12-18T12:42:00-05:00,186.41,186.59,186.345,186.345,186.345,73978
2025-12-18T12:43:00-05:00,186.37,186.45,186.26,186.3748,186.3748,76005
2025-12-18T12:44:00-05:00,186.39,186.66,186.37,186.61,186.61,79133
2025-12-18T12:45:00-05:00,186.67,186.93,186.67,186.7,186.7,124647
2025-12-18T12:46:00-05:00,186.75,186.89,186.74,186.89,186.89,51448
2025-12-18T12:47:00-05:00,186.87,186.875,186.57,186.77,186.77,76301
2025-12-18T12:48:00-05:00,186.7301,186.78,186.52,186.56,186.56,57487
2025-12-18T12:49:00-05:00,186.5401,186.8,186.5401,186.72,186.72,64903
2025-12-18T12:50:00-05:00,186.69,186.69,186.44,186.505,186.505,33202
2025-12-18T12:51:00-05:00,186.4706,186.64,186.35,186.524,186.524,59078
2025-12-18T12:52:00-05:00,186.495,186.6,186.42,186.54,186.54,24012
2025-12-18T12:53:00-05:00,186.5,186.77,186.45,186.6601,186.6601,39113
2025-12-18T12:54:00-05:00,186.7,186.82,186.65,186.7801,186.7801,57946
2025-12-18T12:55:00-05:00,186.795,186.9032,186.64,186.87,186.87,56275
2025-12-18T12:56:00-05:00,186.82,187.04,186.77,187.0036,187.0036,102789
2025-12-18T12:57:00-05:00,187.04,187.1399,186.99,187.055,187.055,66538
2025-12-18T12:58:00-05:00,187.05,187.17,186.95,187.14,187.14,68208
2025-12-18T12:59:00-05:00,187.15,187.17,187.0302,187.1,187.1,35419
2025-12-18T13:00:00-05:00,187.1,187.1,186.94,187.0272,187.0272,45528
2025-12-18T13:01:00-05:00,187.01,187.08,186.79,186.87,186.87,43889
2025-12-18T13:02:00-05:00,186.9049,187.08,186.86,186.93,186.93,54675
2025-12-18T13:03:00-05:00,186.949,187.08,186.93,186.98,186.98,42176
2025-12-18T13:04:00-05:00,186.96,187.14,186.96,187.04,187.04,60368
2025-12-18T13:05:00-05:00,187.03,187.1176,186.96,187,187,31775
2025-12-18T13:06:00-05:00,186.991,187.1616,186.98,187.04,187.04,55408
2025-12-18T13:07:00-05:00,187.035,187.13,186.96,187.1021,187.1021,73740
2025-12-18T13:08:00-05:00,187.12,187.17,187.0601,187.105,187.105,39817
2025-12-18T13:09:00-05:00,187.09,187.13,187.03,187.13,187.13,33442
2025-12-18T13:10:00-05:00,187.11,187.15,186.9101,186.99,186.99,46305
2025-12-18T13:11:00-05:00,186.9759,187.08,186.77,187.08,187.08,123872
2025-12-18T13:12:00-05:00,187.05,187.15,187.04,187.15,187.15,52588
2025-12-18T13:13:00-05:00,187.14,187.15,187.02,187.0801,187.0801,32336
2025-12-18T13:14:00-05:00,187.08,187.15,186.93,186.96,186.96,99793
2025-12-18T13:15:00-05:00,186.95,187.06,186.93,186.94,186.94,50886
2025-12-18T13:16:00-05:00,186.95,187,186.85,186.93,186.93,47977
2025-12-18T13:17:00-05:00,186.97,187.07,186.85,187.0201,187.0201,32155
2025-12-18T13:18:00-05:00,187.08,187.14,187.05,187.095,187.095,48944
2025-12-18T13:19:00-05:00,187.1,187.11,186.94,187.041,187.041,53985
2025-12-18T13:20:00-05:00,187.05,187.135,187.05,187.125,187.125,24974
2025-12-18T13:21:00-05:00,187.125,187.15,187.08,187.125,187.125,45508
2025-12-18T13:22:00-05:00,187.116,187.16,187.05,187.14,187.14,38733
2025-12-18T13:23:00-05:00,187.13,187.16,187.02,187.0785,187.0785,27449
2025-12-18T13:24:00-05:00,187.0854,187.2,187.0507,187.14,187.14,46965
2025-12-18T13:25:00-05:00,187.16,187.165,187,187,187,48504
2025-12-18T13:26:00-05:00,187.0001,187.13,187,187.035,187.035,37181
2025-12-18T13:27:00-05:00,187.05,187.09,186.95,187.024,187.024,25368
2025-12-18T13:28:00-05:00,187.02,187.09,186.9,186.97,186.97,40090
2025-12-18T13:29:00-05:00,186.95,186.98,186.9,186.95,186.95,17806
2025-12-18T13:30:00-05:00,186.95,187.09,186.95,187.035,187.035,35697
2025-12-18T13:31:00-05:00,187.02,187.05,186.946,186.97,186.97,27192
2025-12-18T13:32:00-05:00,186.98,187.06,186.93,186.9701,186.9701,24985
2025-12-18T13:33:00-05:00,186.9941,187.02,186.9,186.9548,186.9548,29527
2025-12-18T13:34:00-05:00,186.97,186.97,186.88,186.9267,186.9267,29855
2025-12-18T13:35:00-05:00,186.93,187.0499,186.88,187.01,187.01,32956
2025-12-18T13:36:00-05:00,186.99,187.14,186.97,187.115,187.115,41730
2025-12-18T13:37:00-05:00,187.11,187.18,187.0394,187.06,187.06,31993
2025-12-18T13:38:00-05:00,187.07,187.09,187.0201,187.05,187.05,34901
2025-12-18T13:39:00-05:00,187.04,187.08,186.94,187.02,187.02,24347
2025-12-18T13:40:00-05:00,187.01,187.09,186.9914,187,187,18845
2025-12-18T13:41:00-05:00,186.995,187.05,186.95,187.05,187.05,14045
2025-12-18T13:42:00-05:00,187.04,187.09,186.99,187.06,187.06,20686
2025-12-18T13:43:00-05:00,187.03,187.03,186.88,186.98,186.98,47371
2025-12-18T13:44:00-05:00,186.98,186.98,186.81,186.81,186.81,53066
2025-12-18T13:45:00-05:00,186.815,186.97,186.78,186.96,186.96,50140
2025-12-18T13:46:00-05:00,186.93,186.93,186.7868,186.82,186.82,30995
2025-12-18T13:47:00-05:00,186.835,186.89,186.62,186.745,186.745,70110
2025-12-18T13:48:00-05:00,186.76,186.8599,186.65,186.77,186.77,24128
2025-12-18T13:49:00-05:00,186.75,186.98,186.72,186.965,186.965,39023
2025-12-18T13:50:00-05:00,186.97,187.05,186.9,186.94,186.94,48620
2025-12-18T13:51:00-05:00,186.92,187.05,186.9,187.03,187.03,29716
2025-12-18T13:52:00-05:00,187.05,187.08,186.9,186.91,186.91,23636
2025-12-18T13:53:00-05:00,186.9,186.9954,186.8,186.9,186.9,48141
2025-12-18T13:54:00-05:00,186.905,186.95,186.8,186.9,186.9,31241
2025-12-18T13:55:00-05:00,186.94,187.0126,186.8708,187.005,187.005,49171
2025-12-18T13:56:00-05:00,187.02,187.07,186.8701,186.88,186.88,30499
2025-12-18T13:57:00-05:00,186.9072,186.98,186.8801,186.98,186.98,16188
2025-12-18T13:58:00-05:00,186.968,186.985,186.795,186.795,186.795,22139
2025-12-18T13:59:00-05:00,186.78,186.84,186.72,186.795,186.795,46030
2025-12-18T14:00:00-05:00,186.8,186.83,186.63,186.6698,186.6698,116671
2025-12-18T14:01:00-05:00,186.655,186.69,186.41,186.44,186.44,70329
2025-12-18T14:02:00-05:00,186.42,186.4793,186.14,186.2065,186.2065,59733
2025-12-18T14:03:00-05:00,186.195,186.2032,186.02,186.035,186.035,75728
2025-12-18T14:04:00-05:00,186.035,186.0356,185.86,185.87,185.87,78630
2025-12-18T14:05:00-05:00,185.84,186.01,185.8,185.9516,185.9516,57686
2025-12-18T14:06:00-05:00,185.9334,186.05,185.88,185.9603,185.9603,62159
2025-12-18T14:07:00-05:00,185.9465,186.03,185.8101,185.9917,185.9917,76588
2025-12-18T14:08:00-05:00,185.95,185.9999,185.84,185.8575,185.8575,35024
2025-12-18T14:09:00-05:00,185.89,186.1899,185.865,186.14,186.14,43153
2025-12-18T14:10:00-05:00,186.08,186.33,186.02,186.29,186.29,49161
2025-12-18T14:11:00-05:00,186.29,186.37,186.06,186.0916,186.0916,49643
2025-12-18T14:12:00-05:00,186.1098,186.19,186.02,186.14,186.14,31266
2025-12-18T14:13:00-05:00,186.12,186.15,185.92,185.9267,185.9267,34412
2025-12-18T14:14:00-05:00,185.9001,186.01,185.82,185.895,185.895,60480
2025-12-18T14:15:00-05:00,185.9069,185.935,185.71,185.8,185.8,51201
2025-12-18T14:16:00-05:00,185.799,185.85,185.6,185.6401,185.6401,67395
2025-12-18T14:17:00-05:00,185.6206,185.91,185.62,185.8772,185.8772,40927
2025-12-18T14:18:00-05:00,185.84,185.94,185.81,185.83,185.83,26519
2025-12-18T14:19:00-05:00,185.81,185.81,185.65,185.749,185.749,39335
2025-12-18T14:20:00-05:00,185.71,185.8789,185.655,185.8344,185.8344,28309
2025-12-18T14:21:00-05:00,185.8394,185.9399,185.76,185.909,185.909,36799
2025-12-18T14:22:00-05:00,185.9231,186,185.755,185.755,185.755,38498
2025-12-18T14:23:00-05:00,185.755,185.89,185.71,185.75,185.75,18818
2025-12-18T14:24:00-05:00,185.73,185.7916,185.66,185.77,185.77,29912
2025-12-18T14:25:00-05:00,185.77,185.958,185.735,185.81,185.81,29838
2025-12-18T14:26:00-05:00,185.8052,185.82,185.52,185.52,185.52,50405
2025-12-18T14:27:00-05:00,185.55,185.58,185.42,185.535,185.535,51435
2025-12-18T14:28:00-05:00,185.51,185.65,185.48,185.5601,185.5601,45889
2025-12-18T14:29:00-05:00,185.56,185.74,185.48,185.7157,185.7157,33256
2025-12-18T14:30:00-05:00,185.68,185.82,185.55,185.75,185.75,29011
2025-12-18T14:31:00-05:00,185.78,185.855,185.61,185.6301,185.6301,29770
2025-12-18T14:32:00-05:00,185.68,185.68,185.484,185.63,185.63,30234
2025-12-18T14:33:00-05:00,185.62,185.64,185.385,185.4,185.4,36550
2025-12-18T14:34:00-05:00,185.42,185.56,185.37,185.3726,185.3726,58075
2025-12-18T14:35:00-05:00,185.36,185.63,185.33,185.47,185.47,44266
2025-12-18T14:36:00-05:00,185.4801,185.539,185.42,185.505,185.505,20953
2025-12-18T14:37:00-05:00,185.503,185.58,185.31,185.31,185.31,33350
2025-12-18T14:38:00-05:00,185.34,185.42,185.31,185.3696,185.3696,23406
2025-12-18T14:39:00-05:00,185.33,185.539,185.325,185.498,185.498,28850
2025-12-18T14:40:00-05:00,185.51,185.5401,185.23,185.2305,185.2305,29359
2025-12-18T14:41:00-05:00,185.245,185.67,185.24,185.662,185.662,60335
2025-12-18T14:42:00-05:00,185.61,185.651,185.46,185.46,185.46,24559
2025-12-18T14:43:00-05:00,185.47,185.537,185.11,185.128,185.128,39811
2025-12-18T14:44:00-05:00,185.15,185.165,185.06,185.105,185.105,59958
2025-12-18T14:45:00-05:00,185.11,185.1554,184.85,184.85,184.85,87081
2025-12-18T14:46:00-05:00,184.84,185.095,184.83,184.9678,184.9678,54597
2025-12-18T14:47:00-05:00,184.9832,185.0832,184.92,185.0832,185.0832,40658
2025-12-18T14:48:00-05:00,185.08,185.34,185.05,185.265,185.265,72626
2025-12-18T14:49:00-05:00,185.25,185.58,185.23,185.5,185.5,47965
2025-12-18T14:50:00-05:00,185.48,185.6,185.45,185.51,185.51,60849
2025-12-18T14:51:00-05:00,185.52,185.63,185.3,185.32,185.32,84982
2025-12-18T14:52:00-05:00,185.3,185.37,185,185.0279,185.0279,87982
2025-12-18T14:53:00-05:00,185.01,185.15,184.92,185.14,185.14,37892
2025-12-18T14:54:00-05:00,185.14,185.15,184.9084,184.925,184.925,47563
2025-12-18T14:55:00-05:00,184.91,184.9206,184.62,184.62,184.62,81740
2025-12-18T14:56:00-05:00,184.6301,184.73,184.53,184.6711,184.6711,72345
2025-12-18T14:57:00-05:00,184.6675,184.77,184.52,184.58,184.58,69178
2025-12-18T14:58:00-05:00,184.57,184.77,184.54,184.655,184.655,39555
2025-12-18T14:59:00-05:00,184.64,184.75,184.58,184.6,184.6,58118
2025-12-18T15:00:00-05:00,184.6,184.76,184.3075,184.75,184.75,104291
2025-12-18T15:01:00-05:00,184.78,184.8488,184.7026,184.79,184.79,88963
2025-12-18T15:02:00-05:00,184.85,185.14,184.69,185.08,185.08,61776
2025-12-18T15:03:00-05:00,185.06,185.2374,185.04,185.205,185.205,69682
2025-12-18T15:04:00-05:00,185.2,185.28,185,185.1048,185.1048,58503
2025-12-18T15:05:00-05:00,185.1,185.38,185.0868,185.3584,185.3584,74628
2025-12-18T15:06:00-05:00,185.38,185.5,185.3701,185.3932,185.3932,65093
2025-12-18T15:07:00-05:00,185.38,185.64,185.35,185.51,185.51,65294
2025-12-18T15:08:00-05:00,185.53,185.73,185.4801,185.65,185.65,97089
2025-12-18T15:09:00-05:00,185.66,185.75,185.54,185.7,185.7,56655
2025-12-18T15:10:00-05:00,185.704,185.88,185.69,185.78,185.78,54639
2025-12-18T15:11:00-05:00,185.8,185.98,185.7722,185.7722,185.7722,82619
2025-12-18T15:12:00-05:00,185.77,185.82,185.66,185.6764,185.6764,54097
2025-12-18T15:13:00-05:00,185.6601,185.85,185.63,185.77,185.77,52486
2025-12-18T15:14:00-05:00,185.78,185.85,185.74,185.81,185.81,26489
2025-12-18T15:15:00-05:00,185.77,185.96,185.77,185.8768,185.8768,58793
2025-12-18T15:16:00-05:00,185.94,185.99,185.7,185.71,185.71,51164
2025-12-18T15:17:00-05:00,185.73,185.76,185.57,185.76,185.76,53135
2025-12-18T15:18:00-05:00,185.78,185.82,185.6038,185.81,185.81,46564
2025-12-18T15:19:00-05:00,185.8,185.915,185.8,185.83,185.83,40227
2025-12-18T15:20:00-05:00,185.83,185.9,185.77,185.82,185.82,40022
2025-12-18T15:21:00-05:00,185.835,185.837,185.68,185.76,185.76,47956
2025-12-18T15:22:00-05:00,185.7651,185.84,185.71,185.73,185.73,27140
2025-12-18T15:23:00-05:00,185.76,185.83,185.74,185.76,185.76,20383
2025-12-18T15:24:00-05:00,185.75,185.88,185.74,185.85,185.85,34152
2025-12-18T15:25:00-05:00,185.86,185.91,185.68,185.69,185.69,43971
2025-12-18T15:26:00-05:00,185.68,185.87,185.57,185.84,185.84,61477
2025-12-18T15:27:00-05:00,185.8301,185.93,185.8301,185.91,185.91,28180
2025-12-18T15:28:00-05:00,185.895,185.96,185.8312,185.84,185.84,40274
2025-12-18T15:29:00-05:00,185.83,185.89,185.77,185.89,185.89,25461
2025-12-18T15:30:00-05:00,185.86,185.87,185.7009,185.848,185.848,31588
2025-12-18T15:31:00-05:00,185.855,185.9,185.69,185.8,185.8,44183
2025-12-18T15:32:00-05:00,185.8,185.81,185.65,185.78,185.78,32618
2025-12-18T15:33:00-05:00,185.765,185.855,185.73,185.85,185.85,32294
2025-12-18T15:34:00-05:00,185.86,185.905,185.7801,185.875,185.875,35306
2025-12-18T15:35:00-05:00,185.89,185.98,185.7901,185.81,185.81,41998
2025-12-18T15:36:00-05:00,185.82,185.95,185.82,185.89,185.89,29336
2025-12-18T15:37:00-05:00,185.88,185.95,185.82,185.93,185.93,26921
2025-12-18T15:38:00-05:00,185.93,185.93,185.75,185.795,185.795,45578
2025-12-18T15:39:00-05:00,185.79,185.8799,185.775,185.82,185.82,35126
2025-12-18T15:40:00-05:00,185.82,185.98,185.69,185.94,185.94,47771
2025-12-18T15:41:00-05:00,185.945,185.9724,185.87,185.87,185.87,59293
2025-12-18T15:42:00-05:00,185.89,186.04,185.865,186.02,186.02,58638
2025-12-18T15:43:00-05:00,186.02,186.1394,185.99,186.1,186.1,66971
2025-12-18T15:44:00-05:00,186.103,186.3,186.05,186.295,186.295,86822
2025-12-18T15:45:00-05:00,186.29,186.33,186.16,186.16,186.16,82992
2025-12-18T15:46:00-05:00,186.17,186.22,186.12,186.195,186.195,52607
2025-12-18T15:47:00-05:00,186.19,186.23,186.081,186.16,186.16,59060
2025-12-18T15:48:00-05:00,186.16,186.28,186.13,186.14,186.14,78868
2025-12-18T15:49:00-05:00,186.13,186.18,186.01,186.175,186.175,63930
2025-12-18T15:50:00-05:00,186.15,186.25,185.7951,185.92,185.92,134958
2025-12-18T15:51:00-05:00,185.93,185.93,185.73,185.77,185.77,96753
2025-12-18T15:52:00-05:00,185.77,185.88,185.68,185.69,185.69,80918
2025-12-18T15:53:00-05:00,185.71,185.96,185.64,185.7701,185.7701,108731
2025-12-18T15:54:00-05:00,185.79,185.9,185.66,185.81,185.81,120283
2025-12-18T15:55:00-05:00,185.8,185.8,185.525,185.63,185.63,138673
2025-12-18T15:56:00-05:00,185.64,185.68,185.57,185.625,185.625,106980
2025-12-18T15:57:00-05:00,185.625,185.91,185.625,185.91,185.91,115822
2025-12-18T15:58:00-05:00,185.905,185.905,185.63,185.66,185.66,172693
2025-12-18T15:59:00-05:00,185.67,185.78,182.1,185.67,185.67,456650
2025-12-18T16:00:00-05:00,185.69,185.7011,185.59,185.7,185.7,525522
2025-12-18T16:01:00-05:00,185.7,185.76,185.62,185.62,185.62,5400
2025-12-18T16:02:00-05:00,185.62,185.62,185.51,185.57,185.57,12431
2025-12-18T16:03:00-05:00,185.52,185.6,185.52,185.6,185.6,4475
2025-12-18T16:04:00-05:00,185.57,185.69,185.53,185.53,185.53,23791
2025-12-18T16:05:00-05:00,185.6197,185.6197,185.48,185.5,185.5,39682
2025-12-18T16:06:00-05:00,185.49,185.51,185.49,185.5,185.5,14591
2025-12-18T16:07:00-05:00,185.52,185.53,185.3128,185.3128,185.3128,9322
2025-12-18T16:08:00-05:00,185.359,185.484,185.3307,185.44,185.44,2520
2025-12-18T16:09:00-05:00,185.401,185.401,185.39,185.4,185.4,3613
2025-12-18T16:10:00-05:00,185.4,185.4,185.3605,185.39,185.39,5020
2025-12-18T16:11:00-05:00,185.36,185.36,185.33,185.33,185.33,5468
2025-12-18T16:12:00-05:00,185.3204,185.39,185.3204,185.35,185.35,2956
2025-12-18T16:13:00-05:00,185.28,185.35,185.16,185.16,185.16,3259
2025-12-18T16:14:00-05:00,185.0618,185.3,185.0618,185.3,185.3,1692
2025-12-18T16:15:00-05:00,185.3,185.35,185.3,185.35,185.35,3537
2025-12-18T16:16:00-05:00,185.35,185.35,185.25,185.25,185.25,1127
2025-12-18T16:17:00-05:00,185.2724,185.2724,185.25,185.2501,185.2501,2680
2025-12-18T16:18:00-05:00,185.25,185.3,185.25,185.3,185.3,3207
2025-12-18T16:19:00-05:00,185.2,185.2,185.1754,185.2,185.2,1099
2025-12-18T16:20:00-05:00,185.16,185.3,185.16,185.1739,185.1739,1442
2025-12-18T16:21:00-05:00,185.21,185.21,185.16,185.16,185.16,1402
2025-12-18T16:22:00-05:00,185.12,185.1406,185.09,185.1406,185.1406,2061
2025-12-18T16:23:00-05:00,185.1211,185.1211,185.1211,185.1211,185.1211,465
2025-12-18T16:24:00-05:00,185.17,185.19,185.17,185.19,185.19,490
2025-12-18T16:25:00-05:00,185.26,185.26,185.25,185.25,185.25,1250
2025-12-18T16:26:00-05:00,185.25,185.25,185.25,185.25,185.25,546
2025-12-18T16:27:00-05:00,185.29,185.39,185.29,185.39,185.39,5235
2025-12-18T16:28:00-05:00,185.342,185.342,185.33,185.34,185.34,512
2025-12-18T16:29:00-05:00,185.33,185.33,185.28,185.28,185.28,7629
2025-12-18T16:32:00-05:00,185.25,185.25,185.23,185.23,185.23,787
2025-12-18T16:33:00-05:00,185.24,185.25,185.24,185.25,185.25,871
2025-12-18T16:34:00-05:00,185.24,185.24,185.15,185.15,185.15,6327
2025-12-18T16:35:00-05:00,185.2,185.24,185.16,185.24,185.24,6618
2025-12-18T16:36:00-05:00,185.2,185.2,185.2,185.2,185.2,353
2025-12-18T16:37:00-05:00,185.2356,185.69,185.19,185.69,185.69,1886
2025-12-18T16:39:00-05:00,185.25,185.25,185.2499,185.2499,185.2499,659
2025-12-18T16:40:00-05:00,185.24,185.24,185.24,185.24,185.24,630
2025-12-18T16:41:00-05:00,185.29,185.29,185.22,185.22,185.22,573
2025-12-18T16:44:00-05:00,185.2,185.2,185.09,185.15,185.15,5521
2025-12-18T16:45:00-05:00,185.11,185.11,185.1,185.1009,185.1009,2321
2025-12-18T16:46:00-05:00,185.05,185.1,185.02,185.05,185.05,5348
2025-12-18T16:47:00-05:00,185.05,185.05,185,185.05,185.05,4987
2025-12-18T16:48:00-05:00,185.08,185.08,185.08,185.08,185.08,541
2025-12-18T16:49:00-05:00,185.12,185.12,185.07,185.07,185.07,1578
2025-12-18T16:50:00-05:00,185.04,185.05,185.01,185.01,185.01,542
2025-12-18T16:52:00-05:00,185.08,185.08,185.0107,185.0107,185.0107,1745
2025-12-18T16:53:00-05:00,185.01,185.04,185.01,185.04,185.04,2052
2025-12-18T16:54:00-05:00,185.04,185.69,185.0395,185.69,185.69,2048
2025-12-18T16:55:00-05:00,185.04,185.04,185.0209,185.04,185.04,5297
2025-12-18T16:56:00-05:00,185.04,185.04,185.02,185.02,185.02,3851
2025-12-18T16:57:00-05:00,185.1,185.1,185.1,185.1,185.1,324
2025-12-18T16:58:00-05:00,185.08,185.08,185.08,185.08,185.08,643
2025-12-18T16:59:00-05:00,185.12,185.12,185.12,185.12,185.12,680
2025-12-18T17:00:00-05:00,185.1,185.12,185.1,185.1199,185.1199,1010
2025-12-18T17:02:00-05:00,185.15,185.2,185.15,185.2,185.2,909
2025-12-18T17:03:00-05:00,185.15,185.22,185.15,185.22,185.22,352
2025-12-18T17:05:00-05:00,185.69,185.69,185.69,185.69,185.69,410
2025-12-18T17:06:00-05:00,185.26,185.3,185.26,185.3,185.3,11490
2025-12-18T17:07:00-05:00,185.2961,185.2961,185.28,185.29,185.29,1380
2025-12-18T17:08:00-05:00,185.2962,185.2962,185.2962,185.2962,185.2962,278
2025-12-18T17:10:00-05:00,185.2696,185.3,185.2696,185.29,185.29,2588
2025-12-18T17:11:00-05:00,185.29,185.29,185.29,185.29,185.29,399
2025-12-18T17:12:00-05:00,185.25,185.25,185.24,185.24,185.24,803
2025-12-18T17:14:00-05:00,185.2799,185.2799,185.207,185.2791,185.2791,1262
2025-12-18T17:15:00-05:00,185.25,185.2687,185.22,185.2687,185.2687,377
2025-12-18T17:16:00-05:00,185.2,185.2001,185.2,185.2,185.2,929
2025-12-18T17:17:00-05:00,185.2116,185.2688,185.2116,185.22,185.22,721
2025-12-18T17:19:00-05:00,185.25,185.25,185.21,185.21,185.21,692
2025-12-18T17:20:00-05:00,185.25,185.28,185.24,185.25,185.25,1438
2025-12-18T17:21:00-05:00,185.21,185.27,185.21,185.27,185.27,523
2025-12-18T17:23:00-05:00,185.2105,185.27,185.2102,185.27,185.27,1031
2025-12-18T17:24:00-05:00,185.21,185.27,185.21,185.2688,185.2688,857
2025-12-18T17:27:00-05:00,185.2101,185.2101,185.2101,185.2101,185.2101,637
2025-12-18T17:28:00-05:00,185.21,185.28,185.21,185.28,185.28,1762
2025-12-18T17:29:00-05:00,185.29,185.29,185.29,185.29,185.29,284
2025-12-18T17:30:00-05:00,185.3,185.3,185.3,185.3,185.3,590
2025-12-18T17:31:00-05:00,185.3,185.3,185.29,185.3,185.3,3279
2025-12-18T17:33:00-05:00,185.3,185.3,185.3,185.3,185.3,201
2025-12-18T17:36:00-05:00,185.2985,185.2985,185.25,185.25,185.25,371
2025-12-18T17:37:00-05:00,185.251,185.28,185.251,185.2764,185.2764,1409
2025-12-18T17:38:00-05:00,185.3,185.3,185.3,185.3,185.3,747
2025-12-18T17:39:00-05:00,185.28,185.28,185.25,185.25,185.25,2052
2025-12-18T17:40:00-05:00,185.28,185.29,185.28,185.29,185.29,1010
2025-12-18T17:41:00-05:00,185.25,185.25,185.25,185.25,185.25,546
2025-12-18T17:42:00-05:00,185.3,185.3,185.3,185.3,185.3,292
2025-12-18T17:43:00-05:00,185.3,185.3,185.3,185.3,185.3,489
2025-12-18T17:44:00-05:00,185.3,185.3,185.3,185.3,185.3,496
2025-12-18T17:45:00-05:00,185.35,185.35,185.33,185.33,185.33,1389
2025-12-18T17:46:00-05:00,185.35,185.35,185.35,185.35,185.35,1158
2025-12-18T17:47:00-05:00,185.37,185.4,185.37,185.4,185.4,2863
2025-12-18T17:48:00-05:00,185.5,185.6,185.45,185.6,185.6,3739
2025-12-18T17:49:00-05:00,185.59,185.59,185.59,185.59,185.59,416
2025-12-18T17:50:00-05:00,185.4203,185.5,185.4203,185.5,185.5,1262
2025-12-18T17:51:00-05:00,185.5058,185.6,185.5058,185.6,185.6,1009
2025-12-18T17:52:00-05:00,185.59,185.59,185.58,185.58,185.58,1363
2025-12-18T17:55:00-05:00,185.6,185.6,185.59,185.59,185.59,605
2025-12-18T17:57:00-05:00,185.59,185.59,185.59,185.59,185.59,887
2025-12-18T17:58:00-05:00,185.55,185.59,185.55,185.55,185.55,2027
2025-12-18T17:59:00-05:00,185.49,185.49,185.48,185.48,185.48,326
2025-12-18T18:00:00-05:00,185.48,185.48,185.3,185.3,185.3,2956
2025-12-18T18:02:00-05:00,185.45,185.45,185.42,185.42,185.42,1275
2025-12-18T18:04:00-05:00,185.5,185.5,185.5,185.5,185.5,1190
2025-12-18T18:07:00-05:00,185.3,185.33,185.3,185.3015,185.3015,4273
2025-12-18T18:08:00-05:00,185.3113,185.3113,185.3,185.3,185.3,2470
2025-12-18T18:11:00-05:00,185.3,185.3,185.3,185.3,185.3,306
2025-12-18T18:12:00-05:00,185.35,185.36,185.35,185.3599,185.3599,1844
2025-12-18T18:13:00-05:00,185.31,185.31,185.31,185.31,185.31,143
2025-12-18T18:14:00-05:00,185.34,185.34,185.34,185.34,185.34,492
2025-12-18T18:16:00-05:00,185.5,185.5,185.44,185.49,185.49,1108
2025-12-18T18:17:00-05:00,185.48,185.48,185.48,185.48,185.48,266
2025-12-18T18:18:00-05:00,185.46,185.46,185.46,185.46,185.46,183
2025-12-18T18:20:00-05:00,185.49,185.5,185.49,185.4999,185.4999,363
2025-12-18T18:22:00-05:00,185.468,185.468,185.468,185.468,185.468,134
2025-12-18T18:23:00-05:00,185.37,185.37,185.3364,185.3364,185.3364,488
2025-12-18T18:24:00-05:00,185.3,185.31,185.3,185.31,185.31,449
2025-12-18T18:25:00-05:00,185.43,185.45,185.4,185.45,185.45,70328
2025-12-18T18:27:00-05:00,185.44,185.44,185.44,185.44,185.44,540
2025-12-18T18:28:00-05:00,185.37,185.37,185.37,185.37,185.37,201
2025-12-18T18:29:00-05:00,185.4487,185.4487,185.4487,185.4487,185.4487,519
2025-12-18T18:31:00-05:00,185.46,185.5,185.46,185.5,185.5,913
2025-12-18T18:33:00-05:00,185.5,185.54,185.5,185.53,185.53,1258
2025-12-18T18:34:00-05:00,185.53,185.55,185.5,185.5,185.5,795
2025-12-18T18:35:00-05:00,185.4703,185.4703,185.4703,185.4703,185.4703,187
2025-12-18T18:38:00-05:00,185.4828,185.4828,185.4828,185.4828,185.4828,261
2025-12-18T18:39:00-05:00,185.47,185.47,185.47,185.47,185.47,263
2025-12-18T18:40:00-05:00,185.55,185.55,185.52,185.52,185.52,1368
2025-12-18T18:41:00-05:00,185.5,185.5,185.5,185.5,185.5,694
2025-12-18T18:42:00-05:00,185.5083,185.5083,185.5,185.5,185.5,1286
2025-12-18T18:48:00-05:00,185.49,185.49,185.49,185.49,185.49,1763
2025-12-18T18:49:00-05:00,185.48,185.55,185.48,185.5499,185.5499,2228
2025-12-18T18:51:00-05:00,185.55,185.56,185.55,185.56,185.56,2345
2025-12-18T18:52:00-05:00,185.56,185.6,185.56,185.6,185.6,3699
2025-12-18T18:53:00-05:00,185.57,185.6,185.57,185.6,185.6,1269
2025-12-18T18:57:00-05:00,185.55,185.59,185.55,185.59,185.59,986
2025-12-18T18:58:00-05:00,185.61,185.65,185.61,185.65,185.65,912
2025-12-18T19:01:00-05:00,185.65,185.7,185.65,185.69,185.69,1994
2025-12-18T19:02:00-05:00,185.8,185.83,185.78,185.83,185.83,2137
2025-12-18T19:03:00-05:00,185.8495,185.85,185.84,185.85,185.85,970
2025-12-18T19:04:00-05:00,185.85,185.89,185.84,185.89,185.89,604
2025-12-18T19:06:00-05:00,185.89,185.89,185.89,185.89,185.89,268
2025-12-18T19:08:00-05:00,185.73,185.73,185.73,185.73,185.73,545
2025-12-18T19:11:00-05:00,185.73,185.73,185.69,185.69,185.69,675
2025-12-18T19:12:00-05:00,185.6,185.6,185.6,185.6,185.6,2727
2025-12-18T19:14:00-05:00,185.6499,185.6499,185.63,185.63,185.63,429
2025-12-18T19:16:00-05:00,185.55,185.55,185.55,185.55,185.55,369
2025-12-18T19:17:00-05:00,185.55,185.55,185.55,185.55,185.55,208
2025-12-18T19:18:00-05:00,185.5014,185.5014,185.5014,185.5014,185.5014,1655
2025-12-18T19:20:00-05:00,185.5054,185.5054,185.5054,185.5054,185.5054,605
2025-12-18T19:21:00-05:00,185.5088,185.5088,185.5088,185.5088,185.5088,626
2025-12-18T19:22:00-05:00,185.55,185.77,185.51,185.77,185.77,3963
2025-12-18T19:24:00-05:00,185.5375,185.5375,185.5375,185.5375,185.5375,154
2025-12-18T19:26:00-05:00,185.7682,185.7682,185.7682,185.7682,185.7682,453
2025-12-18T19:27:00-05:00,185.69,185.74,185.69,185.74,185.74,587
2025-12-18T19:28:00-05:00,185.75,185.75,185.69,185.69,185.69,435
2025-12-18T19:31:00-05:00,185.6999,185.6999,185.5482,185.6999,185.6999,826
2025-12-18T19:32:00-05:00,185.6,185.6,185.5,185.5,185.5,661
2025-12-18T19:34:00-05:00,185.5,185.5,185.5,185.5,185.5,842
2025-12-18T19:36:00-05:00,185.5,185.5,185.47,185.47,185.47,3462
2025-12-18T19:37:00-05:00,185.45,185.45,185.45,185.45,185.45,3086
2025-12-18T19:38:00-05:00,185.66,185.66,185.6599,185.6599,185.6599,764
2025-12-18T19:42:00-05:00,185.41,185.41,185.41,185.41,185.41,132
2025-12-18T19:43:00-05:00,185.4,185.41,185.4,185.4,185.4,1788
2025-12-18T19:44:00-05:00,185.4,185.4,185.4,185.4,185.4,1158
2025-12-18T19:45:00-05:00,185.4,185.4,185.4,185.4,185.4,215
2025-12-18T19:49:00-05:00,185.46,185.46,185.46,185.46,185.46,1223
2025-12-18T19:51:00-05:00,185.47,185.47,185.47,185.47,185.47,329
2025-12-18T19:52:00-05:00,185.4485,185.49,185.4072,185.4072,185.4072,789
2025-12-18T19:53:00-05:00,185.416,185.5,185.416,185.49,185.49,1222
2025-12-18T19:54:00-05:00,185.45,185.5,185.45,185.5,185.5,814
2025-12-18T19:56:00-05:00,185.55,185.6,185.55,185.6,185.6,1095
2025-12-18T19:58:00-05:00,185.5,185.66,185.5,185.66,185.66,2567
