Datetime,Open,High,Low,Close,Adj Close,Volume
2025-10-01T04:00:00-04:00,45.6,45.95,45.6,45.6,45.6,11771
2025-10-01T04:01:00-04:00,45.59,45.6,45.45,45.45,45.45,7587
2025-10-01T04:02:00-04:00,45.4,45.65,45.4,45.63,45.63,10435
2025-10-01T04:03:00-04:00,45.66,45.68,45.62,45.63,45.63,4507
2025-10-01T04:04:00-04:00,45.63,45.63,45.43,45.6,45.6,9377
2025-10-01T04:05:00-04:00,45.61,45.65,45.61,45.64,45.64,1799
2025-10-01T04:06:00-04:00,45.59,45.59,45.57,45.57,45.57,1248
2025-10-01T04:07:00-04:00,45.57,45.57,45.55,45.57,45.57,2586
2025-10-01T04:08:00-04:00,45.56,45.56,45.54,45.54,45.54,1569
2025-10-01T04:09:00-04:00,45.54,45.7,45.54,45.61,45.61,17529
2025-10-01T04:10:00-04:00,45.6,45.66,45.6,45.63,45.63,2193
2025-10-01T04:11:00-04:00,45.64,45.64,45.61,45.62,45.62,3297
2025-10-01T04:12:00-04:00,45.65,45.65,45.64,45.64,45.64,1447
2025-10-01T04:13:00-04:00,45.62,45.67,45.62,45.67,45.67,922
2025-10-01T04:14:00-04:00,45.68,45.69,45.68,45.69,45.69,1449
2025-10-01T04:15:00-04:00,45.68,45.68,45.55,45.55,45.55,2016
2025-10-01T04:16:00-04:00,45.6,45.65,45.6,45.62,45.62,1560
2025-10-01T04:17:00-04:00,45.63,45.64,45.63,45.64,45.64,675
2025-10-01T04:18:00-04:00,45.64,45.7,45.64,45.7,45.7,20987
2025-10-01T04:19:00-04:00,45.77,45.77,45.77,45.77,45.77,981
2025-10-01T04:20:00-04:00,45.76,45.76,45.75,45.75,45.75,1687
2025-10-01T04:21:00-04:00,45.7,45.7,45.7,45.7,45.7,331
2025-10-01T04:22:00-04:00,45.7,45.7,45.7,45.7,45.7,759
2025-10-01T04:23:00-04:00,45.7,45.7,45.7,45.7,45.7,798
2025-10-01T04:24:00-04:00,45.68,45.68,45.68,45.68,45.68,565
2025-10-01T04:26:00-04:00,45.68,45.7,45.68,45.68,45.68,1603
2025-10-01T04:27:00-04:00,45.7,45.78,45.7,45.78,45.78,1242
2025-10-01T04:28:00-04:00,45.79,45.92,45.78,45.92,45.92,2548
2025-10-01T04:29:00-04:00,45.93,45.93,45.84,45.84,45.84,32068
2025-10-01T04:30:00-04:00,45.9,46,45.9,46,46,7816
2025-10-01T04:31:00-04:00,46.06,46.1,46.06,46.1,46.1,2117
2025-10-01T04:33:00-04:00,46.05,46.05,46.05,46.05,46.05,831
2025-10-01T04:34:00-04:00,46.08,46.08,46.06,46.08,46.08,1040
2025-10-01T04:36:00-04:00,46.07,46.15,46.07,46.13,46.13,6802
2025-10-01T04:37:00-04:00,46.12,46.15,46.12,46.15,46.15,2233
2025-10-01T04:38:00-04:00,46.12,46.15,46.12,46.15,46.15,6296
2025-10-01T04:39:00-04:00,46.2,46.26,46.2,46.26,46.26,1842
2025-10-01T04:40:00-04:00,46.21,46.23,46.2,46.2,46.2,1472
2025-10-01T04:41:00-04:00,46.2,46.37,46.2,46.36,46.36,7153
2025-10-01T04:42:00-04:00,46.37,46.37,46.28,46.28,46.28,2372
2025-10-01T04:43:00-04:00,46.3,46.4,46.3,46.4,46.4,2981
2025-10-01T04:44:00-04:00,46.37,46.46,46.37,46.44,46.44,2930
2025-10-01T04:45:00-04:00,46.49,46.52,46.39,46.39,46.39,14656
2025-10-01T04:46:00-04:00,46.34,46.4,46.34,46.4,46.4,4105
2025-10-01T04:47:00-04:00,46.41,46.44,46.41,46.44,46.44,922
2025-10-01T04:48:00-04:00,46.47,46.68,46.47,46.66,46.66,6341
2025-10-01T04:49:00-04:00,46.69,46.75,46.59,46.59,46.59,6585
2025-10-01T04:50:00-04:00,46.59,46.73,46.59,46.72,46.72,4388
2025-10-01T04:51:00-04:00,46.74,46.74,46.66,46.66,46.66,3305
2025-10-01T04:52:00-04:00,46.63,46.65,46.55,46.65,46.65,4902
2025-10-01T04:53:00-04:00,46.69,46.72,46.69,46.69,46.69,6610
2025-10-01T04:54:00-04:00,46.7,46.71,46.6,46.6,46.6,3225
2025-10-01T04:55:00-04:00,46.69,46.7,46.69,46.7,46.7,977
2025-10-01T04:56:00-04:00,46.71,46.71,46.55,46.55,46.55,5486
2025-10-01T04:57:00-04:00,46.53,46.53,46.4,46.48,46.48,3716
2025-10-01T05:00:00-04:00,46.55,46.55,46.37,46.42,46.42,3235
2025-10-01T05:01:00-04:00,46.42,46.55,46.4,46.55,46.55,4846
2025-10-01T05:02:00-04:00,46.54,46.55,46.48,46.49,46.49,4776
2025-10-01T05:03:00-04:00,46.53,46.59,46.53,46.55,46.55,11544
2025-10-01T05:04:00-04:00,46.55,46.55,46.49,46.5,46.5,1796
2025-10-01T05:05:00-04:00,46.5,46.52,46.5,46.52,46.52,993
2025-10-01T05:06:00-04:00,46.55,46.55,46.55,46.55,46.55,647
2025-10-01T05:07:00-04:00,46.6,46.65,46.6,46.65,46.65,1507
2025-10-01T05:08:00-04:00,46.7,46.93,46.7,46.93,46.93,7958
2025-10-01T05:09:00-04:00,46.91,46.94,46.9,46.94,46.94,4330
2025-10-01T05:10:00-04:00,46.94,47.14,46.94,47.14,47.14,5877
2025-10-01T05:11:00-04:00,47.11,47.25,47.1,47.17,47.17,9368
2025-10-01T05:12:00-04:00,47.16,47.16,47.15,47.15,47.15,2935
2025-10-01T05:13:00-04:00,47.16,47.3,47.16,47.3,47.3,8155
2025-10-01T05:14:00-04:00,47.3,47.3,47.21,47.23,47.23,6794
2025-10-01T05:15:00-04:00,47.15,47.15,47.15,47.15,47.15,1350
2025-10-01T05:16:00-04:00,47,47,47,47,47,3780
2025-10-01T05:17:00-04:00,47.05,47.12,47.05,47.12,47.12,1330
2025-10-01T05:18:00-04:00,47.2,47.21,47.2,47.2,47.2,1653
2025-10-01T05:19:00-04:00,47.13,47.13,47.12,47.13,47.13,1219
2025-10-01T05:20:00-04:00,47.05,47.05,47.05,47.05,47.05,1133
2025-10-01T05:21:00-04:00,47.03,47.12,47,47.12,47.12,2764
2025-10-01T05:22:00-04:00,47.12,47.12,47.12,47.12,47.12,3660
2025-10-01T05:23:00-04:00,47.13,47.16,47.13,47.16,47.16,3218
2025-10-01T05:24:00-04:00,47.16,47.16,47.15,47.15,47.15,1618
2025-10-01T05:25:00-04:00,47.12,47.12,47.05,47.08,47.08,1640
2025-10-01T05:26:00-04:00,47.05,47.16,47.05,47.12,47.12,3067
2025-10-01T05:28:00-04:00,47.12,47.12,47.12,47.12,47.12,1692
2025-10-01T05:29:00-04:00,47.13,47.13,47.13,47.13,47.13,1739
2025-10-01T05:30:00-04:00,47.12,47.12,47.08,47.08,47.08,1591
2025-10-01T05:31:00-04:00,47.04,47.04,47.04,47.04,47.04,807
2025-10-01T05:32:00-04:00,47.02,47.02,46.98,46.98,46.98,2091
2025-10-01T05:33:00-04:00,46.95,46.95,46.9,46.9,46.9,2938
2025-10-01T05:35:00-04:00,46.88,46.96,46.88,46.94,46.94,1176
2025-10-01T05:36:00-04:00,46.92,46.95,46.92,46.95,46.95,1141
2025-10-01T05:37:00-04:00,46.97,46.97,46.93,46.93,46.93,1465
2025-10-01T05:38:00-04:00,46.9,46.97,46.89,46.97,46.97,3201
2025-10-01T05:39:00-04:00,46.98,46.98,46.97,46.97,46.97,1006
2025-10-01T05:40:00-04:00,46.97,46.97,46.97,46.97,46.97,396
2025-10-01T05:41:00-04:00,46.96,46.96,46.93,46.93,46.93,900
2025-10-01T05:42:00-04:00,46.92,46.97,46.92,46.97,46.97,1357
2025-10-01T05:44:00-04:00,46.96,46.96,46.96,46.96,46.96,150
2025-10-01T05:45:00-04:00,46.97,46.97,46.94,46.95,46.95,1680
2025-10-01T05:47:00-04:00,46.96,46.96,46.96,46.96,46.96,419
2025-10-01T05:48:00-04:00,46.95,46.95,46.94,46.95,46.95,4876
2025-10-01T05:49:00-04:00,46.97,47.05,46.97,47.05,47.05,7222
2025-10-01T05:50:00-04:00,47.1,47.1,47.1,47.1,47.1,330
2025-10-01T05:51:00-04:00,47.1,47.1,47.1,47.1,47.1,1061
2025-10-01T05:52:00-04:00,47,47,47,47,47,587
2025-10-01T05:53:00-04:00,46.96,46.96,46.93,46.95,46.95,3490
2025-10-01T05:54:00-04:00,46.95,46.96,46.95,46.96,46.96,2156
2025-10-01T05:55:00-04:00,47,47,47,47,47,885
2025-10-01T05:56:00-04:00,46.98,47,46.98,47,47,619
2025-10-01T05:57:00-04:00,47,47,47,47,47,544
2025-10-01T06:00:00-04:00,47.1,47.1,47.06,47.06,47.06,1871
2025-10-01T06:01:00-04:00,47.08,47.08,47.08,47.08,47.08,584
2025-10-01T06:02:00-04:00,47.12,47.15,47.1,47.1,47.1,3268
2025-10-01T06:04:00-04:00,47.08,47.1,47.08,47.1,47.1,1046
2025-10-01T06:05:00-04:00,47.11,47.11,47.11,47.11,47.11,404
2025-10-01T06:06:00-04:00,47.09,47.09,47.06,47.06,47.06,918
2025-10-01T06:08:00-04:00,47,47,46.94,46.94,46.94,3127
2025-10-01T06:09:00-04:00,47.06,47.06,47.06,47.06,47.06,558
2025-10-01T06:12:00-04:00,47.05,47.05,47.05,47.05,47.05,899
2025-10-01T06:13:00-04:00,46.94,46.94,46.87,46.87,46.87,2225
2025-10-01T06:17:00-04:00,46.9,46.9,46.9,46.9,46.9,638
2025-10-01T06:18:00-04:00,46.91,46.91,46.91,46.91,46.91,314
2025-10-01T06:21:00-04:00,47,47,47,47,47,253
2025-10-01T06:22:00-04:00,47,47,47,47,47,2967
2025-10-01T06:23:00-04:00,47.04,47.05,47.03,47.03,47.03,1390
2025-10-01T06:26:00-04:00,46.95,46.95,46.95,46.95,46.95,765
2025-10-01T06:27:00-04:00,46.95,46.95,46.95,46.95,46.95,706
2025-10-01T06:28:00-04:00,46.96,46.96,46.96,46.96,46.96,633
2025-10-01T06:29:00-04:00,46.9,46.9,46.84,46.84,46.84,2133
2025-10-01T06:30:00-04:00,46.8,46.8,46.76,46.76,46.76,1690
2025-10-01T06:31:00-04:00,46.74,46.74,46.72,46.72,46.72,1068
2025-10-01T06:32:00-04:00,46.8,46.8,46.8,46.8,46.8,360
2025-10-01T06:34:00-04:00,46.82,46.82,46.82,46.82,46.82,416
2025-10-01T06:35:00-04:00,46.83,46.83,46.83,46.83,46.83,612
2025-10-01T06:37:00-04:00,46.84,46.84,46.83,46.83,46.83,1664
2025-10-01T06:38:00-04:00,46.75,46.75,46.75,46.75,46.75,372
2025-10-01T06:39:00-04:00,46.75,46.78,46.75,46.78,46.78,705
2025-10-01T06:40:00-04:00,46.75,46.75,46.73,46.73,46.73,4735
2025-10-01T06:41:00-04:00,46.73,46.74,46.73,46.74,46.74,965
2025-10-01T06:43:00-04:00,46.8,46.8,46.75,46.75,46.75,1292
2025-10-01T06:46:00-04:00,46.76,46.76,46.75,46.75,46.75,2631
2025-10-01T06:47:00-04:00,46.75,46.79,46.75,46.79,46.79,1504
2025-10-01T06:49:00-04:00,46.8,46.8,46.74,46.74,46.74,3005
2025-10-01T06:50:00-04:00,46.72,46.72,46.7,46.7,46.7,1818
2025-10-01T06:51:00-04:00,46.65,46.65,46.59,46.59,46.59,1985
2025-10-01T06:52:00-04:00,46.58,46.6,46.58,46.6,46.6,6421
2025-10-01T06:53:00-04:00,46.57,46.59,46.57,46.59,46.59,1023
2025-10-01T06:54:00-04:00,46.57,46.6,46.57,46.6,46.6,9430
2025-10-01T06:59:00-04:00,46.61,46.61,46.61,46.61,46.61,538
2025-10-01T07:00:00-04:00,46.62,46.71,46.48,46.51,46.51,17063
2025-10-01T07:01:00-04:00,46.51,46.51,46.45,46.45,46.45,3981
2025-10-01T07:02:00-04:00,46.45,46.45,46.3,46.37,46.37,9072
2025-10-01T07:03:00-04:00,46.49,46.55,46.49,46.55,46.55,654
2025-10-01T07:04:00-04:00,46.5,46.6,46.5,46.6,46.6,3081
2025-10-01T07:06:00-04:00,46.71,46.72,46.67,46.67,46.67,4150
2025-10-01T07:07:00-04:00,46.7,46.72,46.67,46.67,46.67,4232
2025-10-01T07:08:00-04:00,46.68,46.68,46.68,46.68,46.68,696
2025-10-01T07:10:00-04:00,46.66,46.69,46.66,46.69,46.69,1643
2025-10-01T07:11:00-04:00,46.68,46.7,46.68,46.7,46.7,941
2025-10-01T07:12:00-04:00,46.65,46.65,46.6,46.6,46.6,2025
2025-10-01T07:13:00-04:00,46.6,46.6,46.6,46.6,46.6,6387
2025-10-01T07:14:00-04:00,46.6,46.6,46.59,46.59,46.59,3569
2025-10-01T07:15:00-04:00,46.59,47,46.59,46.93,46.93,31506
2025-10-01T07:16:00-04:00,46.95,46.96,46.93,46.93,46.93,5132
2025-10-01T07:18:00-04:00,46.85,46.91,46.85,46.91,46.91,1197
2025-10-01T07:19:00-04:00,46.92,46.92,46.92,46.92,46.92,1151
2025-10-01T07:20:00-04:00,46.94,47,46.94,47,47,2089
2025-10-01T07:21:00-04:00,47.01,47.04,46.87,46.87,46.87,6853
2025-10-01T07:22:00-04:00,46.9,46.94,46.9,46.94,46.94,2310
2025-10-01T07:23:00-04:00,46.93,46.93,46.93,46.93,46.93,494
2025-10-01T07:24:00-04:00,46.93,46.95,46.92,46.95,46.95,2145
2025-10-01T07:25:00-04:00,46.92,46.92,46.92,46.92,46.92,964
2025-10-01T07:26:00-04:00,46.92,46.92,46.92,46.92,46.92,1776
2025-10-01T07:27:00-04:00,46.93,46.94,46.93,46.93,46.93,1234
2025-10-01T07:28:00-04:00,46.93,46.94,46.93,46.93,46.93,3002
2025-10-01T07:29:00-04:00,46.94,46.94,46.93,46.94,46.94,2395
2025-10-01T07:30:00-04:00,46.92,46.94,46.92,46.94,46.94,617
2025-10-01T07:31:00-04:00,46.93,46.93,46.93,46.93,46.93,393
2025-10-01T07:33:00-04:00,46.92,46.92,46.9,46.9,46.9,874
2025-10-01T07:34:00-04:00,46.9,46.9,46.9,46.9,46.9,584
2025-10-01T07:35:00-04:00,46.9,46.9,46.9,46.9,46.9,459
2025-10-01T07:36:00-04:00,46.94,47,46.93,46.93,46.93,8343
2025-10-01T07:38:00-04:00,46.9,46.93,46.9,46.93,46.93,768
2025-10-01T07:39:00-04:00,46.99,47,46.99,47,47,12162
2025-10-01T07:40:00-04:00,47.02,47.02,47.02,47.02,47.02,983
2025-10-01T07:41:00-04:00,47.01,47.01,47.01,47.01,47.01,1109
2025-10-01T07:42:00-04:00,47.01,47.07,47.01,47.07,47.07,1178
2025-10-01T07:44:00-04:00,47.09,47.1,47.09,47.1,47.1,657
2025-10-01T07:45:00-04:00,47.1,47.1,47.1,47.1,47.1,607
2025-10-01T07:47:00-04:00,47.1,47.1,47.1,47.1,47.1,594
2025-10-01T07:48:00-04:00,47.12,47.12,47.12,47.12,47.12,516
2025-10-01T07:49:00-04:00,47.13,47.13,47.13,47.13,47.13,283
2025-10-01T07:50:00-04:00,47.13,47.13,47.13,47.13,47.13,1894
2025-10-01T07:51:00-04:00,47.13,47.13,47.1,47.1,47.1,4973
2025-10-01T07:52:00-04:00,47.1,47.14,47.1,47.14,47.14,1291
2025-10-01T07:53:00-04:00,47.14,47.14,47.14,47.14,47.14,765
2025-10-01T07:56:00-04:00,47.16,47.16,47.16,47.16,47.16,720
2025-10-01T07:57:00-04:00,47.18,47.18,47.14,47.16,47.16,4841
2025-10-01T07:58:00-04:00,47.13,47.13,47.12,47.13,47.13,2241
2025-10-01T07:59:00-04:00,47.14,47.14,47.08,47.08,47.08,3590
2025-10-01T08:00:00-04:00,46.51,47.32,45.45,47.05,47.05,204566
2025-10-01T08:01:00-04:00,47.04,47.04,46.93,46.93,46.93,6223
2025-10-01T08:02:00-04:00,46.94,46.99,46.86,46.99,46.99,4648
2025-10-01T08:03:00-04:00,46.99,47.03,46.94,46.94,46.94,5332
2025-10-01T08:04:00-04:00,46.94,46.94,46.9,46.92,46.92,3499
2025-10-01T08:05:00-04:00,47,47,46.91,46.91,46.91,3092
2025-10-01T08:06:00-04:00,46.92,46.92,46.8508,46.86,46.86,3498
2025-10-01T08:07:00-04:00,46.8507,46.8598,46.83,46.8598,46.8598,2818
2025-10-01T08:08:00-04:00,46.85,46.85,46.8,46.8,46.8,2318
2025-10-01T08:09:00-04:00,46.8,46.83,46.8,46.82,46.82,2694
2025-10-01T08:10:00-04:00,46.85,46.9329,46.85,46.88,46.88,2946
2025-10-01T08:11:00-04:00,46.88,46.88,46.85,46.85,46.85,2518
2025-10-01T08:12:00-04:00,46.85,46.9,46.83,46.88,46.88,6942
2025-10-01T08:13:00-04:00,46.9,46.95,46.9,46.95,46.95,4408
2025-10-01T08:14:00-04:00,46.95,47.12,46.95,47.12,47.12,9180
2025-10-01T08:15:00-04:00,47.04,47.1143,47.03,47.03,47.03,6299
2025-10-01T08:16:00-04:00,47.1,47.1,46.95,47.0003,47.0003,4701
2025-10-01T08:17:00-04:00,47,47,46.88,46.91,46.91,4713
2025-10-01T08:18:00-04:00,46.97,46.97,46.88,46.91,46.91,2129
2025-10-01T08:19:00-04:00,46.9,46.9463,46.9,46.9463,46.9463,853
2025-10-01T08:20:00-04:00,46.94,46.95,46.94,46.95,46.95,2158
2025-10-01T08:21:00-04:00,46.95,47.05,46.95,47,47,5588
2025-10-01T08:22:00-04:00,47.02,47.02,46.95,46.95,46.95,4751
2025-10-01T08:23:00-04:00,46.93,46.99,46.93,46.98,46.98,1601
2025-10-01T08:24:00-04:00,46.95,47.01,46.95,47.01,47.01,3202
2025-10-01T08:25:00-04:00,46.99,46.99,46.96,46.99,46.99,3584
2025-10-01T08:26:00-04:00,46.96,46.96,46.91,46.94,46.94,1813
2025-10-01T08:27:00-04:00,46.9,46.91,46.9,46.91,46.91,2651
2025-10-01T08:28:00-04:00,46.95,46.95,46.95,46.95,46.95,572
2025-10-01T08:29:00-04:00,46.93,46.93,46.91,46.91,46.91,1615
2025-10-01T08:30:00-04:00,46.93,46.93,46.9,46.91,46.91,1482
2025-10-01T08:31:00-04:00,46.89,46.89,46.8,46.8,46.8,8673
2025-10-01T08:32:00-04:00,46.81,46.81,46.72,46.72,46.72,5920
2025-10-01T08:33:00-04:00,46.7301,46.81,46.7301,46.8007,46.8007,4021
2025-10-01T08:34:00-04:00,46.82,46.8778,46.82,46.8778,46.8778,1632
2025-10-01T08:35:00-04:00,46.84,46.86,46.84,46.86,46.86,1294
2025-10-01T08:36:00-04:00,46.86,46.86,46.6601,46.75,46.75,7213
2025-10-01T08:37:00-04:00,46.75,46.81,46.75,46.8,46.8,2565
2025-10-01T08:38:00-04:00,46.8565,46.89,46.825,46.89,46.89,4606
2025-10-01T08:39:00-04:00,46.91,46.9999,46.89,46.96,46.96,6652
2025-10-01T08:40:00-04:00,46.96,47.07,46.96,47.07,47.07,5820
2025-10-01T08:41:00-04:00,47.02,47.02,46.96,46.96,46.96,3853
2025-10-01T08:42:00-04:00,46.92,46.92,46.81,46.83,46.83,4510
2025-10-01T08:43:00-04:00,46.8,46.81,46.8,46.8,46.8,2963
2025-10-01T08:44:00-04:00,46.7612,46.7612,46.7,46.74,46.74,4088
2025-10-01T08:45:00-04:00,46.7,46.7,46.66,46.66,46.66,7888
2025-10-01T08:46:00-04:00,46.68,46.68,46.65,46.65,46.65,1985
2025-10-01T08:47:00-04:00,46.6564,46.8,46.6564,46.8,46.8,2194
2025-10-01T08:48:00-04:00,46.7284,46.7994,46.66,46.75,46.75,2991
2025-10-01T08:49:00-04:00,46.8,46.8,46.66,46.66,46.66,6598
2025-10-01T08:50:00-04:00,46.71,46.72,46.7099,46.72,46.72,2186
2025-10-01T08:51:00-04:00,46.75,46.75,46.61,46.61,46.61,3124
2025-10-01T08:52:00-04:00,46.66,46.75,46.66,46.66,46.66,3737
2025-10-01T08:53:00-04:00,46.66,46.6824,46.64,46.67,46.67,11122
2025-10-01T08:54:00-04:00,46.6952,46.6952,46.6,46.64,46.64,12776
2025-10-01T08:55:00-04:00,46.69,46.76,46.67,46.73,46.73,3702
2025-10-01T08:56:00-04:00,46.79,46.8437,46.79,46.8437,46.8437,4044
2025-10-01T08:57:00-04:00,46.8429,46.8429,46.7904,46.83,46.83,2843
2025-10-01T08:58:00-04:00,46.82,46.82,46.7601,46.78,46.78,3156
2025-10-01T08:59:00-04:00,46.79,46.8,46.79,46.79,46.79,2076
2025-10-01T09:00:00-04:00,46.82,46.89,46.82,46.89,46.89,7239
2025-10-01T09:01:00-04:00,46.89,46.92,46.83,46.92,46.92,9293
2025-10-01T09:02:00-04:00,46.8625,46.88,46.86,46.86,46.86,12416
2025-10-01T09:03:00-04:00,46.92,46.94,46.92,46.94,46.94,1860
2025-10-01T09:04:00-04:00,46.95,46.9795,46.94,46.9486,46.9486,5245
2025-10-01T09:05:00-04:00,46.8709,46.9199,46.8709,46.8892,46.8892,2342
2025-10-01T09:06:00-04:00,46.87,46.87,46.86,46.87,46.87,1622
2025-10-01T09:07:00-04:00,46.88,46.8992,46.85,46.85,46.85,1563
2025-10-01T09:08:00-04:00,46.85,46.85,46.82,46.82,46.82,3088
2025-10-01T09:09:00-04:00,46.84,46.86,46.84,46.84,46.84,2157
2025-10-01T09:10:00-04:00,46.86,46.8941,46.69,46.69,46.69,15786
2025-10-01T09:11:00-04:00,46.67,46.7,46.67,46.7,46.7,2988
2025-10-01T09:12:00-04:00,46.7,46.7,46.69,46.7,46.7,3852
2025-10-01T09:13:00-04:00,46.7,46.7,46.68,46.68,46.68,2285
2025-10-01T09:14:00-04:00,46.69,46.69,46.66,46.67,46.67,2343
2025-10-01T09:15:00-04:00,46.6638,46.7,46.6638,46.6987,46.6987,2646
2025-10-01T09:16:00-04:00,46.7,46.7,46.7,46.7,46.7,17363
2025-10-01T09:17:00-04:00,46.6993,46.7,46.6913,46.7,46.7,3172
2025-10-01T09:18:00-04:00,46.75,46.75,46.75,46.75,46.75,320
2025-10-01T09:19:00-04:00,46.75,46.75,46.7001,46.7001,46.7001,4182
2025-10-01T09:20:00-04:00,46.74,46.79,46.74,46.79,46.79,2812
2025-10-01T09:21:00-04:00,46.8,46.89,46.8,46.89,46.89,2477
2025-10-01T09:22:00-04:00,46.89,46.89,46.87,46.87,46.87,1550
2025-10-01T09:23:00-04:00,46.87,46.89,46.86,46.89,46.89,3109
2025-10-01T09:24:00-04:00,46.88,46.88,46.83,46.84,46.84,6214
2025-10-01T09:25:00-04:00,46.84,46.84,46.74,46.75,46.75,5374
2025-10-01T09:26:00-04:00,46.7487,46.7752,46.71,46.71,46.71,4916
2025-10-01T09:27:00-04:00,46.7,46.7,46.69,46.6999,46.6999,2356
2025-10-01T09:28:00-04:00,46.69,46.69,46.6,46.61,46.61,7867
2025-10-01T09:29:00-04:00,46.605,46.74,46.605,46.7,46.7,6958
2025-10-01T09:30:00-04:00,46.61,46.8658,46.2,46.74,46.74,357945
2025-10-01T09:31:00-04:00,46.8,47.015,46.526,46.883,46.883,234254
2025-10-01T09:32:00-04:00,46.865,46.8895,46.375,46.7382,46.7382,183304
2025-10-01T09:33:00-04:00,46.77,46.855,46.42,46.6514,46.6514,132100
2025-10-01T09:34:00-04:00,46.6329,46.83,46.58,46.83,46.83,122928
2025-10-01T09:35:00-04:00,46.83,47.0913,46.65,46.97,46.97,181212
2025-10-01T09:36:00-04:00,46.98,46.98,46.6,46.805,46.805,126559
2025-10-01T09:37:00-04:00,46.79,46.94,46.63,46.8,46.8,91451
2025-10-01T09:38:00-04:00,46.82,46.99,46.7375,46.99,46.99,114589
2025-10-01T09:39:00-04:00,47,47.27,47,47.13,47.13,221436
2025-10-01T09:40:00-04:00,47.13,47.225,47,47.13,47.13,181178
2025-10-01T09:41:00-04:00,47.15,47.34,46.98,47.15,47.15,191070
2025-10-01T09:42:00-04:00,47.16,47.44,47.07,47.3904,47.3904,114672
2025-10-01T09:43:00-04:00,47.4,47.52,47.3247,47.48,47.48,167654
2025-10-01T09:44:00-04:00,47.46,47.74,47.4405,47.71,47.71,188304
2025-10-01T09:45:00-04:00,47.7,47.88,47.49,47.88,47.88,222277
2025-10-01T09:46:00-04:00,47.8686,48.1499,47.8686,48.03,48.03,254706
2025-10-01T09:47:00-04:00,48.0377,48.045,47.7101,47.82,47.82,164779
2025-10-01T09:48:00-04:00,47.8272,47.9651,47.74,47.845,47.845,196246
2025-10-01T09:49:00-04:00,47.82,47.82,47.03,47.08,47.08,216865
2025-10-01T09:50:00-04:00,47.05,47.05,46.7606,47.01,47.01,242576
2025-10-01T09:51:00-04:00,47.02,47.2499,47,47.09,47.09,151123
2025-10-01T09:52:00-04:00,47.09,47.24,46.91,47.0535,47.0535,122043
2025-10-01T09:53:00-04:00,47.03,47.15,46.85,46.8938,46.8938,103458
2025-10-01T09:54:00-04:00,46.9199,46.97,46.78,46.92,46.92,174689
2025-10-01T09:55:00-04:00,46.92,46.92,46.64,46.69,46.69,123903
2025-10-01T09:56:00-04:00,46.685,46.75,46.535,46.6387,46.6387,109606
2025-10-01T09:57:00-04:00,46.66,46.74,46.47,46.61,46.61,126473
2025-10-01T09:58:00-04:00,46.62,46.91,46.59,46.83,46.83,174758
2025-10-01T09:59:00-04:00,46.85,47.02,46.68,46.78,46.78,171078
2025-10-01T10:00:00-04:00,46.83,46.93,46.62,46.76,46.76,108403
2025-10-01T10:01:00-04:00,46.755,46.755,46.36,46.52,46.52,217058
2025-10-01T10:02:00-04:00,46.515,46.64,46.46,46.63,46.63,124046
2025-10-01T10:03:00-04:00,46.66,46.81,46.62,46.7476,46.7476,100277
2025-10-01T10:04:00-04:00,46.76,46.81,46.71,46.79,46.79,121268
2025-10-01T10:05:00-04:00,46.78,46.8,46.64,46.78,46.78,104740
2025-10-01T10:06:00-04:00,46.78,46.97,46.72,46.82,46.82,122065
2025-10-01T10:07:00-04:00,46.84,46.9316,46.7603,46.815,46.815,120015
2025-10-01T10:08:00-04:00,46.83,46.86,46.69,46.7,46.7,100177
2025-10-01T10:09:00-04:00,46.69,46.74,46.57,46.705,46.705,78670
2025-10-01T10:10:00-04:00,46.7,46.825,46.6201,46.825,46.825,138427
2025-10-01T10:11:00-04:00,46.805,46.93,46.75,46.9,46.9,98938
2025-10-01T10:12:00-04:00,46.9099,47.01,46.81,47,47,118734
2025-10-01T10:13:00-04:00,46.988,47.26,46.97,47.19,47.19,172582
2025-10-01T10:14:00-04:00,47.19,47.19,47.06,47.08,47.08,86065
2025-10-01T10:15:00-04:00,47.1012,47.14,46.88,46.92,46.92,95941
2025-10-01T10:16:00-04:00,46.9201,47.18,46.86,47.18,47.18,77801
2025-10-01T10:17:00-04:00,47.19,47.3,47.19,47.255,47.255,137234
2025-10-01T10:18:00-04:00,47.26,47.34,47.131,47.3262,47.3262,109003
2025-10-01T10:19:00-04:00,47.3306,47.56,47.3306,47.55,47.55,200569
2025-10-01T10:20:00-04:00,47.56,47.6,47.2,47.25,47.25,150680
2025-10-01T10:21:00-04:00,47.2439,47.36,47.18,47.36,47.36,117056
2025-10-01T10:22:00-04:00,47.37,47.38,47.06,47.14,47.14,70585
2025-10-01T10:23:00-04:00,47.16,47.24,47.0852,47.23,47.23,72317
2025-10-01T10:24:00-04:00,47.22,47.23,46.977,47.05,47.05,88481
2025-10-01T10:25:00-04:00,47.0546,47.07,46.87,47,47,86201
2025-10-01T10:26:00-04:00,47.04,47.14,46.97,47.075,47.075,61959
2025-10-01T10:27:00-04:00,47.09,47.14,47.0135,47.12,47.12,64103
2025-10-01T10:28:00-04:00,47.13,47.17,46.97,47.01,47.01,81249
2025-10-01T10:29:00-04:00,46.9901,47.07,46.82,47.07,47.07,67938
2025-10-01T10:30:00-04:00,47.09,47.15,47,47.11,47.11,50278
2025-10-01T10:31:00-04:00,47.12,47.16,47.02,47.1498,47.1498,56262
2025-10-01T10:32:00-04:00,47.13,47.16,47,47.07,47.07,53804
2025-10-01T10:33:00-04:00,47.1,47.26,47.07,47.2301,47.2301,72092
2025-10-01T10:34:00-04:00,47.24,47.4,47.23,47.35,47.35,123212
2025-10-01T10:35:00-04:00,47.34,47.365,47.27,47.2825,47.2825,48354
2025-10-01T10:36:00-04:00,47.3,47.33,47.17,47.33,47.33,71409
2025-10-01T10:37:00-04:00,47.3399,47.44,47.2904,47.425,47.425,85870
2025-10-01T10:38:00-04:00,47.42,47.4297,47.3,47.35,47.35,55058
2025-10-01T10:39:00-04:00,47.35,47.38,47.25,47.36,47.36,57726
2025-10-01T10:40:00-04:00,47.37,47.44,47.33,47.4202,47.4202,44932
2025-10-01T10:41:00-04:00,47.43,47.4966,47.18,47.265,47.265,74826
2025-10-01T10:42:00-04:00,47.275,47.3,47,47.11,47.11,99094
2025-10-01T10:43:00-04:00,47.12,47.23,47.09,47.1751,47.1751,57339
2025-10-01T10:44:00-04:00,47.2,47.31,47.105,47.1913,47.1913,34684
2025-10-01T10:45:00-04:00,47.18,47.27,47.085,47.255,47.255,37274
2025-10-01T10:46:00-04:00,47.27,47.4,47.18,47.28,47.28,55333
2025-10-01T10:47:00-04:00,47.275,47.3544,47.2,47.24,47.24,34526
2025-10-01T10:48:00-04:00,47.25,47.335,47.22,47.32,47.32,21954
2025-10-01T10:49:00-04:00,47.31,47.33,47.2393,47.295,47.295,39040
2025-10-01T10:50:00-04:00,47.3,47.46,47.29,47.4249,47.4249,100438
2025-10-01T10:51:00-04:00,47.43,47.6,47.41,47.6,47.6,102960
2025-10-01T10:52:00-04:00,47.59,47.67,47.41,47.47,47.47,115773
2025-10-01T10:53:00-04:00,47.46,47.51,47.36,47.37,47.37,54619
2025-10-01T10:54:00-04:00,47.38,47.46,47.35,47.4,47.4,71332
2025-10-01T10:55:00-04:00,47.37,47.3799,47.22,47.345,47.345,47249
2025-10-01T10:56:00-04:00,47.34,47.36,47.21,47.2475,47.2475,76568
2025-10-01T10:57:00-04:00,47.275,47.34,47.21,47.29,47.29,79714
2025-10-01T10:58:00-04:00,47.29,47.44,47.185,47.43,47.43,53794
2025-10-01T10:59:00-04:00,47.4389,47.545,47.43,47.48,47.48,80007
2025-10-01T11:00:00-04:00,47.475,47.5674,47.425,47.545,47.545,63677
2025-10-01T11:01:00-04:00,47.545,47.5999,47.41,47.45,47.45,51216
2025-10-01T11:02:00-04:00,47.43,47.545,47.407,47.52,47.52,30861
2025-10-01T11:03:00-04:00,47.53,47.6,47.42,47.43,47.43,51668
2025-10-01T11:04:00-04:00,47.43,47.4391,47.23,47.25,47.25,37906
2025-10-01T11:05:00-04:00,47.25,47.29,47.17,47.275,47.275,68957
2025-10-01T11:06:00-04:00,47.295,47.31,47.23,47.31,47.31,59366
2025-10-01T11:07:00-04:00,47.3426,47.45,47.33,47.3701,47.3701,79312
2025-10-01T11:08:00-04:00,47.375,47.4,47.28,47.35,47.35,52151
2025-10-01T11:09:00-04:00,47.3674,47.449,47.365,47.44,47.44,62928
2025-10-01T11:10:00-04:00,47.4352,47.4741,47.29,47.31,47.31,71883
2025-10-01T11:11:00-04:00,47.31,47.3124,47.0996,47.11,47.11,122777
2025-10-01T11:12:00-04:00,47.12,47.13,46.9002,46.98,46.98,148253
2025-10-01T11:13:00-04:00,46.99,47.11,46.985,47.0925,47.0925,52566
2025-10-01T11:14:00-04:00,47.12,47.1651,47.09,47.15,47.15,50488
2025-10-01T11:15:00-04:00,47.16,47.17,47.04,47.08,47.08,54699
2025-10-01T11:16:00-04:00,47.05,47.0513,46.94,46.9899,46.9899,52776
2025-10-01T11:17:00-04:00,46.99,47.09,46.9798,46.995,46.995,48015
2025-10-01T11:18:00-04:00,47.01,47.03,46.84,46.8989,46.8989,60753
2025-10-01T11:19:00-04:00,46.885,46.935,46.839,46.9,46.9,45068
2025-10-01T11:20:00-04:00,46.8957,46.99,46.805,46.96,46.96,44409
2025-10-01T11:21:00-04:00,46.99,47.33,46.98,47.2844,47.2844,114580
2025-10-01T11:22:00-04:00,47.28,47.3,47.07,47.1,47.1,51406
2025-10-01T11:23:00-04:00,47.09,47.09,46.8293,46.8405,46.8405,75789
2025-10-01T11:24:00-04:00,46.835,46.99,46.8245,46.9826,46.9826,53132
2025-10-01T11:25:00-04:00,46.9864,47.03,46.91,46.96,46.96,39901
2025-10-01T11:26:00-04:00,46.97,47.16,46.97,47.1,47.1,50533
2025-10-01T11:27:00-04:00,47.12,47.15,46.96,46.98,46.98,32530
2025-10-01T11:28:00-04:00,46.979,47,46.83,46.89,46.89,65860
2025-10-01T11:29:00-04:00,46.899,46.9885,46.89,46.93,46.93,40839
2025-10-01T11:30:00-04:00,46.91,46.95,46.675,46.7899,46.7899,105436
2025-10-01T11:31:00-04:00,46.7709,46.79,46.65,46.67,46.67,56059
2025-10-01T11:32:00-04:00,46.68,46.83,46.68,46.83,46.83,47192
2025-10-01T11:33:00-04:00,46.835,46.88,46.75,46.86,46.86,37516
2025-10-01T11:34:00-04:00,46.8584,46.95,46.84,46.8804,46.8804,74199
2025-10-01T11:35:00-04:00,46.87,47.025,46.87,47.0062,47.0062,38105
2025-10-01T11:36:00-04:00,47.01,47.1,47.005,47.05,47.05,45147
2025-10-01T11:37:00-04:00,47.0547,47.12,46.957,47.12,47.12,38300
2025-10-01T11:38:00-04:00,47.14,47.31,47.11,47.15,47.15,79744
2025-10-01T11:39:00-04:00,47.1356,47.16,46.9951,47.01,47.01,59397
2025-10-01T11:40:00-04:00,47.02,47.0948,46.901,46.95,46.95,41427
2025-10-01T11:41:00-04:00,46.95,47.03,46.95,47.03,47.03,31274
2025-10-01T11:42:00-04:00,47.035,47.0801,46.94,46.965,46.965,40730
2025-10-01T11:43:00-04:00,46.9796,47.041,46.95,47.0137,47.0137,35741
2025-10-01T11:44:00-04:00,47.02,47.05,46.96,47.03,47.03,25064
2025-10-01T11:45:00-04:00,47.0301,47.08,46.9,47.015,47.015,70736
2025-10-01T11:46:00-04:00,47.0244,47.05,46.92,46.99,46.99,28396
2025-10-01T11:47:00-04:00,47,47.08,46.99,47.01,47.01,35386
2025-10-01T11:48:00-04:00,47.0044,47.063,46.95,46.9921,46.9921,27364
2025-10-01T11:49:00-04:00,46.98,47.05,46.9052,47.01,47.01,42193
2025-10-01T11:50:00-04:00,47.01,47.05,46.96,46.9943,46.9943,20258
2025-10-01T11:51:00-04:00,47.01,47.1421,47.01,47.12,47.12,45572
2025-10-01T11:52:00-04:00,47.1207,47.24,47.065,47.075,47.075,105399
2025-10-01T11:53:00-04:00,47.08,47.08,46.91,46.94,46.94,58670
2025-10-01T11:54:00-04:00,46.95,47,46.91,47,47,43128
2025-10-01T11:55:00-04:00,46.99,47.105,46.96,47.03,47.03,34614
2025-10-01T11:56:00-04:00,47.03,47.13,47.03,47.1,47.1,59096
2025-10-01T11:57:00-04:00,47.12,47.2,47.05,47.105,47.105,55006
2025-10-01T11:58:00-04:00,47.12,47.14,47.045,47.06,47.06,32544
2025-10-01T11:59:00-04:00,47.06,47.0661,46.99,47.05,47.05,45995
2025-10-01T12:00:00-04:00,47.07,47.14,46.9712,46.99,46.99,42762
2025-10-01T12:01:00-04:00,47.01,47.04,46.88,47.0107,47.0107,57811
2025-10-01T12:02:00-04:00,47.0213,47.16,47.0213,47.08,47.08,103411
2025-10-01T12:03:00-04:00,47.09,47.115,46.94,47.005,47.005,60156
2025-10-01T12:04:00-04:00,46.99,47.03,46.865,46.935,46.935,64003
2025-10-01T12:05:00-04:00,46.94,47.09,46.9373,47.055,47.055,44681
2025-10-01T12:06:00-04:00,47.07,47.16,47.05,47.1,47.1,56757
2025-10-01T12:07:00-04:00,47.1,47.19,47.09,47.11,47.11,37501
2025-10-01T12:08:00-04:00,47.12,47.2455,47.12,47.194,47.194,46000
2025-10-01T12:09:00-04:00,47.21,47.265,47.0666,47.077,47.077,48156
2025-10-01T12:10:00-04:00,47.0759,47.15,46.99,47.15,47.15,60631
2025-10-01T12:11:00-04:00,47.155,47.23,47.0405,47.0405,47.0405,45936
2025-10-01T12:12:00-04:00,47.05,47.065,46.8658,46.975,46.975,115258
2025-10-01T12:13:00-04:00,46.98,46.99,46.86,46.905,46.905,37311
2025-10-01T12:14:00-04:00,46.9024,46.91,46.83,46.865,46.865,60356
2025-10-01T12:15:00-04:00,46.88,46.98,46.88,46.9,46.9,40065
2025-10-01T12:16:00-04:00,46.92,47.01,46.85,46.89,46.89,47932
2025-10-01T12:17:00-04:00,46.905,46.98,46.885,46.925,46.925,25799
2025-10-01T12:18:00-04:00,46.92,47,46.913,46.98,46.98,31521
2025-10-01T12:19:00-04:00,46.99,47.002,46.948,46.98,46.98,35057
2025-10-01T12:20:00-04:00,46.99,47.0354,46.8303,46.935,46.935,40041
2025-10-01T12:21:00-04:00,46.93,47.06,46.92,47.04,47.04,42871
2025-10-01T12:22:00-04:00,47.02,47.03,46.96,47.006,47.006,36868
2025-10-01T12:23:00-04:00,47.01,47.015,46.975,47.005,47.005,14159
2025-10-01T12:24:00-04:00,47.01,47.1013,47.01,47.0997,47.0997,36661
2025-10-01T12:25:00-04:00,47.11,47.12,46.97,46.995,46.995,34827
2025-10-01T12:26:00-04:00,46.995,47.0943,46.995,47.065,47.065,19890
2025-10-01T12:27:00-04:00,47.0559,47.0559,46.9,46.91,46.91,26457
2025-10-01T12:28:00-04:00,46.91,46.92,46.86,46.92,46.92,27889
2025-10-01T12:29:00-04:00,46.93,47.03,46.9262,46.96,46.96,33214
2025-10-01T12:30:00-04:00,46.95,47.015,46.865,46.865,46.865,24463
2025-10-01T12:31:00-04:00,46.8649,46.93,46.835,46.88,46.88,47729
2025-10-01T12:32:00-04:00,46.895,46.9897,46.865,46.9897,46.9897,24666
2025-10-01T12:33:00-04:00,46.99,46.9975,46.94,46.99,46.99,13760
2025-10-01T12:34:00-04:00,46.98,47.08,46.95,47.075,47.075,51650
2025-10-01T12:35:00-04:00,47.07,47.1,46.9887,47.0299,47.0299,34724
2025-10-01T12:36:00-04:00,47.02,47.0299,46.9048,46.935,46.935,33290
2025-10-01T12:37:00-04:00,46.91,46.99,46.91,46.98,46.98,28118
2025-10-01T12:38:00-04:00,47,47,46.915,46.98,46.98,30185
2025-10-01T12:39:00-04:00,46.985,47.01,46.92,47.01,47.01,27074
2025-10-01T12:40:00-04:00,47.02,47.08,46.9639,47.06,47.06,49526
2025-10-01T12:41:00-04:00,47.0806,47.1,47.0001,47.09,47.09,20008
2025-10-01T12:42:00-04:00,47.09,47.1,47.0297,47.08,47.08,20648
2025-10-01T12:43:00-04:00,47.09,47.24,47.09,47.22,47.22,108207
2025-10-01T12:44:00-04:00,47.22,47.22,47.13,47.13,47.13,75996
2025-10-01T12:45:00-04:00,47.131,47.21,47.13,47.175,47.175,36819
2025-10-01T12:46:00-04:00,47.19,47.41,47.19,47.405,47.405,93597
2025-10-01T12:47:00-04:00,47.42,47.54,47.42,47.49,47.49,83887
2025-10-01T12:48:00-04:00,47.4795,47.55,47.42,47.5286,47.5286,57273
2025-10-01T12:49:00-04:00,47.52,47.54,47.34,47.39,47.39,83199
2025-10-01T12:50:00-04:00,47.39,47.42,47.2074,47.31,47.31,48823
2025-10-01T12:51:00-04:00,47.32,47.34,47.245,47.315,47.315,35790
2025-10-01T12:52:00-04:00,47.315,47.48,47.31,47.455,47.455,55385
2025-10-01T12:53:00-04:00,47.455,47.51,47.395,47.42,47.42,34963
2025-10-01T12:54:00-04:00,47.42,47.42,47.3,47.405,47.405,27628
2025-10-01T12:55:00-04:00,47.42,47.46,47.36,47.38,47.38,27535
2025-10-01T12:56:00-04:00,47.39,47.48,47.39,47.475,47.475,37725
2025-10-01T12:57:00-04:00,47.49,47.49,47.4,47.435,47.435,33414
2025-10-01T12:58:00-04:00,47.4499,47.4499,47.34,47.39,47.39,24162
2025-10-01T12:59:00-04:00,47.41,47.51,47.41,47.48,47.48,30983
2025-10-01T13:00:00-04:00,47.5,47.5867,47.466,47.55,47.55,74822
2025-10-01T13:01:00-04:00,47.565,47.59,47.366,47.42,47.42,35097
2025-10-01T13:02:00-04:00,47.4169,47.5099,47.4169,47.47,47.47,20554
2025-10-01T13:03:00-04:00,47.47,47.4764,47.36,47.465,47.465,41015
2025-10-01T13:04:00-04:00,47.46,47.5,47.43,47.4746,47.4746,21647
2025-10-01T13:05:00-04:00,47.49,47.53,47.455,47.5,47.5,32625
2025-10-01T13:06:00-04:00,47.51,47.55,47.41,47.42,47.42,32581
2025-10-01T13:07:00-04:00,47.4,47.43,47.3494,47.385,47.385,21680
2025-10-01T13:08:00-04:00,47.39,47.4,47.15,47.235,47.235,47556
2025-10-01T13:09:00-04:00,47.24,47.2599,47.14,47.16,47.16,34649
2025-10-01T13:10:00-04:00,47.155,47.25,47.155,47.24,47.24,25328
2025-10-01T13:11:00-04:00,47.23,47.325,47.2,47.325,47.325,45437
2025-10-01T13:12:00-04:00,47.34,47.38,47.32,47.37,47.37,18013
2025-10-01T13:13:00-04:00,47.36,47.41,47.335,47.37,47.37,20205
2025-10-01T13:14:00-04:00,47.385,47.385,47.2601,47.3412,47.3412,21038
2025-10-01T13:15:00-04:00,47.35,47.37,47.3,47.3273,47.3273,19864
2025-10-01T13:16:00-04:00,47.34,47.41,47.33,47.35,47.35,31109
2025-10-01T13:17:00-04:00,47.36,47.46,47.36,47.39,47.39,31581
2025-10-01T13:18:00-04:00,47.3819,47.3851,47.31,47.33,47.33,18829
2025-10-01T13:19:00-04:00,47.33,47.415,47.33,47.38,47.38,14245
2025-10-01T13:20:00-04:00,47.36,47.52,47.31,47.52,47.52,50181
2025-10-01T13:21:00-04:00,47.5,47.63,47.5,47.63,47.63,64738
2025-10-01T13:22:00-04:00,47.639,47.695,47.639,47.665,47.665,55590
2025-10-01T13:23:00-04:00,47.6672,47.73,47.59,47.65,47.65,59131
2025-10-01T13:24:00-04:00,47.65,47.65,47.4651,47.503,47.503,57375
2025-10-01T13:25:00-04:00,47.53,47.545,47.45,47.539,47.539,28873
2025-10-01T13:26:00-04:00,47.53,47.53,47.37,47.42,47.42,60716
2025-10-01T13:27:00-04:00,47.405,47.49,47.39,47.446,47.446,25846
2025-10-01T13:28:00-04:00,47.45,47.52,47.45,47.51,47.51,39843
2025-10-01T13:29:00-04:00,47.51,47.525,47.32,47.34,47.34,24213
2025-10-01T13:30:00-04:00,47.36,47.39,47.21,47.24,47.24,33743
2025-10-01T13:31:00-04:00,47.2346,47.2346,47.0315,47.05,47.05,67191
2025-10-01T13:32:00-04:00,47.045,47.11,47.01,47.11,47.11,29823
2025-10-01T13:33:00-04:00,47.1,47.195,47.09,47.17,47.17,91591
2025-10-01T13:34:00-04:00,47.17,47.21,47.13,47.18,47.18,68047
2025-10-01T13:35:00-04:00,47.2,47.215,47.08,47.175,47.175,30925
2025-10-01T13:36:00-04:00,47.175,47.2,47.04,47.04,47.04,29754
2025-10-01T13:37:00-04:00,47.035,47.06,46.88,46.8909,46.8909,66893
2025-10-01T13:38:00-04:00,46.8926,46.9197,46.775,46.87,46.87,91977
2025-10-01T13:39:00-04:00,46.8648,46.94,46.84,46.93,46.93,45888
2025-10-01T13:40:00-04:00,46.94,46.95,46.8002,46.8501,46.8501,40328
2025-10-01T13:41:00-04:00,46.85,46.86,46.7522,46.805,46.805,60236
2025-10-01T13:42:00-04:00,46.8063,46.8299,46.75,46.775,46.775,58117
2025-10-01T13:43:00-04:00,46.775,46.791,46.62,46.765,46.765,52378
2025-10-01T13:44:00-04:00,46.75,46.79,46.715,46.78,46.78,50356
2025-10-01T13:45:00-04:00,46.79,46.79,46.65,46.69,46.69,90294
2025-10-01T13:46:00-04:00,46.7,46.7449,46.56,46.6291,46.6291,56594
2025-10-01T13:47:00-04:00,46.66,46.73,46.61,46.73,46.73,29992
2025-10-01T13:48:00-04:00,46.729,46.729,46.62,46.63,46.63,51322
2025-10-01T13:49:00-04:00,46.63,46.68,46.56,46.62,46.62,74888
2025-10-01T13:50:00-04:00,46.62,46.6378,46.54,46.59,46.59,42743
2025-10-01T13:51:00-04:00,46.58,46.6124,46.48,46.535,46.535,56100
2025-10-01T13:52:00-04:00,46.53,46.53,46.25,46.28,46.28,90069
2025-10-01T13:53:00-04:00,46.28,46.4,46.24,46.37,46.37,74356
2025-10-01T13:54:00-04:00,46.37,46.43,46.33,46.3956,46.3956,45743
2025-10-01T13:55:00-04:00,46.41,46.44,46.34,46.423,46.423,48034
2025-10-01T13:56:00-04:00,46.41,46.45,46.275,46.275,46.275,45318
2025-10-01T13:57:00-04:00,46.2809,46.4,46.25,46.4,46.4,57157
2025-10-01T13:58:00-04:00,46.41,46.445,46.32,46.375,46.375,52331
2025-10-01T13:59:00-04:00,46.375,46.52,46.295,46.515,46.515,49452
2025-10-01T14:00:00-04:00,46.5212,46.595,46.465,46.5107,46.5107,71627
2025-10-01T14:01:00-04:00,46.53,46.57,46.4007,46.505,46.505,43268
2025-10-01T14:02:00-04:00,46.51,46.525,46.3001,46.3001,46.3001,51418
2025-10-01T14:03:00-04:00,46.34,46.41,46.31,46.38,46.38,41499
2025-10-01T14:04:00-04:00,46.395,46.42,46.35,46.39,46.39,35203
2025-10-01T14:05:00-04:00,46.395,46.5374,46.39,46.49,46.49,32643
2025-10-01T14:06:00-04:00,46.49,46.49,46.37,46.39,46.39,36577
2025-10-01T14:07:00-04:00,46.38,46.38,46.22,46.2601,46.2601,85745
2025-10-01T14:08:00-04:00,46.27,46.3,46.21,46.29,46.29,40286
2025-10-01T14:09:00-04:00,46.29,46.46,46.27,46.425,46.425,55719
2025-10-01T14:10:00-04:00,46.43,46.5301,46.37,46.3846,46.3846,66340
2025-10-01T14:11:00-04:00,46.3854,46.3907,46.26,46.339,46.339,37363
2025-10-01T14:12:00-04:00,46.32,46.325,46.24,46.31,46.31,50834
2025-10-01T14:13:00-04:00,46.3103,46.515,46.31,46.45,46.45,44426
2025-10-01T14:14:00-04:00,46.47,46.51,46.43,46.43,46.43,32785
2025-10-01T14:15:00-04:00,46.42,46.42,46.27,46.33,46.33,28748
2025-10-01T14:16:00-04:00,46.33,46.38,46.28,46.36,46.36,57482
2025-10-01T14:17:00-04:00,46.37,46.45,46.32,46.36,46.36,23762
2025-10-01T14:18:00-04:00,46.3697,46.375,46.19,46.24,46.24,71450
2025-10-01T14:19:00-04:00,46.24,46.2901,46.23,46.25,46.25,35531
2025-10-01T14:20:00-04:00,46.255,46.29,46.22,46.24,46.24,42826
2025-10-01T14:21:00-04:00,46.24,46.255,46.13,46.19,46.19,65886
2025-10-01T14:22:00-04:00,46.19,46.19,46.1,46.14,46.14,61352
2025-10-01T14:23:00-04:00,46.155,46.22,46.085,46.205,46.205,54683
2025-10-01T14:24:00-04:00,46.22,46.26,46.16,46.24,46.24,25688
2025-10-01T14:25:00-04:00,46.245,46.4186,46.245,46.31,46.31,58397
2025-10-01T14:26:00-04:00,46.325,46.35,46.24,46.245,46.245,19997
2025-10-01T14:27:00-04:00,46.255,46.29,46.1777,46.21,46.21,28611
2025-10-01T14:28:00-04:00,46.22,46.25,46.16,46.21,46.21,27121
2025-10-01T14:29:00-04:00,46.211,46.2191,46.155,46.19,46.19,31870
2025-10-01T14:30:00-04:00,46.178,46.3696,46.1638,46.35,46.35,37497
2025-10-01T14:31:00-04:00,46.355,46.47,46.33,46.3578,46.3578,74978
2025-10-01T14:32:00-04:00,46.36,46.36,46.14,46.17,46.17,48810
2025-10-01T14:33:00-04:00,46.17,46.19,46.11,46.155,46.155,60712
2025-10-01T14:34:00-04:00,46.17,46.209,46.14,46.15,46.15,34313
2025-10-01T14:35:00-04:00,46.1578,46.28,46.11,46.28,46.28,32571
2025-10-01T14:36:00-04:00,46.29,46.3,46.1935,46.26,46.26,39823
2025-10-01T14:37:00-04:00,46.25,46.26,46.16,46.23,46.23,35429
2025-10-01T14:38:00-04:00,46.25,46.28,46.21,46.2714,46.2714,23217
2025-10-01T14:39:00-04:00,46.27,46.27,46.17,46.18,46.18,35754
2025-10-01T14:40:00-04:00,46.19,46.25,46.1351,46.19,46.19,44865
2025-10-01T14:41:00-04:00,46.1901,46.1901,45.93,46.01,46.01,144682
2025-10-01T14:42:00-04:00,46.005,46.05,45.95,46.05,46.05,77175
2025-10-01T14:43:00-04:00,46.0303,46.1299,46.0303,46.095,46.095,51686
2025-10-01T14:44:00-04:00,46.11,46.127,46.051,46.127,46.127,21839
2025-10-01T14:45:00-04:00,46.1197,46.13,46.06,46.09,46.09,31553
2025-10-01T14:46:00-04:00,46.1,46.15,46.055,46.07,46.07,27104
2025-10-01T14:47:00-04:00,46.07,46.24,46.07,46.165,46.165,45953
2025-10-01T14:48:00-04:00,46.16,46.17,46.07,46.09,46.09,51208
2025-10-01T14:49:00-04:00,46.09,46.135,46.04,46.0786,46.0786,36074
2025-10-01T14:50:00-04:00,46.05,46.13,46.05,46.0764,46.0764,36921
2025-10-01T14:51:00-04:00,46.08,46.1,46.023,46.03,46.03,20022
2025-10-01T14:52:00-04:00,46.03,46.33,46.03,46.26,46.26,68899
2025-10-01T14:53:00-04:00,46.2619,46.3852,46.24,46.37,46.37,65733
2025-10-01T14:54:00-04:00,46.37,46.38,46.16,46.21,46.21,73441
2025-10-01T14:55:00-04:00,46.2,46.23,46.1,46.1499,46.1499,32996
2025-10-01T14:56:00-04:00,46.1386,46.19,46.0955,46.13,46.13,21081
2025-10-01T14:57:00-04:00,46.125,46.18,46.1009,46.17,46.17,19447
2025-10-01T14:58:00-04:00,46.17,46.18,46.1,46.1,46.1,17382
2025-10-01T14:59:00-04:00,46.11,46.24,46.11,46.21,46.21,35749
2025-10-01T15:00:00-04:00,46.22,46.26,46.17,46.25,46.25,29807
2025-10-01T15:01:00-04:00,46.25,46.35,46.2302,46.33,46.33,42508
2025-10-01T15:02:00-04:00,46.34,46.5,46.3365,46.48,46.48,78669
2025-10-01T15:03:00-04:00,46.485,46.5,46.43,46.4364,46.4364,69020
2025-10-01T15:04:00-04:00,46.435,46.49,46.43,46.47,46.47,53070
2025-10-01T15:05:00-04:00,46.47,46.48,46.42,46.44,46.44,43330
2025-10-01T15:06:00-04:00,46.45,46.5,46.4189,46.42,46.42,34725
2025-10-01T15:07:00-04:00,46.4187,46.53,46.415,46.5,46.5,40455
2025-10-01T15:08:00-04:00,46.5,46.5,46.44,46.48,46.48,38264
2025-10-01T15:09:00-04:00,46.48,46.64,46.48,46.6241,46.6241,48132
2025-10-01T15:10:00-04:00,46.648,46.69,46.58,46.63,46.63,70259
2025-10-01T15:11:00-04:00,46.625,46.63,46.52,46.52,46.52,26057
2025-10-01T15:12:00-04:00,46.5162,46.555,46.49,46.525,46.525,33167
2025-10-01T15:13:00-04:00,46.5206,46.55,46.4901,46.5311,46.5311,42233
2025-10-01T15:14:00-04:00,46.535,46.5393,46.451,46.47,46.47,28742
2025-10-01T15:15:00-04:00,46.45,46.535,46.45,46.535,46.535,30809
2025-10-01T15:16:00-04:00,46.53,46.575,46.5201,46.56,46.56,32340
2025-10-01T15:17:00-04:00,46.5655,46.65,46.555,46.63,46.63,38149
2025-10-01T15:18:00-04:00,46.62,46.75,46.61,46.74,46.74,38167
2025-10-01T15:19:00-04:00,46.76,46.775,46.67,46.68,46.68,59310
2025-10-01T15:20:00-04:00,46.6901,46.755,46.6848,46.73,46.73,53979
2025-10-01T15:21:00-04:00,46.73,46.73,46.6601,46.68,46.68,56067
2025-10-01T15:22:00-04:00,46.68,46.73,46.63,46.73,46.73,32526
2025-10-01T15:23:00-04:00,46.73,46.7582,46.67,46.735,46.735,34161
2025-10-01T15:24:00-04:00,46.735,46.7699,46.68,46.68,46.68,28722
2025-10-01T15:25:00-04:00,46.68,46.765,46.66,46.7218,46.7218,19959
2025-10-01T15:26:00-04:00,46.73,46.8,46.73,46.79,46.79,38634
2025-10-01T15:27:00-04:00,46.79,46.8,46.745,46.75,46.75,26294
2025-10-01T15:28:00-04:00,46.77,46.785,46.725,46.767,46.767,23308
2025-10-01T15:29:00-04:00,46.765,46.79,46.72,46.73,46.73,48364
2025-10-01T15:30:00-04:00,46.735,46.82,46.68,46.8,46.8,39912
2025-10-01T15:31:00-04:00,46.805,46.82,46.75,46.775,46.775,38141
2025-10-01T15:32:00-04:00,46.775,46.805,46.705,46.735,46.735,41590
2025-10-01T15:33:00-04:00,46.7307,46.87,46.7307,46.87,46.87,50422
2025-10-01T15:34:00-04:00,46.875,46.93,46.865,46.8981,46.8981,77596
2025-10-01T15:35:00-04:00,46.9,46.9,46.835,46.86,46.86,65091
2025-10-01T15:36:00-04:00,46.85,46.86,46.8,46.83,46.83,26216
2025-10-01T15:37:00-04:00,46.83,46.8364,46.6787,46.6953,46.6953,83665
2025-10-01T15:38:00-04:00,46.69,46.777,46.68,46.77,46.77,106325
2025-10-01T15:39:00-04:00,46.77,46.82,46.73,46.75,46.75,35316
2025-10-01T15:40:00-04:00,46.74,46.8,46.725,46.79,46.79,40663
2025-10-01T15:41:00-04:00,46.7869,46.8,46.71,46.73,46.73,40146
2025-10-01T15:42:00-04:00,46.74,46.89,46.74,46.88,46.88,76570
2025-10-01T15:43:00-04:00,46.88,46.9,46.835,46.875,46.875,46938
2025-10-01T15:44:00-04:00,46.87,46.92,46.865,46.915,46.915,61513
2025-10-01T15:45:00-04:00,46.91,46.99,46.905,46.98,46.98,61320
2025-10-01T15:46:00-04:00,46.975,47.01,46.91,46.93,46.93,77580
2025-10-01T15:47:00-04:00,46.92,46.945,46.905,46.945,46.945,47774
2025-10-01T15:48:00-04:00,46.945,47.03,46.945,47.0232,47.0232,54642
2025-10-01T15:49:00-04:00,47.025,47.0599,47.0001,47.05,47.05,60323
2025-10-01T15:50:00-04:00,47.05,47.06,46.83,46.9,46.9,90206
2025-10-01T15:51:00-04:00,46.9,46.99,46.885,46.965,46.965,58350
2025-10-01T15:52:00-04:00,46.965,46.99,46.91,46.915,46.915,112476
2025-10-01T15:53:00-04:00,46.92,46.945,46.75,46.92,46.92,197764
2025-10-01T15:54:00-04:00,46.93,46.93,46.86,46.9,46.9,95742
2025-10-01T15:55:00-04:00,46.89,46.92,46.81,46.91,46.91,121957
2025-10-01T15:56:00-04:00,46.905,46.95,46.88,46.9374,46.9374,118732
2025-10-01T15:57:00-04:00,46.94,47.05,46.928,47.04,47.04,136058
2025-10-01T15:58:00-04:00,47.045,47.05,47.015,47.04,47.04,126265
2025-10-01T15:59:00-04:00,47.045,47.095,47.03,47.085,47.085,190531
2025-10-01T16:00:00-04:00,47.08,47.08,47,47.07,47.07,7957
2025-10-01T16:01:00-04:00,47,47,46.8,46.8,46.8,4196
2025-10-01T16:02:00-04:00,46.79,46.79,46.7,46.789,46.789,1966
2025-10-01T16:03:00-04:00,46.71,46.74,46.702,46.74,46.74,694
2025-10-01T16:05:00-04:00,46.8,46.93,46.8,46.8,46.8,80176
2025-10-01T16:06:00-04:00,46.8,46.99,46.8,46.99,46.99,1737
2025-10-01T16:07:00-04:00,47,47.02,47,47.02,47.02,732
2025-10-01T16:08:00-04:00,47.0185,47.02,47,47,47,7989
2025-10-01T16:09:00-04:00,47,47.0025,46.94,46.94,46.94,4710
2025-10-01T16:10:00-04:00,46.8001,46.8001,46.8001,46.8001,46.8001,619
2025-10-01T16:11:00-04:00,46.84,46.84,46.82,46.82,46.82,480
2025-10-01T16:12:00-04:00,46.85,46.95,46.84,46.94,46.94,4540
2025-10-01T16:13:00-04:00,46.95,47,46.95,47,47,1782
2025-10-01T16:14:00-04:00,46.95,46.95,46.95,46.95,46.95,361
2025-10-01T16:15:00-04:00,46.89,46.92,46.89,46.92,46.92,1519
2025-10-01T16:16:00-04:00,46.94,46.94,46.94,46.94,46.94,259
2025-10-01T16:17:00-04:00,46.94,46.94,46.9355,46.94,46.94,368
2025-10-01T16:18:00-04:00,46.92,46.92,46.86,46.91,46.91,4493
2025-10-01T16:19:00-04:00,46.86,46.86,46.86,46.86,46.86,283
2025-10-01T16:20:00-04:00,46.87,46.94,46.87,46.94,46.94,1435
2025-10-01T16:21:00-04:00,46.94,46.94,46.94,46.94,46.94,605
2025-10-01T16:22:00-04:00,46.95,46.9519,46.9499,46.9519,46.9519,1879
2025-10-01T16:23:00-04:00,46.99,47.01,46.9825,47.01,47.01,5664
2025-10-01T16:24:00-04:00,47,47,47,47,47,1940
2025-10-01T16:25:00-04:00,46.93,46.93,46.93,46.93,46.93,386
2025-10-01T16:26:00-04:00,46.9307,46.9307,46.9307,46.9307,46.9307,1745
2025-10-01T16:27:00-04:00,47,47,47,47,47,378
2025-10-01T16:29:00-04:00,46.95,46.99,46.95,46.95,46.95,3659
2025-10-01T16:30:00-04:00,46.99,47,46.99,47,47,1188
2025-10-01T16:32:00-04:00,47,47,46.9937,47,47,1532
2025-10-01T16:33:00-04:00,47.01,47.0291,47.0099,47.0291,47.0291,1474
2025-10-01T16:34:00-04:00,47.03,47.03,47.03,47.03,47.03,563
2025-10-01T16:35:00-04:00,47.03,47.03,47,47,47,708
2025-10-01T16:36:00-04:00,47.05,47.05,47.04,47.04,47.04,370
2025-10-01T16:38:00-04:00,47,47,47,47,47,576
2025-10-01T16:39:00-04:00,47,47,47,47,47,180
2025-10-01T16:41:00-04:00,47,47,47,47,47,1327
2025-10-01T16:42:00-04:00,46.99,46.99,46.95,46.95,46.95,3034
2025-10-01T16:43:00-04:00,46.95,46.95,46.95,46.95,46.95,154
2025-10-01T16:44:00-04:00,46.9601,47,46.96,47,47,5541
2025-10-01T16:46:00-04:00,46.96,46.96,46.93,46.93,46.93,1495
2025-10-01T16:47:00-04:00,46.89,46.89,46.89,46.89,46.89,730
2025-10-01T16:48:00-04:00,46.9589,46.9589,46.9589,46.9589,46.9589,291
2025-10-01T16:49:00-04:00,46.8682,46.89,46.8608,46.8608,46.8608,11365
2025-10-01T16:50:00-04:00,46.86,46.96,46.86,46.95,46.95,1295
2025-10-01T16:52:00-04:00,46.96,46.96,46.95,46.95,46.95,475
2025-10-01T16:55:00-04:00,46.94,46.94,46.94,46.94,46.94,281
2025-10-01T16:56:00-04:00,46.94,46.94,46.94,46.94,46.94,226
2025-10-01T16:57:00-04:00,46.93,46.93,46.93,46.93,46.93,169
2025-10-01T16:58:00-04:00,46.93,46.9399,46.93,46.9399,46.9399,349
2025-10-01T17:00:00-04:00,46.93,46.93,46.93,46.93,46.93,511
2025-10-01T17:02:00-04:00,46.9003,46.9003,46.9003,46.9003,46.9003,519
2025-10-01T17:05:00-04:00,46.9199,46.9199,46.9199,46.9199,46.9199,3032
2025-10-01T17:06:00-04:00,46.92,46.92,46.92,46.92,46.92,2084
2025-10-01T17:08:00-04:00,46.91,46.91,46.91,46.91,46.91,1467
2025-10-01T17:09:00-04:00,46.94,46.94,46.94,46.94,46.94,424
2025-10-01T17:19:00-04:00,46.89,46.89,46.89,46.89,46.89,643
2025-10-01T17:20:00-04:00,46.9,46.9,46.89,46.89,46.89,1465
2025-10-01T17:29:00-04:00,46.89,46.89,46.89,46.89,46.89,342
2025-10-01T17:31:00-04:00,47.08,47.08,46.89,46.89,46.89,698503
2025-10-01T17:37:00-04:00,46.91,46.91,46.89,46.8998,46.8998,2207
2025-10-01T17:38:00-04:00,46.89,46.89,46.8611,46.8611,46.8611,898
2025-10-01T17:39:00-04:00,46.8999,46.92,46.89,46.92,46.92,1140
2025-10-01T17:44:00-04:00,46.8994,46.8994,46.8994,46.8994,46.8994,1297
2025-10-01T17:45:00-04:00,46.88,46.88,46.88,46.88,46.88,282
2025-10-01T17:46:00-04:00,46.87,46.87,46.87,46.87,46.87,279
2025-10-01T17:49:00-04:00,46.87,46.87,46.87,46.87,46.87,306
2025-10-01T17:50:00-04:00,46.87,46.87,46.87,46.87,46.87,230
2025-10-01T17:51:00-04:00,46.89,46.89,46.89,46.89,46.89,268
2025-10-01T17:52:00-04:00,46.8715,46.88,46.8701,46.88,46.88,355
2025-10-01T17:53:00-04:00,46.8898,46.8898,46.8892,46.8892,46.8892,406
2025-10-01T17:55:00-04:00,46.89,46.9,46.88,46.89,46.89,952
2025-10-01T17:57:00-04:00,46.88,46.88,46.88,46.88,46.88,243
2025-10-01T17:58:00-04:00,46.8997,46.8997,46.8997,46.8997,46.8997,322
2025-10-01T17:59:00-04:00,46.88,46.88,46.88,46.88,46.88,643
2025-10-01T18:00:00-04:00,46.9,46.9,46.8965,46.8965,46.8965,1029
2025-10-01T18:02:00-04:00,46.89,46.9,46.89,46.9,46.9,2959
2025-10-01T18:03:00-04:00,46.92,46.92,46.92,46.92,46.92,277
2025-10-01T18:05:00-04:00,46.89,46.91,46.89,46.91,46.91,696
2025-10-01T18:08:00-04:00,46.98,46.98,46.98,46.98,46.98,824
2025-10-01T18:10:00-04:00,46.98,46.98,46.96,46.96,46.96,657
2025-10-01T18:11:00-04:00,46.95,46.95,46.95,46.95,46.95,368
2025-10-01T18:13:00-04:00,46.9499,46.9499,46.9499,46.9499,46.9499,343
2025-10-01T18:15:00-04:00,46.94,46.94,46.94,46.94,46.94,248
2025-10-01T18:17:00-04:00,46.94,46.94,46.94,46.94,46.94,242
2025-10-01T18:19:00-04:00,46.95,46.99,46.95,46.99,46.99,423
2025-10-01T18:20:00-04:00,46.95,46.98,46.95,46.98,46.98,509
2025-10-01T18:24:00-04:00,46.97,46.99,46.97,46.99,46.99,738
2025-10-01T18:25:00-04:00,46.99,46.99,46.99,46.99,46.99,582
2025-10-01T18:26:00-04:00,46.98,46.98,46.98,46.98,46.98,463
2025-10-01T18:27:00-04:00,47,47.02,47,47.02,47.02,6349
2025-10-01T18:28:00-04:00,46.977,46.977,46.977,46.977,46.977,260
2025-10-01T18:29:00-04:00,47.01,47.01,47.01,47.01,47.01,349
2025-10-01T18:30:00-04:00,47.0003,47.0003,47.0003,47.0003,47.0003,390
2025-10-01T18:31:00-04:00,47.04,47.05,47.04,47.05,47.05,1595
2025-10-01T18:32:00-04:00,47.0783,47.0783,47.0783,47.0783,47.0783,1474
2025-10-01T18:33:00-04:00,47.0506,47.0506,47.05,47.05,47.05,716
2025-10-01T18:34:00-04:00,47.08,47.08,47.08,47.08,47.08,577
2025-10-01T18:35:00-04:00,47.08,47.08,47.08,47.08,47.08,419
2025-10-01T18:36:00-04:00,47.08,47.08,47.08,47.08,47.08,1264
2025-10-01T18:37:00-04:00,47.08,47.08,46.9868,46.9868,46.9868,1856
2025-10-01T18:40:00-04:00,46.98,46.98,46.98,46.98,46.98,266
2025-10-01T18:41:00-04:00,46.97,46.97,46.97,46.97,46.97,1331
2025-10-01T18:42:00-04:00,47,47,47,47,47,183
2025-10-01T18:43:00-04:00,47.07,47.08,47.07,47.08,47.08,855
2025-10-01T18:44:00-04:00,47.08,47.09,47.08,47.09,47.09,372
2025-10-01T18:45:00-04:00,47.07,47.07,47.0122,47.0122,47.0122,376
2025-10-01T18:47:00-04:00,47.0113,47.0113,47.0113,47.0113,47.0113,1044
2025-10-01T18:48:00-04:00,47.01,47.01,46.97,47.01,47.01,986
2025-10-01T18:52:00-04:00,47.01,47.02,47.01,47.02,47.02,634
2025-10-01T18:53:00-04:00,47.02,47.03,47.02,47.03,47.03,523
2025-10-01T18:54:00-04:00,47.03,47.05,47.03,47.05,47.05,778
2025-10-01T18:55:00-04:00,47.0022,47.0022,47.0022,47.0022,47.0022,213
2025-10-01T18:56:00-04:00,47.05,47.05,47.05,47.05,47.05,335
2025-10-01T18:57:00-04:00,47.0332,47.05,47.0048,47.05,47.05,821
2025-10-01T18:58:00-04:00,47.05,47.05,47.02,47.02,47.02,400
2025-10-01T19:02:00-04:00,47.04,47.04,47.04,47.04,47.04,611
2025-10-01T19:03:00-04:00,47.04,47.04,47,47,47,665
2025-10-01T19:04:00-04:00,47,47,47,47,47,1202
2025-10-01T19:06:00-04:00,46.97,46.97,46.97,46.97,46.97,1597
2025-10-01T19:07:00-04:00,46.97,46.97,46.97,46.97,46.97,206
2025-10-01T19:08:00-04:00,46.95,46.95,46.95,46.95,46.95,387
2025-10-01T19:13:00-04:00,46.97,46.97,46.97,46.97,46.97,670
2025-10-01T19:14:00-04:00,46.95,46.9501,46.95,46.9501,46.9501,1690
2025-10-01T19:16:00-04:00,46.95,46.95,46.95,46.95,46.95,1882
2025-10-01T19:18:00-04:00,46.91,46.91,46.91,46.91,46.91,673
2025-10-01T19:19:00-04:00,46.95,47,46.95,47,47,695
2025-10-01T19:21:00-04:00,47,47,47,47,47,1216
2025-10-01T19:22:00-04:00,47,47,46.95,46.95,46.95,1734
2025-10-01T19:23:00-04:00,47,47.05,47,47.05,47.05,6522
2025-10-01T19:24:00-04:00,47.05,47.05,47.0499,47.0499,47.0499,411
2025-10-01T19:26:00-04:00,47.02,47.02,47.02,47.02,47.02,375
2025-10-01T19:27:00-04:00,46.9995,46.9995,46.98,46.98,46.98,1324
2025-10-01T19:30:00-04:00,46.96,46.96,46.96,46.96,46.96,206
2025-10-01T19:33:00-04:00,46.99,46.99,46.99,46.99,46.99,570
2025-10-01T19:35:00-04:00,46.99,46.99,46.99,46.99,46.99,156
2025-10-01T19:38:00-04:00,47,47,47,47,47,2263
2025-10-01T19:39:00-04:00,47,47.05,47,47.05,47.05,842
2025-10-01T19:40:00-04:00,47.08,47.08,47.05,47.05,47.05,484
2025-10-01T19:41:00-04:00,47.08,47.08,47.05,47.05,47.05,1319
2025-10-01T19:42:00-04:00,47.08,47.08,47.08,47.08,47.08,590
2025-10-01T19:43:00-04:00,47.08,47.08,46.987,46.987,46.987,619
2025-10-01T19:45:00-04:00,47.07,47.07,46.9846,46.9846,46.9846,1275
2025-10-01T19:46:00-04:00,47.077,47.08,47.07,47.08,47.08,1181
2025-10-01T19:47:00-04:00,47.0875,47.0875,46.98,46.98,46.98,321
2025-10-01T19:48:00-04:00,47.06,47.06,47.0414,47.0414,47.0414,386
2025-10-01T19:49:00-04:00,47.05,47.09,47.04,47.04,47.04,3117
2025-10-01T19:50:00-04:00,47.1,47.1,47.1,47.1,47.1,347
2025-10-01T19:51:00-04:00,47.0972,47.0972,47.01,47.01,47.01,416
2025-10-01T19:52:00-04:00,47,47.096,47,47.096,47.096,1162
2025-10-01T19:54:00-04:00,47.0025,47.02,47.0025,47.02,47.02,549
2025-10-01T19:55:00-04:00,47.02,47.0838,47.02,47.0838,47.0838,788
2025-10-01T19:56:00-04:00,47.08,47.1,47.055,47.055,47.055,6905
2025-10-01T19:59:00-04:00,47.1,47.1,47.0999,47.1,47.1,2676
